mean_fit_time	std_fit_time	param_C	param_l1_ratio	mean_test_score	std_test_score	rank_test_score
79.41401529312134	21.953673925137238	0.05	0	0.09042705640398337	0.030169969404221966	7
139.61616929372153	54.02723194120888	0.05	1	0.052120765414698934	0.011597968662062605	8
127.51025724411011	58.77090433244617	1.0	0	0.1393731615522927	0.05032390387612245	6
1262.052657842636	437.8986324595171	1.0	1	0.16503600391037623	0.060861837920837214	1
220.25322286287943	86.32612159830528	10.0	0	0.15714291989596432	0.0626300415967247	2
2615.669984181722	338.0895920969441	10.0	1	0.14663767936018537	0.06573437577939314	4
577.1796974341074	73.33739494964288	500.0	0	0.14804940565092764	0.06446504877225452	3
4497.410406033198	153.4140389621903	500.0	1	0.1428783667313105	0.06472304187543526	5
