mean_fit_time	std_fit_time	param_C	param_l1_ratio	mean_test_score	std_test_score	rank_test_score
10.063122987747192	0.8798089056844657	0.05	0	0.1431941857727625	0.007066218476157743	7
18.041855494181316	8.52768418242511	0.05	1	0.12897271574235897	0.007514260187904553	8
31.898892958958943	4.451700884159792	1.0	0	0.21171013275241812	0.025242255221426705	6
744.8062038421631	92.76163362933497	1.0	1	0.25674585275871303	0.03567154236796786	3
58.915043910344444	5.187781149353202	10.0	0	0.26262127226793336	0.03454900073111758	1
2356.359390894572	76.72808527505653	10.0	1	0.2591857763228388	0.03369063082488889	2
104.5731372833252	2.6913060571835254	500.0	0	0.2531540094827889	0.033596761766276705	4
2593.7451861699424	273.36444884782355	500.0	1	0.25183804255869907	0.03425265827684684	5
