mean_fit_time	std_fit_time	param_C	param_l1_ratio	mean_test_score	std_test_score	rank_test_score
7.769837141036987	0.1365009083503545	0.05	0	0.08219452601482995	0.021678958663502983	7
25.33405868212382	0.9996653742389416	0.05	1	0.05945273456709269	0.016734138099145965	8
32.15405241648356	1.6554124445221858	1.0	0	0.12391784054929389	0.015601296345955171	6
623.2811733086904	7.343592498587341	1.0	1	0.1552983501669556	0.02233924739144405	5
60.51584013303121	2.7640780804909966	10.0	0	0.1691474493928191	0.024134334665325274	4
2178.7788022359214	299.4515366024805	10.0	1	0.1765493306346484	0.024022882186026533	1
98.41422112782796	0.984556676480794	500.0	0	0.1754851299318209	0.023676080715932742	2
1786.2528266906738	324.6091924348707	500.0	1	0.17238565093321637	0.022200330728299134	3
