cluster_id	sequence_id	start	end	tax_id	database	merged	blast_status	domain	phylum	class	order	family	genus	species	length	pul_length_sum	percentage_in_puls	origin
PUL0216_PUL0445	AB011415	1	14738	28214	dbcan	merged	false								14852	14737	99.22569350929167	experimental
cblaster_27819	ABJL02000008	57189	61571	329854	cblaster	merged	false	Bacteria	Bacteroidota	Bacteroidia	Bacteroidales	Bacteroidaceae	Bacteroides	Bacteroides intestinalis	3472993	136289	3.924252078826534	experimental
PUL0794	ABJL02000008	835017	876949	329854	dbcan		false	Bacteria	Bacteroidota	Bacteroidia	Bacteroidales	Bacteroidaceae	Bacteroides	Bacteroides intestinalis	3472993	136289	3.924252078826534	experimental
cblaster_PUL0533	ABJL02000008	888953	910988	329854	cblaster	merged	false	Bacteria	Bacteroidota	Bacteroidia	Bacteroidales	Bacteroidaceae	Bacteroides	Bacteroides intestinalis	3472993	136289	3.924252078826534	experimental
28_PUL0345_cblaster_PUL0262	ABJL02000008	2467545	2530030	329854	puldb_dbcan_cblaster	merged	false	Bacteria	Bacteroidota	Bacteroidia	Bacteroidales	Bacteroidaceae	Bacteroides	Bacteroides intestinalis	3472993	136289	3.924252078826534	experimental
cblaster_245	ABJL02000008	3442803	3448258	329854	cblaster	merged	false	Bacteria	Bacteroidota	Bacteroidia	Bacteroidales	Bacteroidaceae	Bacteroides	Bacteroides intestinalis	3472993	136289	3.924252078826534	experimental
cblaster_PUL0016	AE005176	418875	423592	1360	cblaster		false	Bacteria	Bacillota	Bacilli	Lactobacillales	Streptococcaceae	Lactococcus	Lactococcus lactis	2365589	34349	1.4520273809186635	experimental
cblaster_PUL0520_cblaster_PUL0402	AE005176	1543237	1551460	1360	cblaster	merged	false	Bacteria	Bacillota	Bacilli	Lactobacillales	Streptococcaceae	Lactococcus	Lactococcus lactis	2365589	34349	1.4520273809186635	experimental
cblaster_PUL0520_cblaster_PUL0402	AE005176	1543237	1551460	1360	cblaster	merged	false	Bacteria	Bacillota	Bacilli	Lactobacillales	Streptococcaceae	Lactococcus	Lactococcus lactis	2365589	34349	1.4520273809186635	experimental
PUL0168	AE005176	2053080	2066266	1360	dbcan		false	Bacteria	Bacillota	Bacilli	Lactobacillales	Streptococcaceae	Lactococcus	Lactococcus lactis	2365589	34349	1.4520273809186635	experimental
PUL0571	AE006468	1390110	1397061	28901	dbcan		false	Bacteria	Pseudomonadota	Gammaproteobacteria	Enterobacterales	Enterobacteriaceae	Salmonella	Salmonella enterica	4857450	16282	0.3351964508126692	experimental
cblaster_PUL0410	AE006468	3500614	3509945	28901	cblaster		false	Bacteria	Pseudomonadota	Gammaproteobacteria	Enterobacterales	Enterobacteriaceae	Salmonella	Salmonella enterica	4857450	16282	0.3351964508126692	experimental
PUL0155	AE007870	11703	21103	1176649	dbcan		false	Bacteria	Pseudomonadota	Alphaproteobacteria	Rhizobiales	Rhizobiaceae	Agrobacterium	Agrobacterium fabrum	2075577	19447	0.9369442810360685	experimental
PUL0726	AE007870	302505	312552	1176649	dbcan		false	Bacteria	Pseudomonadota	Alphaproteobacteria	Rhizobiales	Rhizobiaceae	Agrobacterium	Agrobacterium fabrum	2075577	19447	0.9369442810360685	experimental
PUL0363	AE008922	150292	155526	340	dbcan		false	Bacteria	Pseudomonadota	Gammaproteobacteria	Xanthomonadales	Xanthomonadaceae	Xanthomonas	Xanthomonas campestris	5076188	112866	2.223440108995175	experimental
cblaster_PUL0702	AE008922	2024640	2042368	340	cblaster		false	Bacteria	Pseudomonadota	Gammaproteobacteria	Xanthomonadales	Xanthomonadaceae	Xanthomonas	Xanthomonas campestris	5076188	112866	2.223440108995175	experimental
cblaster_PUL0169	AE008922	2832163	2854388	340	cblaster		false	Bacteria	Pseudomonadota	Gammaproteobacteria	Xanthomonadales	Xanthomonadaceae	Xanthomonas	Xanthomonas campestris	5076188	112866	2.223440108995175	experimental
cblaster_PUL0719_PUL0365	AE008922	2926203	2941997	340	cblaster_dbcan	merged	false	Bacteria	Pseudomonadota	Gammaproteobacteria	Xanthomonadales	Xanthomonadaceae	Xanthomonas	Xanthomonas campestris	5076188	112866	2.223440108995175	experimental
PUL0211	AE008922	3414366	3434455	340	dbcan		false	Bacteria	Pseudomonadota	Gammaproteobacteria	Xanthomonadales	Xanthomonadaceae	Xanthomonas	Xanthomonas campestris	5076188	112866	2.223440108995175	experimental
PUL0362	AE008922	3996974	4004221	340	dbcan		false	Bacteria	Pseudomonadota	Gammaproteobacteria	Xanthomonadales	Xanthomonadaceae	Xanthomonas	Xanthomonas campestris	5076188	112866	2.223440108995175	experimental
PUL0387	AE008922	4057997	4068416	340	dbcan		false	Bacteria	Pseudomonadota	Gammaproteobacteria	Xanthomonadales	Xanthomonadaceae	Xanthomonas	Xanthomonas campestris	5076188	112866	2.223440108995175	experimental
PUL0364	AE008922	4895164	4909294	340	dbcan		false	Bacteria	Pseudomonadota	Gammaproteobacteria	Xanthomonadales	Xanthomonadaceae	Xanthomonas	Xanthomonas campestris	5076188	112866	2.223440108995175	experimental
PUL0031	AE014295	126816	130943	216816	dbcan		false	Bacteria	Actinomycetota	Actinomycetes	Actinomycetales	Bifidobacteriaceae	Bifidobacterium	Bifidobacterium longum	2256640	96704	4.285309132161089	experimental
cblaster_PUL0285	AE014295	1015666	1027327	216816	cblaster		false	Bacteria	Actinomycetota	Actinomycetes	Actinomycetales	Bifidobacteriaceae	Bifidobacterium	Bifidobacterium longum	2256640	96704	4.285309132161089	experimental
cblaster_PUL0297_cblaster_PUL0298_cblaster_PUL0283_PUL0367	AE014295	1165270	1177370	216816	cblaster_dbcan	merged	false	Bacteria	Actinomycetota	Actinomycetes	Actinomycetales	Bifidobacteriaceae	Bifidobacterium	Bifidobacterium longum	2256640	96704	4.285309132161089	experimental
cblaster_PUL0720	AE014295	1354873	1372084	216816	cblaster		false	Bacteria	Actinomycetota	Actinomycetes	Actinomycetales	Bifidobacteriaceae	Bifidobacterium	Bifidobacterium longum	2256640	96704	4.285309132161089	experimental
PUL0032	AE014295	1500956	1505431	216816	dbcan		false	Bacteria	Actinomycetota	Actinomycetes	Actinomycetales	Bifidobacteriaceae	Bifidobacterium	Bifidobacterium longum	2256640	96704	4.285309132161089	experimental
cblaster_PUL0232	AE014295	1692080	1699655	216816	cblaster		false	Bacteria	Actinomycetota	Actinomycetes	Actinomycetales	Bifidobacteriaceae	Bifidobacterium	Bifidobacterium longum	2256640	96704	4.285309132161089	experimental
cblaster_PUL0296	AE014295	1733290	1744564	216816	cblaster		false	Bacteria	Actinomycetota	Actinomycetes	Actinomycetales	Bifidobacteriaceae	Bifidobacterium	Bifidobacterium longum	2256640	96704	4.285309132161089	experimental
cblaster_PUL0300	AE014295	1787637	1806222	216816	cblaster		false	Bacteria	Actinomycetota	Actinomycetes	Actinomycetales	Bifidobacteriaceae	Bifidobacterium	Bifidobacterium longum	2256640	96704	4.285309132161089	experimental
cblaster_PUL0576	AE014295	2047897	2057593	216816	cblaster		false	Bacteria	Actinomycetota	Actinomycetes	Actinomycetales	Bifidobacteriaceae	Bifidobacterium	Bifidobacterium longum	2256640	96704	4.285309132161089	experimental
27810	AE015928	21906	29011		puldb		false	Bacteria	Bacteroidota	Bacteroidia	Bacteroidales	Bacteroidaceae	Bacteroides	Bacteroides thetaiotaomicron	6260361	1940942	31.0036753471565	experimental
27811	AE015928	138333	151899		puldb		false	Bacteria	Bacteroidota	Bacteroidia	Bacteroidales	Bacteroidaceae	Bacteroides	Bacteroides thetaiotaomicron	6260361	1940942	31.0036753471565	experimental
27812_cblaster_257	AE015928	197238	212201		puldb_cblaster	merged	false	Bacteria	Bacteroidota	Bacteroidia	Bacteroidales	Bacteroidaceae	Bacteroides	Bacteroides thetaiotaomicron	6260361	1940942	31.0036753471565	experimental
27813	AE015928	221704	239311		puldb		false	Bacteria	Bacteroidota	Bacteroidia	Bacteroidales	Bacteroidaceae	Bacteroides	Bacteroides thetaiotaomicron	6260361	1940942	31.0036753471565	experimental
27814_PUL0560	AE015928	291568	341723	818	puldb_dbcan	merged	false	Bacteria	Bacteroidota	Bacteroidia	Bacteroidales	Bacteroidaceae	Bacteroides	Bacteroides thetaiotaomicron	6260361	1940942	31.0036753471565	experimental
27815	AE015928	381145	387947		puldb		false	Bacteria	Bacteroidota	Bacteroidia	Bacteroidales	Bacteroidaceae	Bacteroides	Bacteroides thetaiotaomicron	6260361	1940942	31.0036753471565	experimental
27816_PUL0302	AE015928	416722	456321	818	puldb_dbcan	merged	false	Bacteria	Bacteroidota	Bacteroidia	Bacteroidales	Bacteroidaceae	Bacteroides	Bacteroides thetaiotaomicron	6260361	1940942	31.0036753471565	experimental
27817_27818_27903_PUL0463_PUL0464_PUL0115	AE015928	519419	573833	818	puldb_dbcan_dbcan	merged	false	Bacteria	Bacteroidota	Bacteroidia	Bacteroidales	Bacteroidaceae	Bacteroides	Bacteroides thetaiotaomicron	6260361	1940942	31.0036753471565	experimental
27819	AE015928	594675	601171		puldb		false	Bacteria	Bacteroidota	Bacteroidia	Bacteroidales	Bacteroidaceae	Bacteroides	Bacteroides thetaiotaomicron	6260361	1940942	31.0036753471565	experimental
27904_PUL0116	AE015928	625800	630842	818	puldb_dbcan	merged	false	Bacteria	Bacteroidota	Bacteroidia	Bacteroidales	Bacteroidaceae	Bacteroides	Bacteroides thetaiotaomicron	6260361	1940942	31.0036753471565	experimental
27820_cblaster_278	AE015928	933484	946092		puldb_cblaster	merged	false	Bacteria	Bacteroidota	Bacteroidia	Bacteroidales	Bacteroidaceae	Bacteroides	Bacteroides thetaiotaomicron	6260361	1940942	31.0036753471565	experimental
27821_PUL0357	AE015928	1060861	1069345	818	puldb_dbcan	merged	false	Bacteria	Bacteroidota	Bacteroidia	Bacteroidales	Bacteroidaceae	Bacteroides	Bacteroides thetaiotaomicron	6260361	1940942	31.0036753471565	experimental
27898_27901_27822_27823_PUL0558_PUL0117_cblaster_PUL0791_cblaster_PUL0552	AE015928	1193776	1338010	818	puldb_dbcan_dbcan_cblaster_cblaster	merged	false	Bacteria	Bacteroidota	Bacteroidia	Bacteroidales	Bacteroidaceae	Bacteroides	Bacteroides thetaiotaomicron	6260361	1940942	31.0036753471565	experimental
27824	AE015928	1402593	1409293		puldb		false	Bacteria	Bacteroidota	Bacteroidia	Bacteroidales	Bacteroidaceae	Bacteroides	Bacteroides thetaiotaomicron	6260361	1940942	31.0036753471565	experimental
cblaster_242_PUL0415	AE015928	1516363	1528605		cblaster		false	Bacteria	Bacteroidota	Bacteroidia	Bacteroidales	Bacteroidaceae	Bacteroides	Bacteroides thetaiotaomicron	6260361	1940942	31.0036753471565	experimental
27825_PUL0465	AE015928	1587730	1601485	818	puldb_dbcan	merged	false	Bacteria	Bacteroidota	Bacteroidia	Bacteroidales	Bacteroidaceae	Bacteroides	Bacteroides thetaiotaomicron	6260361	1940942	31.0036753471565	experimental
27826_cblaster_247	AE015928	1768414	1775037		puldb_cblaster	merged	false	Bacteria	Bacteroidota	Bacteroidia	Bacteroidales	Bacteroidaceae	Bacteroides	Bacteroides thetaiotaomicron	6260361	1940942	31.0036753471565	experimental
27827	AE015928	1913110	1922462		puldb		false	Bacteria	Bacteroidota	Bacteroidia	Bacteroidales	Bacteroidaceae	Bacteroides	Bacteroides thetaiotaomicron	6260361	1940942	31.0036753471565	experimental
27828_27829_27905_PUL0352_PUL0467	AE015928	1986600	2028198	818	puldb_dbcan_dbcan	merged	false	Bacteria	Bacteroidota	Bacteroidia	Bacteroidales	Bacteroidaceae	Bacteroides	Bacteroides thetaiotaomicron	6260361	1940942	31.0036753471565	experimental
27830	AE015928	2072899	2080060		puldb		false	Bacteria	Bacteroidota	Bacteroidia	Bacteroidales	Bacteroidaceae	Bacteroides	Bacteroides thetaiotaomicron	6260361	1940942	31.0036753471565	experimental
27831_PUL0008	AE015928	2163759	2187087	818	puldb_dbcan	merged	false	Bacteria	Bacteroidota	Bacteroidia	Bacteroidales	Bacteroidaceae	Bacteroides	Bacteroides thetaiotaomicron	6260361	1940942	31.0036753471565	experimental
27832	AE015928	2188544	2228013		puldb		false	Bacteria	Bacteroidota	Bacteroidia	Bacteroidales	Bacteroidaceae	Bacteroides	Bacteroides thetaiotaomicron	6260361	1940942	31.0036753471565	experimental
27833_PUL0690	AE015928	2348872	2366011	818	puldb_dbcan	merged	false	Bacteria	Bacteroidota	Bacteroidia	Bacteroidales	Bacteroidaceae	Bacteroides	Bacteroides thetaiotaomicron	6260361	1940942	31.0036753471565	experimental
27834_cblaster_245	AE015928	2547855	2558660		puldb_cblaster	merged	false	Bacteria	Bacteroidota	Bacteroidia	Bacteroidales	Bacteroidaceae	Bacteroides	Bacteroides thetaiotaomicron	6260361	1940942	31.0036753471565	experimental
27835	AE015928	2636169	2661634		puldb		false	Bacteria	Bacteroidota	Bacteroidia	Bacteroidales	Bacteroidaceae	Bacteroides	Bacteroides thetaiotaomicron	6260361	1940942	31.0036753471565	experimental
27836_cblaster_299	AE015928	2728184	2736389		puldb_cblaster	merged	false	Bacteria	Bacteroidota	Bacteroidia	Bacteroidales	Bacteroidaceae	Bacteroides	Bacteroides thetaiotaomicron	6260361	1940942	31.0036753471565	experimental
27837_27838	AE015928	2746782	2776734		puldb	merged	false	Bacteria	Bacteroidota	Bacteroidia	Bacteroidales	Bacteroidaceae	Bacteroides	Bacteroides thetaiotaomicron	6260361	1940942	31.0036753471565	experimental
27839	AE015928	2846074	2852583		puldb		false	Bacteria	Bacteroidota	Bacteroidia	Bacteroidales	Bacteroidaceae	Bacteroides	Bacteroides thetaiotaomicron	6260361	1940942	31.0036753471565	experimental
27840	AE015928	2941417	2953200		puldb		false	Bacteria	Bacteroidota	Bacteroidia	Bacteroidales	Bacteroidaceae	Bacteroides	Bacteroides thetaiotaomicron	6260361	1940942	31.0036753471565	experimental
27841	AE015928	2979116	2992975		puldb		false	Bacteria	Bacteroidota	Bacteroidia	Bacteroidales	Bacteroidaceae	Bacteroides	Bacteroides thetaiotaomicron	6260361	1940942	31.0036753471565	experimental
27842	AE015928	3072421	3086520		puldb		false	Bacteria	Bacteroidota	Bacteroidia	Bacteroidales	Bacteroidaceae	Bacteroides	Bacteroides thetaiotaomicron	6260361	1940942	31.0036753471565	experimental
27843	AE015928	3159255	3169856		puldb		false	Bacteria	Bacteroidota	Bacteroidia	Bacteroidales	Bacteroidaceae	Bacteroides	Bacteroides thetaiotaomicron	6260361	1940942	31.0036753471565	experimental
27844	AE015928	3191720	3200432		puldb		false	Bacteria	Bacteroidota	Bacteroidia	Bacteroidales	Bacteroidaceae	Bacteroides	Bacteroides thetaiotaomicron	6260361	1940942	31.0036753471565	experimental
27845_27899_PUL0161	AE015928	3253829	3301755	818	puldb_dbcan	merged	false	Bacteria	Bacteroidota	Bacteroidia	Bacteroidales	Bacteroidaceae	Bacteroides	Bacteroides thetaiotaomicron	6260361	1940942	31.0036753471565	experimental
27846_PUL0026	AE015928	3476149	3490799	818	puldb_dbcan	merged	false	Bacteria	Bacteroidota	Bacteroidia	Bacteroidales	Bacteroidaceae	Bacteroides	Bacteroides thetaiotaomicron	6260361	1940942	31.0036753471565	experimental
27847_PUL0376	AE015928	3501745	3523095	818	puldb_dbcan	merged	false	Bacteria	Bacteroidota	Bacteroidia	Bacteroidales	Bacteroidaceae	Bacteroides	Bacteroides thetaiotaomicron	6260361	1940942	31.0036753471565	experimental
27848_PUL0689	AE015928	3556328	3579591	818	puldb_dbcan	merged	false	Bacteria	Bacteroidota	Bacteroidia	Bacteroidales	Bacteroidaceae	Bacteroides	Bacteroides thetaiotaomicron	6260361	1940942	31.0036753471565	experimental
27849_27850_27851_PUL0354	AE015928	3610934	3674260	818	puldb_dbcan	merged	false	Bacteria	Bacteroidota	Bacteroidia	Bacteroidales	Bacteroidaceae	Bacteroides	Bacteroides thetaiotaomicron	6260361	1940942	31.0036753471565	experimental
27852	AE015928	3709631	3726635		puldb		false	Bacteria	Bacteroidota	Bacteroidia	Bacteroidales	Bacteroidaceae	Bacteroides	Bacteroides thetaiotaomicron	6260361	1940942	31.0036753471565	experimental
27853	AE015928	3729365	3752904		puldb		false	Bacteria	Bacteroidota	Bacteroidia	Bacteroidales	Bacteroidaceae	Bacteroides	Bacteroides thetaiotaomicron	6260361	1940942	31.0036753471565	experimental
27854	AE015928	3800071	3817084		puldb		false	Bacteria	Bacteroidota	Bacteroidia	Bacteroidales	Bacteroidaceae	Bacteroides	Bacteroides thetaiotaomicron	6260361	1940942	31.0036753471565	experimental
27855	AE015928	3823416	3832948		puldb		false	Bacteria	Bacteroidota	Bacteroidia	Bacteroidales	Bacteroidaceae	Bacteroides	Bacteroides thetaiotaomicron	6260361	1940942	31.0036753471565	experimental
27856_PUL0665	AE015928	3851033	3869605	818	puldb_dbcan	merged	false	Bacteria	Bacteroidota	Bacteroidia	Bacteroidales	Bacteroidaceae	Bacteroides	Bacteroides thetaiotaomicron	6260361	1940942	31.0036753471565	experimental
PUL0205_27857_27858_cblaster_286	AE015928	3910956	3957529	818	dbcan_puldb_puldb_cblaster	merged	false	Bacteria	Bacteroidota	Bacteroidia	Bacteroidales	Bacteroidaceae	Bacteroides	Bacteroides thetaiotaomicron	6260361	1940942	31.0036753471565	experimental
PUL0717	AE015928	3989587	4001991	818	dbcan		false	Bacteria	Bacteroidota	Bacteroidia	Bacteroidales	Bacteroidaceae	Bacteroides	Bacteroides thetaiotaomicron	6260361	1940942	31.0036753471565	experimental
27859_PUL0688	AE015928	4017183	4029556	818	puldb_dbcan	merged	false	Bacteria	Bacteroidota	Bacteroidia	Bacteroidales	Bacteroidaceae	Bacteroides	Bacteroides thetaiotaomicron	6260361	1940942	31.0036753471565	experimental
27860	AE015928	4044654	4070779		puldb		false	Bacteria	Bacteroidota	Bacteroidia	Bacteroidales	Bacteroidaceae	Bacteroides	Bacteroides thetaiotaomicron	6260361	1940942	31.0036753471565	experimental
27861_PUL0712	AE015928	4124849	4143407	818	puldb_dbcan	merged	false	Bacteria	Bacteroidota	Bacteroidia	Bacteroidales	Bacteroidaceae	Bacteroides	Bacteroides thetaiotaomicron	6260361	1940942	31.0036753471565	experimental
27862_27863	AE015928	4173538	4201087		puldb	merged	false	Bacteria	Bacteroidota	Bacteroidia	Bacteroidales	Bacteroidaceae	Bacteroides	Bacteroides thetaiotaomicron	6260361	1940942	31.0036753471565	experimental
27864	AE015928	4211870	4240544		puldb		false	Bacteria	Bacteroidota	Bacteroidia	Bacteroidales	Bacteroidaceae	Bacteroides	Bacteroides thetaiotaomicron	6260361	1940942	31.0036753471565	experimental
27865_PUL0325	AE015928	4245707	4259987	818	puldb_dbcan	merged	false	Bacteria	Bacteroidota	Bacteroidia	Bacteroidales	Bacteroidaceae	Bacteroides	Bacteroides thetaiotaomicron	6260361	1940942	31.0036753471565	experimental
27866_27867_PUL0377	AE015928	4268304	4323090	818	puldb_dbcan	merged	false	Bacteria	Bacteroidota	Bacteroidia	Bacteroidales	Bacteroidaceae	Bacteroides	Bacteroides thetaiotaomicron	6260361	1940942	31.0036753471565	experimental
27868_PUL0468	AE015928	4456047	4527084	818	puldb_dbcan	merged	false	Bacteria	Bacteroidota	Bacteroidia	Bacteroidales	Bacteroidaceae	Bacteroides	Bacteroides thetaiotaomicron	6260361	1940942	31.0036753471565	experimental
cblaster_303_27869	AE015928	4539776	4571056		cblaster_puldb	merged	false	Bacteria	Bacteroidota	Bacteroidia	Bacteroidales	Bacteroidaceae	Bacteroides	Bacteroides thetaiotaomicron	6260361	1940942	31.0036753471565	experimental
27870_PUL0713	AE015928	4614173	4628579	818	puldb_dbcan	merged	false	Bacteria	Bacteroidota	Bacteroidia	Bacteroidales	Bacteroidaceae	Bacteroides	Bacteroides thetaiotaomicron	6260361	1940942	31.0036753471565	experimental
27871	AE015928	4634419	4679895		puldb		false	Bacteria	Bacteroidota	Bacteroidia	Bacteroidales	Bacteroidaceae	Bacteroides	Bacteroides thetaiotaomicron	6260361	1940942	31.0036753471565	experimental
27872_cblaster_307	AE015928	4700792	4710028		puldb_cblaster	merged	false	Bacteria	Bacteroidota	Bacteroidia	Bacteroidales	Bacteroidaceae	Bacteroides	Bacteroides thetaiotaomicron	6260361	1940942	31.0036753471565	experimental
PUL0666	AE015928	4732770	4741675	818	dbcan		false	Bacteria	Bacteroidota	Bacteroidia	Bacteroidales	Bacteroidaceae	Bacteroides	Bacteroides thetaiotaomicron	6260361	1940942	31.0036753471565	experimental
27873_27902_27874_PUL0559_PUL0563	AE015928	4748697	4793038	818	puldb_dbcan_dbcan	merged	false	Bacteria	Bacteroidota	Bacteroidia	Bacteroidales	Bacteroidaceae	Bacteroides	Bacteroides thetaiotaomicron	6260361	1940942	31.0036753471565	experimental
27875_PUL0204	AE015928	4799873	4817693	818	puldb_dbcan	merged	false	Bacteria	Bacteroidota	Bacteroidia	Bacteroidales	Bacteroidaceae	Bacteroides	Bacteroides thetaiotaomicron	6260361	1940942	31.0036753471565	experimental
27876_PUL0470	AE015928	4865087	4876193	818	puldb_dbcan	merged	false	Bacteria	Bacteroidota	Bacteroidia	Bacteroidales	Bacteroidaceae	Bacteroides	Bacteroides thetaiotaomicron	6260361	1940942	31.0036753471565	experimental
PUL0667	AE015928	4883107	4887725	818	dbcan		false	Bacteria	Bacteroidota	Bacteroidia	Bacteroidales	Bacteroidaceae	Bacteroides	Bacteroides thetaiotaomicron	6260361	1940942	31.0036753471565	experimental
27877_27900_PUL0163	AE015928	4892415	4930042	818	puldb_dbcan	merged	false	Bacteria	Bacteroidota	Bacteroidia	Bacteroidales	Bacteroidaceae	Bacteroides	Bacteroides thetaiotaomicron	6260361	1940942	31.0036753471565	experimental
27878_PUL0162	AE015928	5011915	5035451	818	puldb_dbcan	merged	false	Bacteria	Bacteroidota	Bacteroidia	Bacteroidales	Bacteroidaceae	Bacteroides	Bacteroides thetaiotaomicron	6260361	1940942	31.0036753471565	experimental
27879_27880_PUL0471	AE015928	5127179	5163752	818	puldb_dbcan	merged	false	Bacteria	Bacteroidota	Bacteroidia	Bacteroidales	Bacteroidaceae	Bacteroides	Bacteroides thetaiotaomicron	6260361	1940942	31.0036753471565	experimental
27881_PUL0380	AE015928	5184604	5206167	818	puldb_dbcan	merged	false	Bacteria	Bacteroidota	Bacteroidia	Bacteroidales	Bacteroidaceae	Bacteroides	Bacteroides thetaiotaomicron	6260361	1940942	31.0036753471565	experimental
27882	AE015928	5247793	5256143		puldb		false	Bacteria	Bacteroidota	Bacteroidia	Bacteroidales	Bacteroidaceae	Bacteroides	Bacteroides thetaiotaomicron	6260361	1940942	31.0036753471565	experimental
27883_PUL0472	AE015928	5300977	5354000	818	puldb_dbcan	merged	false	Bacteria	Bacteroidota	Bacteroidia	Bacteroidales	Bacteroidaceae	Bacteroides	Bacteroides thetaiotaomicron	6260361	1940942	31.0036753471565	experimental
27884_PUL0305	AE015928	5370714	5409988	818	puldb_dbcan	merged	false	Bacteria	Bacteroidota	Bacteroidia	Bacteroidales	Bacteroidaceae	Bacteroides	Bacteroides thetaiotaomicron	6260361	1940942	31.0036753471565	experimental
27885_PUL0252	AE015928	5418109	5434257	818	puldb_dbcan	merged	false	Bacteria	Bacteroidota	Bacteroidia	Bacteroidales	Bacteroidaceae	Bacteroides	Bacteroides thetaiotaomicron	6260361	1940942	31.0036753471565	experimental
27886_PUL0564	AE015928	5440391	5518337	818	puldb_dbcan	merged	false	Bacteria	Bacteroidota	Bacteroidia	Bacteroidales	Bacteroidaceae	Bacteroides	Bacteroides thetaiotaomicron	6260361	1940942	31.0036753471565	experimental
27887_PUL0382	AE015928	5581952	5602271	818	puldb_dbcan	merged	false	Bacteria	Bacteroidota	Bacteroidia	Bacteroidales	Bacteroidaceae	Bacteroides	Bacteroides thetaiotaomicron	6260361	1940942	31.0036753471565	experimental
27888	AE015928	5617174	5632527		puldb		false	Bacteria	Bacteroidota	Bacteroidia	Bacteroidales	Bacteroidaceae	Bacteroides	Bacteroides thetaiotaomicron	6260361	1940942	31.0036753471565	experimental
27889_PUL0251	AE015928	5655890	5669765	818	puldb_dbcan	merged	false	Bacteria	Bacteroidota	Bacteroidia	Bacteroidales	Bacteroidaceae	Bacteroides	Bacteroides thetaiotaomicron	6260361	1940942	31.0036753471565	experimental
27890_PUL0383	AE015928	5738541	5750363	818	puldb_dbcan	merged	false	Bacteria	Bacteroidota	Bacteroidia	Bacteroidales	Bacteroidaceae	Bacteroides	Bacteroides thetaiotaomicron	6260361	1940942	31.0036753471565	experimental
27891_PUL0120	AE015928	5797923	5808973	818	puldb_dbcan	merged	false	Bacteria	Bacteroidota	Bacteroidia	Bacteroidales	Bacteroidaceae	Bacteroides	Bacteroides thetaiotaomicron	6260361	1940942	31.0036753471565	experimental
27892_cblaster_339	AE015928	5878054	5886923		puldb_cblaster	merged	false	Bacteria	Bacteroidota	Bacteroidia	Bacteroidales	Bacteroidaceae	Bacteroides	Bacteroides thetaiotaomicron	6260361	1940942	31.0036753471565	experimental
27893	AE015928	6061271	6073615		puldb		false	Bacteria	Bacteroidota	Bacteroidia	Bacteroidales	Bacteroidaceae	Bacteroides	Bacteroides thetaiotaomicron	6260361	1940942	31.0036753471565	experimental
27894_27895_PUL0384_PUL0304	AE015928	6084860	6132980	818	puldb_dbcan_dbcan	merged	false	Bacteria	Bacteroidota	Bacteroidia	Bacteroidales	Bacteroidaceae	Bacteroides	Bacteroides thetaiotaomicron	6260361	1940942	31.0036753471565	experimental
27896_PUL0356	AE015928	6173951	6191501	818	puldb_dbcan	merged	false	Bacteria	Bacteroidota	Bacteroidia	Bacteroidales	Bacteroidaceae	Bacteroides	Bacteroides thetaiotaomicron	6260361	1940942	31.0036753471565	experimental
27897	AE015928	6195911	6209357		puldb		false	Bacteria	Bacteroidota	Bacteroidia	Bacteroidales	Bacteroidaceae	Bacteroides	Bacteroides thetaiotaomicron	6260361	1940942	31.0036753471565	experimental
cblaster_PUL0387	AM039952	873871	882733	456327	cblaster		false	Bacteria	Pseudomonadota	Gammaproteobacteria	Xanthomonadales	Xanthomonadaceae	Xanthomonas	Xanthomonas euvesicatoria	5178466	130504	2.5201285477205024	experimental
cblaster_PUL0702	AM039952	2022598	2036914	456327	cblaster		false	Bacteria	Pseudomonadota	Gammaproteobacteria	Xanthomonadales	Xanthomonadaceae	Xanthomonas	Xanthomonas euvesicatoria	5178466	130504	2.5201285477205024	experimental
PUL0169	AM039952	3088883	3109438	456327	dbcan		false	Bacteria	Pseudomonadota	Gammaproteobacteria	Xanthomonadales	Xanthomonadaceae	Xanthomonas	Xanthomonas euvesicatoria	5178466	130504	2.5201285477205024	experimental
cblaster_PUL0365_cblaster_PUL0719	AM039952	3176806	3191052	456327	cblaster	merged	false	Bacteria	Pseudomonadota	Gammaproteobacteria	Xanthomonadales	Xanthomonadaceae	Xanthomonas	Xanthomonas euvesicatoria	5178466	130504	2.5201285477205024	experimental
cblaster_PUL0211	AM039952	3643434	3663895	456327	cblaster		false	Bacteria	Pseudomonadota	Gammaproteobacteria	Xanthomonadales	Xanthomonadaceae	Xanthomonas	Xanthomonas euvesicatoria	5178466	130504	2.5201285477205024	experimental
cblaster_PUL0362	AM039952	4157038	4164273	456327	cblaster		false	Bacteria	Pseudomonadota	Gammaproteobacteria	Xanthomonadales	Xanthomonadaceae	Xanthomonas	Xanthomonas euvesicatoria	5178466	130504	2.5201285477205024	experimental
cblaster_PUL0701_cblaster_PUL0364	AM039952	4977435	5022264	456327	cblaster	merged	false	Bacteria	Pseudomonadota	Gammaproteobacteria	Xanthomonadales	Xanthomonadaceae	Xanthomonas	Xanthomonas euvesicatoria	5178466	130504	2.5201285477205024	experimental
PUL0582	AM406671	174930	179693	1358	dbcan		false	Bacteria	Bacillota	Bacilli	Lactobacillales	Streptococcaceae	Lactococcus	Lactococcus cremoris	2529478	24909	0.9847486319311731	experimental
PUL0016	AM406671	428397	433134	1358	dbcan		false	Bacteria	Bacillota	Bacilli	Lactobacillales	Streptococcaceae	Lactococcus	Lactococcus cremoris	2529478	24909	0.9847486319311731	experimental
PUL0015	AM406671	1209752	1217592	1358	dbcan		false	Bacteria	Bacillota	Bacilli	Lactobacillales	Streptococcaceae	Lactococcus	Lactococcus cremoris	2529478	24909	0.9847486319311731	experimental
PUL0683	AM406671	1815995	1823564	1358	dbcan		false	Bacteria	Bacillota	Bacilli	Lactobacillales	Streptococcaceae	Lactococcus	Lactococcus cremoris	2529478	24909	0.9847486319311731	experimental
PUL0053	AM743169	2619918	2632750	40324	dbcan		false	Bacteria	Pseudomonadota	Gammaproteobacteria	Xanthomonadales	Xanthomonadaceae	Stenotrophomonas	Stenotrophomonas maltophilia	4851126	12832	0.26451590826542126	experimental
PUL0068	AM886293	23902	29914	562	dbcan		false								168113	6012	3.576166031181408	experimental
PUL0312	AM889285	473742	477151	33996	dbcan		true	Bacteria	Pseudomonadota	Alphaproteobacteria	Acetobacterales	Acetobacteraceae	Gluconacetobacter	Gluconacetobacter diazotrophicus	3944163	3409	0.08643151918417165	experimental
cblaster_PUL0351	AOMX01000002	34559	39445	562	cblaster		false	Bacteria	Pseudomonadota	Gammaproteobacteria	Enterobacterales	Enterobacteriaceae	Escherichia	Escherichia coli	2315828	11470	0.49528721476724524	experimental
PUL0410	AOMX01000002	934681	941265	562	dbcan		false	Bacteria	Pseudomonadota	Gammaproteobacteria	Enterobacterales	Enterobacteriaceae	Escherichia	Escherichia coli	2315828	11470	0.49528721476724524	experimental
cblaster_3772_PUL0555	AP006841	440014	456583	817	cblaster	merged	false	Bacteria	Bacteroidota	Bacteroidia	Bacteroidales	Bacteroidaceae	Bacteroides	Bacteroides fragilis	5277274	155628	2.949022544594046	experimental
cblaster_3773	AP006841	511730	522755	817	cblaster	merged	false	Bacteria	Bacteroidota	Bacteroidia	Bacteroidales	Bacteroidaceae	Bacteroides	Bacteroides fragilis	5277274	155628	2.949022544594046	experimental
cblaster_PUL0408	AP006841	1004858	1009788	817	cblaster	merged	false	Bacteria	Bacteroidota	Bacteroidia	Bacteroidales	Bacteroidaceae	Bacteroides	Bacteroides fragilis	5277274	155628	2.949022544594046	experimental
cblaster_PUL0180	AP006841	1033852	1068361	817	cblaster	merged	false	Bacteria	Bacteroidota	Bacteroidia	Bacteroidales	Bacteroidaceae	Bacteroides	Bacteroides fragilis	5277274	155628	2.949022544594046	experimental
cblaster_3774_PUL0556	AP006841	1564047	1574265	817	cblaster	merged	false	Bacteria	Bacteroidota	Bacteroidia	Bacteroidales	Bacteroidaceae	Bacteroides	Bacteroides fragilis	5277274	155628	2.949022544594046	experimental
cblaster_27826	AP006841	1867996	1872825	817	cblaster	merged	false	Bacteria	Bacteroidota	Bacteroidia	Bacteroidales	Bacteroidaceae	Bacteroides	Bacteroides fragilis	5277274	155628	2.949022544594046	experimental
3651_PUL0348_cblaster_PUL0746_cblaster_27819	AP006841	2021215	2050211	817	puldb_dbcan_cblaster_cblaster	merged	false	Bacteria	Bacteroidota	Bacteroidia	Bacteroidales	Bacteroidaceae	Bacteroides	Bacteroides fragilis	5277274	155628	2.949022544594046	experimental
cblaster_PUL0326	AP006841	3295328	3305541	817	cblaster	merged	false	Bacteria	Bacteroidota	Bacteroidia	Bacteroidales	Bacteroidaceae	Bacteroides	Bacteroides fragilis	5277274	155628	2.949022544594046	experimental
cblaster_PUL0166	AP006841	3755846	3766411	817	cblaster	merged	false	Bacteria	Bacteroidota	Bacteroidia	Bacteroidales	Bacteroidaceae	Bacteroides	Bacteroides fragilis	5277274	155628	2.949022544594046	experimental
cblaster_3775_PUL0171	AP006841	4117850	4128335	817	cblaster	merged	false	Bacteria	Bacteroidota	Bacteroidia	Bacteroidales	Bacteroidaceae	Bacteroides	Bacteroides fragilis	5277274	155628	2.949022544594046	experimental
cblaster_245	AP006841	4226583	4231149	817	cblaster	merged	false	Bacteria	Bacteroidota	Bacteroidia	Bacteroidales	Bacteroidaceae	Bacteroides	Bacteroides fragilis	5277274	155628	2.949022544594046	experimental
cblaster_3713	AP006841	4312980	4321703	817	cblaster	merged	false	Bacteria	Bacteroidota	Bacteroidia	Bacteroidales	Bacteroidaceae	Bacteroides	Bacteroides fragilis	5277274	155628	2.949022544594046	experimental
PUL0144	AP006878	1552919	1569129	311400	dbcan		false								2088737	16210	0.7760670682809755	experimental
PUL0372	AP009044	2877504	2881918	1718	dbcan		false	Bacteria	Actinomycetota	Actinomycetes	Mycobacteriales	Mycobacteriaceae	Corynebacterium	Corynebacterium glutamicum	3314179	8649	0.26096960966803545	experimental
PUL0370	AP009044	3017544	3021779	1718	dbcan		false	Bacteria	Actinomycetota	Actinomycetes	Mycobacteriales	Mycobacteriaceae	Corynebacterium	Corynebacterium glutamicum	3314179	8649	0.26096960966803545	experimental
cblaster_PUL0582	AP012281	149858	154624	1046624	cblaster		false	Bacteria	Bacillota	Bacilli	Lactobacillales	Streptococcaceae	Lactococcus	Lactococcus lactis	2421471	34199	1.412323335691404	experimental
cblaster_PUL0016	AP012281	403952	408683	1046624	cblaster		false	Bacteria	Bacillota	Bacilli	Lactobacillales	Streptococcaceae	Lactococcus	Lactococcus lactis	2421471	34199	1.412323335691404	experimental
cblaster_PUL0015	AP012281	761772	769601	1046624	cblaster		false	Bacteria	Bacillota	Bacilli	Lactobacillales	Streptococcaceae	Lactococcus	Lactococcus lactis	2421471	34199	1.412323335691404	experimental
cblaster_PUL0520_PUL0402	AP012281	1563592	1571798	1046624	cblaster_dbcan	merged	false	Bacteria	Bacillota	Bacilli	Lactobacillales	Streptococcaceae	Lactococcus	Lactococcus lactis	2421471	34199	1.412323335691404	experimental
cblaster_PUL0168	AP012281	2130199	2138866	1046624	cblaster		false	Bacteria	Bacillota	Bacilli	Lactobacillales	Streptococcaceae	Lactococcus	Lactococcus lactis	2421471	34199	1.412323335691404	experimental
cblaster_PUL0054_PUL0400	CABDWQ010000001	1087731	1111260	28108	cblaster_dbcan	merged	false	Bacteria	Pseudomonadota	Gammaproteobacteria	Enterobacterales	Alteromonadaceae	Alteromonas	Alteromonas macleodii	4672348	81800	1.7507257592970387	experimental
PUL0404	CABDWQ010000001	2755697	2777573	28108	dbcan		false	Bacteria	Pseudomonadota	Gammaproteobacteria	Enterobacterales	Alteromonadaceae	Alteromonas	Alteromonas macleodii	4672348	81800	1.7507257592970387	experimental
PUL0401	CABDWQ010000001	4308631	4326179	28108	dbcan		false	Bacteria	Pseudomonadota	Gammaproteobacteria	Enterobacterales	Alteromonadaceae	Alteromonas	Alteromonas macleodii	4672348	81800	1.7507257592970387	experimental
PUL0405	CABDWQ010000001	4433602	4444984	28108	dbcan		false	Bacteria	Pseudomonadota	Gammaproteobacteria	Enterobacterales	Alteromonadaceae	Alteromonas	Alteromonas macleodii	4672348	81800	1.7507257592970387	experimental
PUL0403	CABDWQ010000001	4637792	4645257	28108	dbcan		false	Bacteria	Pseudomonadota	Gammaproteobacteria	Enterobacterales	Alteromonadaceae	Alteromonas	Alteromonas macleodii	4672348	81800	1.7507257592970387	experimental
PUL0771	CAWLDL010000001	6731951	6765929	595460	dbcan		false	Bacteria	Planctomycetota	Planctomycetia	Pirellulales	Pirellulaceae	Rhodopirellula	Rhodopirellula sp000346425	9109604	169096	1.8562387563718468	experimental
PUL0772	CAWLDL010000001	7739220	7751801	595460	dbcan		false	Bacteria	Planctomycetota	Planctomycetia	Pirellulales	Pirellulaceae	Rhodopirellula	Rhodopirellula sp000346425	9109604	169096	1.8562387563718468	experimental
PUL0773	CAWLDL010000001	7900164	7920634	595460	dbcan		false	Bacteria	Planctomycetota	Planctomycetia	Pirellulales	Pirellulaceae	Rhodopirellula	Rhodopirellula sp000346425	9109604	169096	1.8562387563718468	experimental
PUL0774	CAWLDL010000001	8246839	8283270	595460	dbcan		false	Bacteria	Planctomycetota	Planctomycetia	Pirellulales	Pirellulaceae	Rhodopirellula	Rhodopirellula sp000346425	9109604	169096	1.8562387563718468	experimental
PUL0775	CAWLDL010000001	8412786	8431923	595460	dbcan		false	Bacteria	Planctomycetota	Planctomycetia	Pirellulales	Pirellulaceae	Rhodopirellula	Rhodopirellula sp000346425	9109604	169096	1.8562387563718468	experimental
PUL0776	CAWLDL010000001	8830237	8876736	595460	dbcan		false	Bacteria	Planctomycetota	Planctomycetia	Pirellulales	Pirellulaceae	Rhodopirellula	Rhodopirellula sp000346425	9109604	169096	1.8562387563718468	experimental
PUL0687	CP000139	52180	64275	821	dbcan		false	Bacteria	Bacteroidota	Bacteroidia	Bacteroidales	Bacteroidaceae	Phocaeicola	Phocaeicola vulgatus	5163189	82741	1.6025173589423125	experimental
PUL0724_cblaster_PUL0723	CP000139	266736	296905	821	dbcan_cblaster	merged	false	Bacteria	Bacteroidota	Bacteroidia	Bacteroidales	Bacteroidaceae	Phocaeicola	Phocaeicola vulgatus	5163189	82741	1.6025173589423125	experimental
cblaster_PUL0667	CP000139	850618	853879	821	cblaster	merged	false	Bacteria	Bacteroidota	Bacteroidia	Bacteroidales	Bacteroidaceae	Phocaeicola	Phocaeicola vulgatus	5163189	82741	1.6025173589423125	experimental
cblaster_27824	CP000139	4345200	4350138	821	cblaster	merged	false	Bacteria	Bacteroidota	Bacteroidia	Bacteroidales	Bacteroidaceae	Phocaeicola	Phocaeicola vulgatus	5163189	82741	1.6025173589423125	experimental
cblaster_PUL0097_PUL0096_PUL0091_PUL0092_cblaster_PUL0721	CP000139	5078306	5110584	821	cblaster_dbcan_cblaster	merged	false	Bacteria	Bacteroidota	Bacteroidia	Bacteroidales	Bacteroidaceae	Phocaeicola	Phocaeicola vulgatus	5163189	82741	1.6025173589423125	experimental
cblaster_PUL0032	CP000303	144520	149008	1685	cblaster		false	Bacteria	Actinomycetota	Actinomycetes	Actinomycetales	Bifidobacteriaceae	Bifidobacterium	Bifidobacterium breve	2422684	55070	2.273098761538855	experimental
PUL0578	CP000303	153080	159234	1685	dbcan		false	Bacteria	Actinomycetota	Actinomycetes	Actinomycetales	Bifidobacteriaceae	Bifidobacterium	Bifidobacterium breve	2422684	55070	2.273098761538855	experimental
PUL0606	CP000303	389206	393826	1685	dbcan		false	Bacteria	Actinomycetota	Actinomycetes	Actinomycetales	Bifidobacteriaceae	Bifidobacterium	Bifidobacterium breve	2422684	55070	2.273098761538855	experimental
cblaster_PUL0297_cblaster_PUL0298_PUL0283_cblaster_PUL0367	CP000303	555378	567551	1685	cblaster_dbcan_cblaster	merged	false	Bacteria	Actinomycetota	Actinomycetes	Actinomycetales	Bifidobacteriaceae	Bifidobacterium	Bifidobacterium breve	2422684	55070	2.273098761538855	experimental
PUL0285	CP000303	707814	714874	1685	dbcan		false	Bacteria	Actinomycetota	Actinomycetes	Actinomycetales	Bifidobacteriaceae	Bifidobacterium	Bifidobacterium breve	2422684	55070	2.273098761538855	experimental
PUL0284	CP000303	1928568	1934764	1685	dbcan		false	Bacteria	Actinomycetota	Actinomycetes	Actinomycetales	Bifidobacteriaceae	Bifidobacterium	Bifidobacterium breve	2422684	55070	2.273098761538855	experimental
PUL0233	CP000303	2325349	2332210	1685	dbcan		false	Bacteria	Actinomycetota	Actinomycetes	Actinomycetales	Bifidobacteriaceae	Bifidobacterium	Bifidobacterium breve	2422684	55070	2.273098761538855	experimental
PUL0232	CP000303	2337397	2344915	1685	dbcan		false	Bacteria	Actinomycetota	Actinomycetes	Actinomycetales	Bifidobacteriaceae	Bifidobacterium	Bifidobacterium breve	2422684	55070	2.273098761538855	experimental
PUL0706	CP000388	929370	998729	288	dbcan		false	Bacteria	Pseudomonadota	Gammaproteobacteria	Enterobacterales	Alteromonadaceae	Paraglaciecola	Paraglaciecola atlantica_A	5187005	266556	5.138919280008405	experimental
PUL0146	CP000388	1036849	1074395	288	dbcan		false	Bacteria	Pseudomonadota	Gammaproteobacteria	Enterobacterales	Alteromonadaceae	Paraglaciecola	Paraglaciecola atlantica_A	5187005	266556	5.138919280008405	experimental
PUL0707	CP000388	2345055	2410403	288	dbcan		false	Bacteria	Pseudomonadota	Gammaproteobacteria	Enterobacterales	Alteromonadaceae	Paraglaciecola	Paraglaciecola atlantica_A	5187005	266556	5.138919280008405	experimental
PUL0708	CP000388	2803538	2853937	288	dbcan		false	Bacteria	Pseudomonadota	Gammaproteobacteria	Enterobacterales	Alteromonadaceae	Paraglaciecola	Paraglaciecola atlantica_A	5187005	266556	5.138919280008405	experimental
PUL0709	CP000388	3084705	3118892	288	dbcan		false	Bacteria	Pseudomonadota	Gammaproteobacteria	Enterobacterales	Alteromonadaceae	Paraglaciecola	Paraglaciecola atlantica_A	5187005	266556	5.138919280008405	experimental
PUL0152	CP000388	4406812	4416529	288	dbcan		false	Bacteria	Pseudomonadota	Gammaproteobacteria	Enterobacterales	Alteromonadaceae	Paraglaciecola	Paraglaciecola atlantica_A	5187005	266556	5.138919280008405	experimental
PUL0052	CP000449	288889	301419	74318	dbcan		false	Bacteria	Pseudomonadota	Alphaproteobacteria	Caulobacterales	Maricaulaceae	Maricaulis	Maricaulis maris_A	3368780	12530	0.37194473963868224	experimental
cblaster_PUL0606	CP001095	314771	319392	1682	cblaster		false	Bacteria	Actinomycetota	Actinomycetes	Actinomycetales	Bifidobacteriaceae	Bifidobacterium	Bifidobacterium infantis	2832748	84696	2.9898882639754754	experimental
PUL0742	CP001095	395169	402861	216816	dbcan		false	Bacteria	Actinomycetota	Actinomycetes	Actinomycetales	Bifidobacteriaceae	Bifidobacterium	Bifidobacterium infantis	2832748	84696	2.9898882639754754	experimental
cblaster_PUL0031	CP001095	912482	916783	1682	cblaster		false	Bacteria	Actinomycetota	Actinomycetes	Actinomycetales	Bifidobacteriaceae	Bifidobacterium	Bifidobacterium infantis	2832748	84696	2.9898882639754754	experimental
cblaster_PUL0576	CP001095	2404196	2413894	1682	cblaster		false	Bacteria	Actinomycetota	Actinomycetes	Actinomycetales	Bifidobacteriaceae	Bifidobacterium	Bifidobacterium infantis	2832748	84696	2.9898882639754754	experimental
PUL0740	CP001095	2442411	2445795	216816	dbcan		false	Bacteria	Actinomycetota	Actinomycetes	Actinomycetales	Bifidobacteriaceae	Bifidobacterium	Bifidobacterium infantis	2832748	84696	2.9898882639754754	experimental
PUL0741	CP001095	2558878	2565276	216816	dbcan		false	Bacteria	Actinomycetota	Actinomycetes	Actinomycetales	Bifidobacteriaceae	Bifidobacterium	Bifidobacterium infantis	2832748	84696	2.9898882639754754	experimental
PUL0368	CP001095	2595574	2636747	1682	dbcan		false	Bacteria	Actinomycetota	Actinomycetes	Actinomycetales	Bifidobacteriaceae	Bifidobacterium	Bifidobacterium infantis	2832748	84696	2.9898882639754754	experimental
cblaster_PUL0232	CP001095	2773011	2780440	1682	cblaster		false	Bacteria	Actinomycetota	Actinomycetes	Actinomycetales	Bifidobacteriaceae	Bifidobacterium	Bifidobacterium infantis	2832748	84696	2.9898882639754754	experimental
PUL0042	CP001340	1311323	1319129	155892	dbcan		false	Bacteria	Pseudomonadota	Alphaproteobacteria	Caulobacterales	Caulobacteraceae	Caulobacter	Caulobacter vibrioides	4042929	7806	0.19307784034792597	experimental
PUL0385_PUL0040_cblaster_PUL0083	CP001348	838275	864108	1521	dbcan_cblaster	merged	false	Bacteria	Bacillota	Clostridia	Acetivibrionales	DSM-27016	Ruminiclostridium	Ruminiclostridium cellulolyticum	4068724	102307	2.5144738252090826	experimental
cblaster_PUL0085	CP001348	878564	886518	1521	cblaster		false	Bacteria	Bacillota	Clostridia	Acetivibrionales	DSM-27016	Ruminiclostridium	Ruminiclostridium cellulolyticum	4068724	102307	2.5144738252090826	experimental
PUL0224_PUL0114_cblaster_PUL0084	CP001348	1502003	1537237	1521	dbcan_cblaster	merged	false	Bacteria	Bacillota	Clostridia	Acetivibrionales	DSM-27016	Ruminiclostridium	Ruminiclostridium cellulolyticum	4068724	102307	2.5144738252090826	experimental
PUL0743	CP001348	1548963	1567460	1521	dbcan		false	Bacteria	Bacillota	Clostridia	Acetivibrionales	DSM-27016	Ruminiclostridium	Ruminiclostridium cellulolyticum	4068724	102307	2.5144738252090826	experimental
PUL0017	CP001348	2466252	2481041	1521	dbcan		false	Bacteria	Bacillota	Clostridia	Acetivibrionales	DSM-27016	Ruminiclostridium	Ruminiclostridium cellulolyticum	4068724	102307	2.5144738252090826	experimental
PUL0694	CP001393	212375	236250	31899	dbcan		false	Bacteria	Bacillota	Thermoanaerobacteria	Caldicellulosiruptorales	Caldicellulosiruptoraceae	Caldicellulosiruptor	Caldicellulosiruptor bescii	2919718	105424	3.6107596692557293	experimental
PUL0695	CP001393	697213	703783	31899	dbcan		false	Bacteria	Bacillota	Thermoanaerobacteria	Caldicellulosiruptorales	Caldicellulosiruptoraceae	Caldicellulosiruptor	Caldicellulosiruptor bescii	2919718	105424	3.6107596692557293	experimental
PUL0696	CP001393	939000	956668	31899	dbcan		false	Bacteria	Bacillota	Thermoanaerobacteria	Caldicellulosiruptorales	Caldicellulosiruptoraceae	Caldicellulosiruptor	Caldicellulosiruptor bescii	2919718	105424	3.6107596692557293	experimental
cblaster_PUL0322_PUL0320	CP001393	1929396	1982736	31899	cblaster_dbcan	merged	false	Bacteria	Bacillota	Thermoanaerobacteria	Caldicellulosiruptorales	Caldicellulosiruptoraceae	Caldicellulosiruptor	Caldicellulosiruptor bescii	2919718	105424	3.6107596692557293	experimental
PUL0697	CP001393	2873292	2877263	31899	dbcan		false	Bacteria	Bacillota	Thermoanaerobacteria	Caldicellulosiruptorales	Caldicellulosiruptoraceae	Caldicellulosiruptor	Caldicellulosiruptor bescii	2919718	105424	3.6107596692557293	experimental
cblaster_PUL0209	CP001655	1444799	1456412	556	cblaster		false	Bacteria	Pseudomonadota	Gammaproteobacteria	Enterobacterales	Enterobacteriaceae	Dickeya	Dickeya chrysanthemi	4813854	30784	0.6394876122125848	experimental
PUL0034	CP001655	2245522	2247504	556	dbcan		false	Bacteria	Pseudomonadota	Gammaproteobacteria	Enterobacterales	Enterobacteriaceae	Dickeya	Dickeya chrysanthemi	4813854	30784	0.6394876122125848	experimental
PUL0035	CP001655	2247754	2253663	556	dbcan		false	Bacteria	Pseudomonadota	Gammaproteobacteria	Enterobacterales	Enterobacteriaceae	Dickeya	Dickeya chrysanthemi	4813854	30784	0.6394876122125848	experimental
cblaster_PUL0374	CP001655	3013522	3018146	556	cblaster		false	Bacteria	Pseudomonadota	Gammaproteobacteria	Enterobacterales	Enterobacteriaceae	Dickeya	Dickeya chrysanthemi	4813854	30784	0.6394876122125848	experimental
cblaster_PUL0373	CP001655	4246303	4252959	556	cblaster		false	Bacteria	Pseudomonadota	Gammaproteobacteria	Enterobacterales	Enterobacteriaceae	Dickeya	Dickeya chrysanthemi	4813854	30784	0.6394876122125848	experimental
PUL0187	CP001656	1124076	1136568	324057	dbcan		false	Bacteria	Bacillota	Bacilli	Paenibacillales	Paenibacillaceae	Pristimantibacillus	Pristimantibacillus sp000023585	7184930	30363	0.4225928436324362	experimental
PUL0229_PUL0592	CP001656	1572567	1584525	324057	dbcan	merged	true	Bacteria	Bacillota	Bacilli	Paenibacillales	Paenibacillaceae	Pristimantibacillus	Pristimantibacillus sp000023585	7184930	30363	0.4225928436324362	experimental
PUL0594	CP001656	4094827	4100740	324057	dbcan		false	Bacteria	Bacillota	Bacilli	Paenibacillales	Paenibacillaceae	Pristimantibacillus	Pristimantibacillus sp000023585	7184930	30363	0.4225928436324362	experimental
PUL0176	CP001736	1994155	2001711	182640	dbcan		false	Bacteria	Actinomycetota	Actinomycetes	Propionibacteriales	Kribbellaceae	Kribbella	Kribbella flavida	7579488	15023	0.19820600019420836	experimental
PUL0174	CP001736	4338948	4346415	182640	dbcan		false	Bacteria	Actinomycetota	Actinomycetes	Propionibacteriales	Kribbellaceae	Kribbella	Kribbella flavida	7579488	15023	0.19820600019420836	experimental
PUL0610	CP001807	1220087	1251526	29549	dbcan		false	Bacteria	Bacteroidota_A	Rhodothermia	Rhodothermales	Rhodothermaceae	Rhodothermus	Rhodothermus marinus	3261604	31439	0.9639122345937765	experimental
cblaster_PUL0582	CP001834	168627	173394	1358	cblaster		false	Bacteria	Bacillota	Bacilli	Lactobacillales	Streptococcaceae	Lactococcus	Lactococcus lactis	2598144	54685	2.104771713961967	experimental
cblaster_PUL0016	CP001834	463185	467916	1358	cblaster		false	Bacteria	Bacillota	Bacilli	Lactobacillales	Streptococcaceae	Lactococcus	Lactococcus lactis	2598144	54685	2.104771713961967	experimental
cblaster_PUL0520_cblaster_PUL0402	CP001834	1685851	1694057	1358	cblaster	merged	false	Bacteria	Bacillota	Bacilli	Lactobacillales	Streptococcaceae	Lactococcus	Lactococcus lactis	2598144	54685	2.104771713961967	experimental
cblaster_PUL0520_cblaster_PUL0402	CP001834	1685851	1694057	1358	cblaster	merged	false	Bacteria	Bacillota	Bacilli	Lactobacillales	Streptococcaceae	Lactococcus	Lactococcus lactis	2598144	54685	2.104771713961967	experimental
cblaster_PUL0168	CP001834	2227805	2241135	1358	cblaster		false	Bacteria	Bacillota	Bacilli	Lactobacillales	Streptococcaceae	Lactococcus	Lactococcus lactis	2598144	54685	2.104771713961967	experimental
PUL0584	CP001834	2317224	2332669	1358	dbcan		false	Bacteria	Bacillota	Bacilli	Lactobacillales	Streptococcaceae	Lactococcus	Lactococcus lactis	2598144	54685	2.104771713961967	experimental
PUL0576	CP001840	1236100	1248439	1681	dbcan		false	Bacteria	Actinomycetota	Actinomycetes	Actinomycetales	Bifidobacteriaceae	Bifidobacterium	Bifidobacterium bifidum	2214656	18853	0.8512834498901861	experimental
cblaster_PUL0284	CP001840	1720473	1726987	1681	cblaster		false	Bacteria	Actinomycetota	Actinomycetes	Actinomycetales	Bifidobacteriaceae	Bifidobacterium	Bifidobacterium bifidum	2214656	18853	0.8512834498901861	experimental
PUL0373	CP002038	406834	413500	204038	dbcan		false	Bacteria	Pseudomonadota	Gammaproteobacteria	Enterobacterales	Enterobacteriaceae	Dickeya	Dickeya dadantii	4922802	30758	0.6248067665528697	experimental
PUL0374	CP002038	1781030	1785659	204038	dbcan		false	Bacteria	Pseudomonadota	Gammaproteobacteria	Enterobacterales	Enterobacteriaceae	Dickeya	Dickeya dadantii	4922802	30758	0.6248067665528697	experimental
cblaster_PUL0035	CP002038	2575541	2581451	204038	cblaster		false	Bacteria	Pseudomonadota	Gammaproteobacteria	Enterobacterales	Enterobacteriaceae	Dickeya	Dickeya dadantii	4922802	30758	0.6248067665528697	experimental
cblaster_PUL0034	CP002038	2581700	2583651	204038	cblaster		false	Bacteria	Pseudomonadota	Gammaproteobacteria	Enterobacterales	Enterobacteriaceae	Dickeya	Dickeya dadantii	4922802	30758	0.6248067665528697	experimental
PUL0209	CP002038	3416624	3428226	204038	dbcan		false	Bacteria	Pseudomonadota	Gammaproteobacteria	Enterobacterales	Enterobacteriaceae	Dickeya	Dickeya dadantii	4922802	30758	0.6248067665528697	experimental
4160	CP002113	9230	19749		puldb		false	Bacteria	Bacteroidota	Bacteroidia	Flavobacteriales	Flavobacteriaceae	Capnocytophaga	Capnocytophaga canimorsus	2571406	177495	6.90264392320777	experimental
4161	CP002113	41274	55928		puldb		false	Bacteria	Bacteroidota	Bacteroidia	Flavobacteriales	Flavobacteriaceae	Capnocytophaga	Capnocytophaga canimorsus	2571406	177495	6.90264392320777	experimental
4162_4173	CP002113	398052	419913		puldb	merged	false	Bacteria	Bacteroidota	Bacteroidia	Flavobacteriales	Flavobacteriaceae	Capnocytophaga	Capnocytophaga canimorsus	2571406	177495	6.90264392320777	experimental
4163	CP002113	576787	586097		puldb		false	Bacteria	Bacteroidota	Bacteroidia	Flavobacteriales	Flavobacteriaceae	Capnocytophaga	Capnocytophaga canimorsus	2571406	177495	6.90264392320777	experimental
4164_PUL0397	CP002113	930942	941427	28188	puldb_dbcan	merged	false	Bacteria	Bacteroidota	Bacteroidia	Flavobacteriales	Flavobacteriaceae	Capnocytophaga	Capnocytophaga canimorsus	2571406	177495	6.90264392320777	experimental
4165	CP002113	1187403	1201665		puldb		false	Bacteria	Bacteroidota	Bacteroidia	Flavobacteriales	Flavobacteriaceae	Capnocytophaga	Capnocytophaga canimorsus	2571406	177495	6.90264392320777	experimental
4166	CP002113	1490660	1513946		puldb		false	Bacteria	Bacteroidota	Bacteroidia	Flavobacteriales	Flavobacteriaceae	Capnocytophaga	Capnocytophaga canimorsus	2571406	177495	6.90264392320777	experimental
4167	CP002113	1842680	1849772		puldb		false	Bacteria	Bacteroidota	Bacteroidia	Flavobacteriales	Flavobacteriaceae	Capnocytophaga	Capnocytophaga canimorsus	2571406	177495	6.90264392320777	experimental
4168_4174_PUL0398	CP002113	1882302	1901134	28188	puldb_dbcan	merged	false	Bacteria	Bacteroidota	Bacteroidia	Flavobacteriales	Flavobacteriaceae	Capnocytophaga	Capnocytophaga canimorsus	2571406	177495	6.90264392320777	experimental
4169	CP002113	2090062	2098680		puldb		false	Bacteria	Bacteroidota	Bacteroidia	Flavobacteriales	Flavobacteriaceae	Capnocytophaga	Capnocytophaga canimorsus	2571406	177495	6.90264392320777	experimental
4170	CP002113	2153442	2169471		puldb		false	Bacteria	Bacteroidota	Bacteroidia	Flavobacteriales	Flavobacteriaceae	Capnocytophaga	Capnocytophaga canimorsus	2571406	177495	6.90264392320777	experimental
4171	CP002113	2385673	2400879		puldb		false	Bacteria	Bacteroidota	Bacteroidia	Flavobacteriales	Flavobacteriaceae	Capnocytophaga	Capnocytophaga canimorsus	2571406	177495	6.90264392320777	experimental
4172	CP002113	2418762	2426103		puldb		false	Bacteria	Bacteroidota	Bacteroidia	Flavobacteriales	Flavobacteriaceae	Capnocytophaga	Capnocytophaga canimorsus	2571406	177495	6.90264392320777	experimental
PUL0598	CP002160	731364	737408	573061	dbcan		false	Bacteria	Bacillota	Clostridia	Clostridiales	Clostridiaceae	Clostridium_K	Clostridium_K cellulovorans	5262222	64511	1.2259269943381332	experimental
PUL0601	CP002160	2667794	2686941	1493	dbcan		false	Bacteria	Bacillota	Clostridia	Clostridiales	Clostridiaceae	Clostridium_K	Clostridium_K cellulovorans	5262222	64511	1.2259269943381332	experimental
PUL0599	CP002160	3141436	3150824	1493	dbcan		false	Bacteria	Bacillota	Clostridia	Clostridiales	Clostridiaceae	Clostridium_K	Clostridium_K cellulovorans	5262222	64511	1.2259269943381332	experimental
PUL0434	CP002160	3447553	3461646	1493	dbcan		true	Bacteria	Bacillota	Clostridia	Clostridiales	Clostridiaceae	Clostridium_K	Clostridium_K cellulovorans	5262222	64511	1.2259269943381332	experimental
PUL0600	CP002160	3925850	3941689	1493	dbcan		false	Bacteria	Bacillota	Clostridia	Clostridiales	Clostridiaceae	Clostridium_K	Clostridium_K cellulovorans	5262222	64511	1.2259269943381332	experimental
PUL0051	CP002534	303130	314951	979	dbcan		false	Bacteria	Bacteroidota	Bacteroidia	Flavobacteriales	Flavobacteriaceae	Cellulophaga	Cellulophaga lytica	3765936	43907	1.165898730089943	experimental
PUL0734	CP002534	1997203	2029289	979	dbcan		false	Bacteria	Bacteroidota	Bacteroidia	Flavobacteriales	Flavobacteriaceae	Cellulophaga	Cellulophaga lytica	3765936	43907	1.165898730089943	experimental
PUL0303	CP002745	3093918	3103118	158899	dbcan		true	Bacteria	Pseudomonadota	Gammaproteobacteria	Burkholderiales	Burkholderiaceae	Collimonas	Collimonas fungivorans_A	5186898	25643	0.49438026350238623	experimental
PUL0292	CP002745	3513314	3529757	158899	dbcan		true	Bacteria	Pseudomonadota	Gammaproteobacteria	Burkholderiales	Burkholderiaceae	Collimonas	Collimonas fungivorans_A	5186898	25643	0.49438026350238623	experimental
cblaster_PUL0542_PUL0602	CP002835	2158670	2196700	1426	cblaster_dbcan	merged	false	Bacteria	Bacillota	Bacilli	Bacillales	Anoxybacillaceae	Parageobacillus	Parageobacillus thermoglucosidasius	3893306	38030	0.9768048029104314	experimental
PUL0454	CP003170	4053711	4085799	134676	dbcan		false	Bacteria	Actinomycetota	Actinomycetes	Mycobacteriales	Micromonosporaceae	Actinoplanes	Actinoplanes sp900119315	9239851	32088	0.34727832732367653	experimental
PUL0054_cblaster_PUL0400	CP003873	1019219	1042766	28108	dbcan_cblaster	merged	false	Bacteria	Pseudomonadota	Gammaproteobacteria	Enterobacterales	Alteromonadaceae	Alteromonas	Alteromonas macleodii	4629479	62989	1.3606066686985727	experimental
cblaster_PUL0404	CP003873	2770752	2792610	28108	cblaster		false	Bacteria	Pseudomonadota	Gammaproteobacteria	Enterobacterales	Alteromonadaceae	Alteromonas	Alteromonas macleodii	4629479	62989	1.3606066686985727	experimental
cblaster_PUL0401	CP003873	4339574	4357158	28108	cblaster		false	Bacteria	Pseudomonadota	Gammaproteobacteria	Enterobacterales	Alteromonadaceae	Alteromonas	Alteromonas macleodii	4629479	62989	1.3606066686985727	experimental
cblaster_PUL0032	CP006712	147936	152424	1685	cblaster		false	Bacteria	Actinomycetota	Actinomycetes	Actinomycetales	Bifidobacteriaceae	Bifidobacterium	Bifidobacterium breve	2288919	65280	2.852001315905019	experimental
cblaster_PUL0578	CP006712	156542	162697	1685	cblaster		false	Bacteria	Actinomycetota	Actinomycetes	Actinomycetales	Bifidobacteriaceae	Bifidobacterium	Bifidobacterium breve	2288919	65280	2.852001315905019	experimental
cblaster_PUL0283_cblaster_PUL0297_cblaster_PUL0298_cblaster_PUL0367	CP006712	461636	473770	1685	cblaster	merged	false	Bacteria	Actinomycetota	Actinomycetes	Actinomycetales	Bifidobacteriaceae	Bifidobacterium	Bifidobacterium breve	2288919	65280	2.852001315905019	experimental
cblaster_PUL0285	CP006712	612503	619564	1685	cblaster		false	Bacteria	Actinomycetota	Actinomycetes	Actinomycetales	Bifidobacteriaceae	Bifidobacterium	Bifidobacterium breve	2288919	65280	2.852001315905019	experimental
cblaster_PUL0031	CP006712	1543883	1548175	1685	cblaster		false	Bacteria	Actinomycetota	Actinomycetes	Actinomycetales	Bifidobacteriaceae	Bifidobacterium	Bifidobacterium breve	2288919	65280	2.852001315905019	experimental
cblaster_PUL0284	CP006712	1808387	1814582	1685	cblaster		false	Bacteria	Actinomycetota	Actinomycetes	Actinomycetales	Bifidobacteriaceae	Bifidobacterium	Bifidobacterium breve	2288919	65280	2.852001315905019	experimental
PUL0347	CP006712	1904821	1922254	1685	dbcan		false	Bacteria	Actinomycetota	Actinomycetes	Actinomycetales	Bifidobacteriaceae	Bifidobacterium	Bifidobacterium breve	2288919	65280	2.852001315905019	experimental
cblaster_PUL0232	CP006712	2203645	2211167	1685	cblaster		false	Bacteria	Actinomycetota	Actinomycetes	Actinomycetales	Bifidobacteriaceae	Bifidobacterium	Bifidobacterium breve	2288919	65280	2.852001315905019	experimental
PUL0390	CP007013	864165	893990	2336	dbcan		false	Bacteria	Thermotogota	Thermotogae	Thermotogales	Thermotogaceae	Thermotoga	Thermotoga maritima	1869644	50072	2.6781569111552788	experimental
PUL0361	CP007013	997862	1008239	2336	dbcan		false	Bacteria	Thermotogota	Thermotogae	Thermotogales	Thermotogaceae	Thermotoga	Thermotoga maritima	1869644	50072	2.6781569111552788	experimental
PUL0122	CP007013	1598265	1608135	2336	dbcan		false	Bacteria	Thermotogota	Thermotogae	Thermotogales	Thermotogaceae	Thermotoga	Thermotoga maritima	1869644	50072	2.6781569111552788	experimental
PUL0532_cblaster_3069_PUL0190	CP012801	925123	954278	246787	dbcan_cblaster	merged	false	Bacteria	Bacteroidota	Bacteroidia	Bacteroidales	Bacteroidaceae	Bacteroides	Bacteroides cellulosilyticus	7084828	415859	5.8697120099457605	experimental
PUL0533	CP012801	970841	992635	246787	dbcan		false	Bacteria	Bacteroidota	Bacteroidia	Bacteroidales	Bacteroidaceae	Bacteroides	Bacteroides cellulosilyticus	7084828	415859	5.8697120099457605	experimental
PUL0534	CP012801	1395119	1415148	246787	dbcan		false	Bacteria	Bacteroidota	Bacteroidia	Bacteroidales	Bacteroidaceae	Bacteroides	Bacteroides cellulosilyticus	7084828	415859	5.8697120099457605	experimental
cblaster_245	CP012801	1677851	1683302	246787	cblaster		false	Bacteria	Bacteroidota	Bacteroidia	Bacteroidales	Bacteroidaceae	Bacteroides	Bacteroides cellulosilyticus	7084828	415859	5.8697120099457605	experimental
PUL0535	CP012801	1905313	1924770	246787	dbcan		false	Bacteria	Bacteroidota	Bacteroidia	Bacteroidales	Bacteroidaceae	Bacteroides	Bacteroides cellulosilyticus	7084828	415859	5.8697120099457605	experimental
PUL0536	CP012801	2024923	2035361	246787	dbcan		false	Bacteria	Bacteroidota	Bacteroidia	Bacteroidales	Bacteroidaceae	Bacteroides	Bacteroides cellulosilyticus	7084828	415859	5.8697120099457605	experimental
PUL0537	CP012801	2262180	2278234	246787	dbcan		false	Bacteria	Bacteroidota	Bacteroidia	Bacteroidales	Bacteroidaceae	Bacteroides	Bacteroides cellulosilyticus	7084828	415859	5.8697120099457605	experimental
PUL0538	CP012801	2388865	2412814	246787	dbcan		false	Bacteria	Bacteroidota	Bacteroidia	Bacteroidales	Bacteroidaceae	Bacteroides	Bacteroides cellulosilyticus	7084828	415859	5.8697120099457605	experimental
PUL0539_cblaster_PUL0667	CP012801	2467595	2494001	246787	dbcan_cblaster	merged	false	Bacteria	Bacteroidota	Bacteroidia	Bacteroidales	Bacteroidaceae	Bacteroides	Bacteroides cellulosilyticus	7084828	415859	5.8697120099457605	experimental
PUL0540	CP012801	2988996	3000925	246787	dbcan		false	Bacteria	Bacteroidota	Bacteroidia	Bacteroidales	Bacteroidaceae	Bacteroides	Bacteroides cellulosilyticus	7084828	415859	5.8697120099457605	experimental
PUL0541	CP012801	3093489	3107238	246787	dbcan		false	Bacteria	Bacteroidota	Bacteroidia	Bacteroidales	Bacteroidaceae	Bacteroides	Bacteroides cellulosilyticus	7084828	415859	5.8697120099457605	experimental
PUL0543	CP012801	3131879	3145280	246787	dbcan		false	Bacteria	Bacteroidota	Bacteroidia	Bacteroidales	Bacteroidaceae	Bacteroides	Bacteroides cellulosilyticus	7084828	415859	5.8697120099457605	experimental
cblaster_PUL0644_PUL0545	CP012801	3674189	3695070	246787	cblaster_dbcan	merged	false	Bacteria	Bacteroidota	Bacteroidia	Bacteroidales	Bacteroidaceae	Bacteroides	Bacteroides cellulosilyticus	7084828	415859	5.8697120099457605	experimental
PUL0546	CP012801	3762614	3783277	246787	dbcan		false	Bacteria	Bacteroidota	Bacteroidia	Bacteroidales	Bacteroidaceae	Bacteroides	Bacteroides cellulosilyticus	7084828	415859	5.8697120099457605	experimental
PUL0547	CP012801	3873827	3892680	246787	dbcan		false	Bacteria	Bacteroidota	Bacteroidia	Bacteroidales	Bacteroidaceae	Bacteroides	Bacteroides cellulosilyticus	7084828	415859	5.8697120099457605	experimental
PUL0548	CP012801	3934555	3947059	246787	dbcan		false	Bacteria	Bacteroidota	Bacteroidia	Bacteroidales	Bacteroidaceae	Bacteroides	Bacteroides cellulosilyticus	7084828	415859	5.8697120099457605	experimental
PUL0549	CP012801	5229371	5243662	246787	dbcan		false	Bacteria	Bacteroidota	Bacteroidia	Bacteroidales	Bacteroidaceae	Bacteroides	Bacteroides cellulosilyticus	7084828	415859	5.8697120099457605	experimental
PUL0550	CP012801	5289963	5307396	246787	dbcan		false	Bacteria	Bacteroidota	Bacteroidia	Bacteroidales	Bacteroidaceae	Bacteroides	Bacteroides cellulosilyticus	7084828	415859	5.8697120099457605	experimental
PUL0262	CP012801	5567610	5593852	246787	dbcan		false	Bacteria	Bacteroidota	Bacteroidia	Bacteroidales	Bacteroidaceae	Bacteroides	Bacteroides cellulosilyticus	7084828	415859	5.8697120099457605	experimental
PUL0263	CP012801	5620956	5634301	246787	dbcan		false	Bacteria	Bacteroidota	Bacteroidia	Bacteroidales	Bacteroidaceae	Bacteroides	Bacteroides cellulosilyticus	7084828	415859	5.8697120099457605	experimental
PUL0551	CP012801	5665654	5677137	246787	dbcan		false	Bacteria	Bacteroidota	Bacteroidia	Bacteroidales	Bacteroidaceae	Bacteroides	Bacteroides cellulosilyticus	7084828	415859	5.8697120099457605	experimental
cblaster_PUL0791	CP012801	6286693	6303229	246787	cblaster		false	Bacteria	Bacteroidota	Bacteroidia	Bacteroidales	Bacteroidaceae	Bacteroides	Bacteroides cellulosilyticus	7084828	415859	5.8697120099457605	experimental
PUL0552	CP012801	6309775	6324625	246787	dbcan		false	Bacteria	Bacteroidota	Bacteroidia	Bacteroidales	Bacteroidaceae	Bacteroides	Bacteroides cellulosilyticus	7084828	415859	5.8697120099457605	experimental
PUL0554	CP012801	6804983	6817567	246787	dbcan		false	Bacteria	Bacteroidota	Bacteroidia	Bacteroidales	Bacteroidaceae	Bacteroides	Bacteroides cellulosilyticus	7084828	415859	5.8697120099457605	experimental
cblaster_27819	CP012801	6952971	6957353	246787	cblaster		false	Bacteria	Bacteroidota	Bacteroidia	Bacteroidales	Bacteroidaceae	Bacteroides	Bacteroides cellulosilyticus	7084828	415859	5.8697120099457605	experimental
24469_cblaster_31419_PUL0236	CP016359	228516	249102		puldb_cblaster	merged	false	Bacteria	Bacteroidota	Bacteroidia	Flavobacteriales	Flavobacteriaceae	Christiangramia	Christiangramia flava	4007868	294672	7.352337951249892	experimental
24470_24471_PUL0328	CP016359	326512	381160	1486245	puldb_dbcan	merged	false	Bacteria	Bacteroidota	Bacteroidia	Flavobacteriales	Flavobacteriaceae	Christiangramia	Christiangramia flava	4007868	294672	7.352337951249892	experimental
24472_PUL0329	CP016359	397120	435831	1486245	puldb_dbcan	merged	false	Bacteria	Bacteroidota	Bacteroidia	Flavobacteriales	Flavobacteriaceae	Christiangramia	Christiangramia flava	4007868	294672	7.352337951249892	experimental
24473	CP016359	1091860	1110518		puldb		false	Bacteria	Bacteroidota	Bacteroidia	Flavobacteriales	Flavobacteriaceae	Christiangramia	Christiangramia flava	4007868	294672	7.352337951249892	experimental
24474	CP016359	1614973	1648031		puldb		false	Bacteria	Bacteroidota	Bacteroidia	Flavobacteriales	Flavobacteriaceae	Christiangramia	Christiangramia flava	4007868	294672	7.352337951249892	experimental
24475	CP016359	1650974	1691598		puldb		false	Bacteria	Bacteroidota	Bacteroidia	Flavobacteriales	Flavobacteriaceae	Christiangramia	Christiangramia flava	4007868	294672	7.352337951249892	experimental
24476	CP016359	1800952	1817291		puldb		false	Bacteria	Bacteroidota	Bacteroidia	Flavobacteriales	Flavobacteriaceae	Christiangramia	Christiangramia flava	4007868	294672	7.352337951249892	experimental
24477_PUL0330	CP016359	2418903	2462893	1486245	puldb_dbcan	merged	false	Bacteria	Bacteroidota	Bacteroidia	Flavobacteriales	Flavobacteriaceae	Christiangramia	Christiangramia flava	4007868	294672	7.352337951249892	experimental
24478	CP016359	2554976	2583034		puldb		false	Bacteria	Bacteroidota	Bacteroidia	Flavobacteriales	Flavobacteriaceae	Christiangramia	Christiangramia flava	4007868	294672	7.352337951249892	experimental
10363_PUL0587	CP019300	699265	706680	28131	puldb_dbcan	merged	false	Bacteria	Bacteroidota	Bacteroidia	Bacteroidales	Bacteroidaceae	Prevotella	Prevotella intermedia	1965935	7415	0.37717421990045447	experimental
PUL0139	CP028460	61377	75411	302912	dbcan		false	Bacteria	Actinomycetota	Actinomycetes	Actinomycetales	Bifidobacteriaceae	Bifidobacterium	Bifidobacterium animalis	1932687	60037	3.106400570811518	experimental
PUL0141	CP028460	153312	158539	302912	dbcan		false	Bacteria	Actinomycetota	Actinomycetes	Actinomycetales	Bifidobacteriaceae	Bifidobacterium	Bifidobacterium animalis	1932687	60037	3.106400570811518	experimental
PUL0137	CP028460	589943	596176	302912	dbcan		false	Bacteria	Actinomycetota	Actinomycetes	Actinomycetales	Bifidobacteriaceae	Bifidobacterium	Bifidobacterium animalis	1932687	60037	3.106400570811518	experimental
PUL0140	CP028460	622448	639066	302912	dbcan		false	Bacteria	Actinomycetota	Actinomycetes	Actinomycetales	Bifidobacteriaceae	Bifidobacterium	Bifidobacterium animalis	1932687	60037	3.106400570811518	experimental
PUL0142	CP028460	1843829	1850807	302912	dbcan		false	Bacteria	Actinomycetota	Actinomycetes	Actinomycetales	Bifidobacteriaceae	Bifidobacterium	Bifidobacterium animalis	1932687	60037	3.106400570811518	experimental
PUL0138	CP028460	1879108	1890055	302912	dbcan		false	Bacteria	Actinomycetota	Actinomycetes	Actinomycetales	Bifidobacteriaceae	Bifidobacterium	Bifidobacterium animalis	1932687	60037	3.106400570811518	experimental
PUL0457	CP045181	2414390	2424236	231049	dbcan		true	Bacteria	Bacillota	Bacilli	Lactobacillales	Lactobacillaceae	Furfurilactobacillus	Furfurilactobacillus rossiae	2837676	9846	0.34697407315000023	experimental
PUL0153	CP067366	5514	10079	47715	dbcan		true	Bacteria	Bacillota	Bacilli	Lactobacillales	Lactobacillaceae	Lacticaseibacillus	Lacticaseibacillus casei	63181	4565	7.2252734208068885	experimental
cblaster_PUL0456_2_PUL0411	CP091797	103330	120866	77095	cblaster_dbcan	merged	true	Bacteria	Bacteroidota	Bacteroidia	Bacteroidales	Bacteroidaceae	Prevotella	Prevotella bryantii	1104623	19952	1.8062271019162195	experimental
cblaster_PUL0456_1	CP091797	486335	488751	77095	cblaster		true	Bacteria	Bacteroidota	Bacteroidia	Bacteroidales	Bacteroidaceae	Prevotella	Prevotella bryantii	1104623	19952	1.8062271019162195	experimental
PUL0456_2_cblaster_PUL0411	CP091800	49194	67389	77095	dbcan_cblaster	merged	false	Bacteria	Bacteroidota	Bacteroidia	Bacteroidales	Bacteroidaceae	Prevotella	Prevotella bryantii	1144609	24154	2.1102402654530934	experimental
PUL0456_1	CP091800	811569	817528	77095	dbcan		false	Bacteria	Bacteroidota	Bacteroidia	Bacteroidales	Bacteroidaceae	Prevotella	Prevotella bryantii	1144609	24154	2.1102402654530934	experimental
PUL0027	CP092752	1032162	1037736	354	dbcan		true	Bacteria	Pseudomonadota	Gammaproteobacteria	Pseudomonadales	Pseudomonadaceae	Azotobacter	Azotobacter vinelandii	5617899	5574	0.09921858687740737	experimental
cblaster_PUL0751	CP098927	1080870	1087132	562	cblaster		true	Bacteria	Pseudomonadota	Gammaproteobacteria	Enterobacterales	Enterobacteriaceae	Escherichia	Escherichia coli	5310763	30896	0.5817619803406779	experimental
cblaster_PUL0321	CP098927	2474375	2480553	562	cblaster		true	Bacteria	Pseudomonadota	Gammaproteobacteria	Enterobacterales	Enterobacteriaceae	Escherichia	Escherichia coli	5310763	30896	0.5817619803406779	experimental
cblaster_PUL0571	CP098927	2655980	2662889	562	cblaster		true	Bacteria	Pseudomonadota	Gammaproteobacteria	Enterobacterales	Enterobacteriaceae	Escherichia	Escherichia coli	5310763	30896	0.5817619803406779	experimental
PUL0351	CP098927	3322685	3327569	562	dbcan		true	Bacteria	Pseudomonadota	Gammaproteobacteria	Enterobacterales	Enterobacteriaceae	Escherichia	Escherichia coli	5310763	30896	0.5817619803406779	experimental
cblaster_PUL0410	CP098927	4483198	4489861	562	cblaster		true	Bacteria	Pseudomonadota	Gammaproteobacteria	Enterobacterales	Enterobacteriaceae	Escherichia	Escherichia coli	5310763	30896	0.5817619803406779	experimental
cblaster_PUL0224_PUL0114_PUL0084	CP119677	1149419	1178123	29362	cblaster_dbcan	merged	true	Bacteria	Bacillota	Clostridia	Acetivibrionales	DSM-27016	Ruminiclostridium	Ruminiclostridium papyrosolvens	5027861	104989	2.088144441542835	experimental
PUL0086	CP119677	1180643	1186505	29362	dbcan		false	Bacteria	Bacillota	Clostridia	Acetivibrionales	DSM-27016	Ruminiclostridium	Ruminiclostridium papyrosolvens	5027861	104989	2.088144441542835	experimental
cblaster_PUL0743	CP119677	1193260	1210461	29362	cblaster		true	Bacteria	Bacillota	Clostridia	Acetivibrionales	DSM-27016	Ruminiclostridium	Ruminiclostridium papyrosolvens	5027861	104989	2.088144441542835	experimental
PUL0083_cblaster_PUL0385_PUL0040	CP119677	2232181	2256834	29362	dbcan_cblaster	merged	true	Bacteria	Bacillota	Clostridia	Acetivibrionales	DSM-27016	Ruminiclostridium	Ruminiclostridium papyrosolvens	5027861	104989	2.088144441542835	experimental
PUL0085	CP119677	2269358	2275495	29362	dbcan		true	Bacteria	Bacillota	Clostridia	Acetivibrionales	DSM-27016	Ruminiclostridium	Ruminiclostridium papyrosolvens	5027861	104989	2.088144441542835	experimental
PUL0087	CP119677	2499288	2505211	29362	dbcan		false	Bacteria	Bacillota	Clostridia	Acetivibrionales	DSM-27016	Ruminiclostridium	Ruminiclostridium papyrosolvens	5027861	104989	2.088144441542835	experimental
cblaster_PUL0017	CP119677	3144099	3158092	29362	cblaster		true	Bacteria	Bacillota	Clostridia	Acetivibrionales	DSM-27016	Ruminiclostridium	Ruminiclostridium papyrosolvens	5027861	104989	2.088144441542835	experimental
PUL0089	CP119677	3808139	3810655	29362	dbcan		false	Bacteria	Bacillota	Clostridia	Acetivibrionales	DSM-27016	Ruminiclostridium	Ruminiclostridium papyrosolvens	5027861	104989	2.088144441542835	experimental
cblaster_3772_PUL0555	CR626927	386593	403162		cblaster		false	Bacteria	Bacteroidota	Bacteroidia	Bacteroidales	Bacteroidaceae	Bacteroides	Bacteroides fragilis	5205140	176275	3.386556365438778	experimental
cblaster_3773	CR626927	458302	469327		cblaster		false	Bacteria	Bacteroidota	Bacteroidia	Bacteroidales	Bacteroidaceae	Bacteroides	Bacteroides fragilis	5205140	176275	3.386556365438778	experimental
PUL0408	CR626927	944105	949034	817	dbcan		false	Bacteria	Bacteroidota	Bacteroidia	Bacteroidales	Bacteroidaceae	Bacteroides	Bacteroides fragilis	5205140	176275	3.386556365438778	experimental
PUL0180	CR626927	973099	1007603	817	dbcan		false	Bacteria	Bacteroidota	Bacteroidia	Bacteroidales	Bacteroidaceae	Bacteroides	Bacteroides fragilis	5205140	176275	3.386556365438778	experimental
cblaster_3774_PUL0556	CR626927	1568050	1578269		cblaster		false	Bacteria	Bacteroidota	Bacteroidia	Bacteroidales	Bacteroidaceae	Bacteroides	Bacteroides fragilis	5205140	176275	3.386556365438778	experimental
cblaster_27826	CR626927	1886173	1891002		cblaster		false	Bacteria	Bacteroidota	Bacteroidia	Bacteroidales	Bacteroidaceae	Bacteroides	Bacteroides fragilis	5205140	176275	3.386556365438778	experimental
3712	CR626927	2004661	2011529		puldb		false	Bacteria	Bacteroidota	Bacteroidia	Bacteroidales	Bacteroidaceae	Bacteroides	Bacteroides fragilis	5205140	176275	3.386556365438778	experimental
cblaster_3651_PUL0348_cblaster_PUL0746_cblaster_27819	CR626927	2100109	2124156		cblaster	merged	false	Bacteria	Bacteroidota	Bacteroidia	Bacteroidales	Bacteroidaceae	Bacteroides	Bacteroides fragilis	5205140	176275	3.386556365438778	experimental
cblaster_3651_PUL0348_cblaster_PUL0746_cblaster_27819	CR626927	2100109	2124156		cblaster	merged	false	Bacteria	Bacteroidota	Bacteroidia	Bacteroidales	Bacteroidaceae	Bacteroides	Bacteroides fragilis	5205140	176275	3.386556365438778	experimental
cblaster_PUL0166	CR626927	3664550	3675115		cblaster		false	Bacteria	Bacteroidota	Bacteroidia	Bacteroidales	Bacteroidaceae	Bacteroides	Bacteroides fragilis	5205140	176275	3.386556365438778	experimental
cblaster_3775_PUL0171	CR626927	4022353	4035710		cblaster		false	Bacteria	Bacteroidota	Bacteroidia	Bacteroidales	Bacteroidaceae	Bacteroides	Bacteroides fragilis	5205140	176275	3.386556365438778	experimental
cblaster_245	CR626927	4132775	4137370		cblaster		false	Bacteria	Bacteroidota	Bacteroidia	Bacteroidales	Bacteroidaceae	Bacteroides	Bacteroides fragilis	5205140	176275	3.386556365438778	experimental
3713	CR626927	4217917	4228638		puldb		false	Bacteria	Bacteroidota	Bacteroidia	Bacteroidales	Bacteroidaceae	Bacteroides	Bacteroides fragilis	5205140	176275	3.386556365438778	experimental
31418_PUL0235	CU207366	1203786	1228271	411153	puldb_dbcan	merged	false	Bacteria	Bacteroidota	Bacteroidia	Flavobacteriales	Flavobacteriaceae	Christiangramia	Christiangramia forsetii	3798465	61450	1.617758752548727	experimental
31419_PUL0236_cblaster_24469	CU207366	2257233	2278112	411153	puldb_dbcan_cblaster	merged	false	Bacteria	Bacteroidota	Bacteroidia	Flavobacteriales	Flavobacteriaceae	Christiangramia	Christiangramia forsetii	3798465	61450	1.617758752548727	experimental
PUL0234_31420	CU207366	3621545	3637631	411153	dbcan_puldb	merged	false	Bacteria	Bacteroidota	Bacteroidia	Flavobacteriales	Flavobacteriaceae	Christiangramia	Christiangramia forsetii	3798465	61450	1.617758752548727	experimental
cblaster_PUL0539_cblaster_PUL0667	EQ973490	24201	50780	246787	cblaster	merged	false	Bacteria	Bacteroidota	Bacteroidia	Bacteroidales	Bacteroidaceae	Bacteroides	Bacteroides cellulosilyticus	2178212	183128	8.407262470319694	experimental
cblaster_PUL0540	EQ973490	560159	571822	246787	cblaster		false	Bacteria	Bacteroidota	Bacteroidia	Bacteroidales	Bacteroidaceae	Bacteroides	Bacteroides cellulosilyticus	2178212	183128	8.407262470319694	experimental
cblaster_PUL0541	EQ973490	653101	666260	246787	cblaster		false	Bacteria	Bacteroidota	Bacteroidia	Bacteroidales	Bacteroidaceae	Bacteroides	Bacteroides cellulosilyticus	2178212	183128	8.407262470319694	experimental
cblaster_PUL0543	EQ973490	682230	695770	246787	cblaster		false	Bacteria	Bacteroidota	Bacteroidia	Bacteroidales	Bacteroidaceae	Bacteroides	Bacteroides cellulosilyticus	2178212	183128	8.407262470319694	experimental
cblaster_PUL0545_PUL0644	EQ973490	1329074	1352423	246787	cblaster_dbcan	merged	false	Bacteria	Bacteroidota	Bacteroidia	Bacteroidales	Bacteroidaceae	Bacteroides	Bacteroides cellulosilyticus	2178212	183128	8.407262470319694	experimental
cblaster_PUL0546	EQ973490	1405947	1423928	246787	cblaster		false	Bacteria	Bacteroidota	Bacteroidia	Bacteroidales	Bacteroidaceae	Bacteroides	Bacteroides cellulosilyticus	2178212	183128	8.407262470319694	experimental
cblaster_PUL0547	EQ973490	1499819	1518897	246787	cblaster		false	Bacteria	Bacteroidota	Bacteroidia	Bacteroidales	Bacteroidaceae	Bacteroides	Bacteroides cellulosilyticus	2178212	183128	8.407262470319694	experimental
cblaster_PUL0548	EQ973490	1532563	1545070	246787	cblaster		false	Bacteria	Bacteroidota	Bacteroidia	Bacteroidales	Bacteroidaceae	Bacteroides	Bacteroides cellulosilyticus	2178212	183128	8.407262470319694	experimental
cblaster_PUL0538	EQ973490	1623755	1642855	246787	cblaster		false	Bacteria	Bacteroidota	Bacteroidia	Bacteroidales	Bacteroidaceae	Bacteroides	Bacteroides cellulosilyticus	2178212	183128	8.407262470319694	experimental
PUL0064	EQ973490	1996377	2022549	246787	dbcan		false	Bacteria	Bacteroidota	Bacteroidia	Bacteroidales	Bacteroidaceae	Bacteroides	Bacteroides cellulosilyticus	2178212	183128	8.407262470319694	experimental
PUL0159	FM179324	40411	43234	47715	dbcan		false								64508	16527	25.62007812984436	experimental
cblaster_PUL0153_cblaster_PUL0407	FM179324	50298	54866	47715	cblaster	merged	false								64508	16527	25.62007812984436	experimental
cblaster_PUL0153_cblaster_PUL0407	FM179324	50298	54866	47715	cblaster	merged	false								64508	16527	25.62007812984436	experimental
cblaster_PUL0153_cblaster_PUL0407	FM179324	50298	54866	47715	cblaster	merged	false								64508	16527	25.62007812984436	experimental
21119	FP476056	174877	188546		puldb		false	Bacteria	Bacteroidota	Bacteroidia	Flavobacteriales	Flavobacteriaceae	Zobellia	Zobellia galactanivorans	5521712	929780	16.838618167698712	experimental
21120	FP476056	214864	230540		puldb		false	Bacteria	Bacteroidota	Bacteroidia	Flavobacteriales	Flavobacteriaceae	Zobellia	Zobellia galactanivorans	5521712	929780	16.838618167698712	experimental
21121_21122_PUL0132	FP476056	230679	268488	63186	puldb_dbcan	merged	false	Bacteria	Bacteroidota	Bacteroidia	Flavobacteriales	Flavobacteriaceae	Zobellia	Zobellia galactanivorans	5521712	929780	16.838618167698712	experimental
21123_PUL0318_21124	FP476056	275509	307872	63186	puldb_dbcan_puldb	merged	false	Bacteria	Bacteroidota	Bacteroidia	Flavobacteriales	Flavobacteriaceae	Zobellia	Zobellia galactanivorans	5521712	929780	16.838618167698712	experimental
21125	FP476056	340985	350666		puldb		false	Bacteria	Bacteroidota	Bacteroidia	Flavobacteriales	Flavobacteriaceae	Zobellia	Zobellia galactanivorans	5521712	929780	16.838618167698712	experimental
21126_21127	FP476056	398989	466536		puldb	merged	false	Bacteria	Bacteroidota	Bacteroidia	Flavobacteriales	Flavobacteriaceae	Zobellia	Zobellia galactanivorans	5521712	929780	16.838618167698712	experimental
21128	FP476056	472111	481243		puldb		false	Bacteria	Bacteroidota	Bacteroidia	Flavobacteriales	Flavobacteriaceae	Zobellia	Zobellia galactanivorans	5521712	929780	16.838618167698712	experimental
21129_21130	FP476056	484942	508227		puldb	merged	false	Bacteria	Bacteroidota	Bacteroidia	Flavobacteriales	Flavobacteriaceae	Zobellia	Zobellia galactanivorans	5521712	929780	16.838618167698712	experimental
21131	FP476056	576319	592323		puldb		false	Bacteria	Bacteroidota	Bacteroidia	Flavobacteriales	Flavobacteriaceae	Zobellia	Zobellia galactanivorans	5521712	929780	16.838618167698712	experimental
21132	FP476056	1085930	1101326		puldb		false	Bacteria	Bacteroidota	Bacteroidia	Flavobacteriales	Flavobacteriaceae	Zobellia	Zobellia galactanivorans	5521712	929780	16.838618167698712	experimental
21133	FP476056	1190929	1208012		puldb		false	Bacteria	Bacteroidota	Bacteroidia	Flavobacteriales	Flavobacteriaceae	Zobellia	Zobellia galactanivorans	5521712	929780	16.838618167698712	experimental
21134	FP476056	1223179	1246806		puldb		false	Bacteria	Bacteroidota	Bacteroidia	Flavobacteriales	Flavobacteriaceae	Zobellia	Zobellia galactanivorans	5521712	929780	16.838618167698712	experimental
21135_21136	FP476056	1250098	1281471		puldb	merged	false	Bacteria	Bacteroidota	Bacteroidia	Flavobacteriales	Flavobacteriaceae	Zobellia	Zobellia galactanivorans	5521712	929780	16.838618167698712	experimental
21137	FP476056	1479049	1491997		puldb		false	Bacteria	Bacteroidota	Bacteroidia	Flavobacteriales	Flavobacteriaceae	Zobellia	Zobellia galactanivorans	5521712	929780	16.838618167698712	experimental
21138	FP476056	1769357	1777496		puldb		false	Bacteria	Bacteroidota	Bacteroidia	Flavobacteriales	Flavobacteriaceae	Zobellia	Zobellia galactanivorans	5521712	929780	16.838618167698712	experimental
21139	FP476056	2420111	2441113		puldb		false	Bacteria	Bacteroidota	Bacteroidia	Flavobacteriales	Flavobacteriaceae	Zobellia	Zobellia galactanivorans	5521712	929780	16.838618167698712	experimental
21140	FP476056	2504916	2518507		puldb		false	Bacteria	Bacteroidota	Bacteroidia	Flavobacteriales	Flavobacteriaceae	Zobellia	Zobellia galactanivorans	5521712	929780	16.838618167698712	experimental
PUL0149_21141_21142	FP476056	2560055	2608025	63186	dbcan_puldb_puldb	merged	false	Bacteria	Bacteroidota	Bacteroidia	Flavobacteriales	Flavobacteriaceae	Zobellia	Zobellia galactanivorans	5521712	929780	16.838618167698712	experimental
21143	FP476056	2610665	2619786		puldb		false	Bacteria	Bacteroidota	Bacteroidia	Flavobacteriales	Flavobacteriaceae	Zobellia	Zobellia galactanivorans	5521712	929780	16.838618167698712	experimental
21144	FP476056	2681750	2690170		puldb		false	Bacteria	Bacteroidota	Bacteroidia	Flavobacteriales	Flavobacteriaceae	Zobellia	Zobellia galactanivorans	5521712	929780	16.838618167698712	experimental
21145	FP476056	2695784	2707616		puldb		false	Bacteria	Bacteroidota	Bacteroidia	Flavobacteriales	Flavobacteriaceae	Zobellia	Zobellia galactanivorans	5521712	929780	16.838618167698712	experimental
21146	FP476056	2875504	2888080		puldb		false	Bacteria	Bacteroidota	Bacteroidia	Flavobacteriales	Flavobacteriaceae	Zobellia	Zobellia galactanivorans	5521712	929780	16.838618167698712	experimental
21147_PUL0151	FP476056	3065129	3084329	63186	puldb_dbcan	merged	false	Bacteria	Bacteroidota	Bacteroidia	Flavobacteriales	Flavobacteriaceae	Zobellia	Zobellia galactanivorans	5521712	929780	16.838618167698712	experimental
21148	FP476056	3125872	3141960		puldb		false	Bacteria	Bacteroidota	Bacteroidia	Flavobacteriales	Flavobacteriaceae	Zobellia	Zobellia galactanivorans	5521712	929780	16.838618167698712	experimental
PUL0319_PUL0314	FP476056	3465709	3478173	63186	dbcan	merged	false	Bacteria	Bacteroidota	Bacteroidia	Flavobacteriales	Flavobacteriaceae	Zobellia	Zobellia galactanivorans	5521712	929780	16.838618167698712	experimental
21149	FP476056	3552451	3560830		puldb		false	Bacteria	Bacteroidota	Bacteroidia	Flavobacteriales	Flavobacteriaceae	Zobellia	Zobellia galactanivorans	5521712	929780	16.838618167698712	experimental
21150	FP476056	3603808	3617045		puldb		false	Bacteria	Bacteroidota	Bacteroidia	Flavobacteriales	Flavobacteriaceae	Zobellia	Zobellia galactanivorans	5521712	929780	16.838618167698712	experimental
21169_PUL0148	FP476056	3633325	3658429	63186	puldb_dbcan	merged	false	Bacteria	Bacteroidota	Bacteroidia	Flavobacteriales	Flavobacteriaceae	Zobellia	Zobellia galactanivorans	5521712	929780	16.838618167698712	experimental
21151	FP476056	3848117	3864900		puldb		false	Bacteria	Bacteroidota	Bacteroidia	Flavobacteriales	Flavobacteriaceae	Zobellia	Zobellia galactanivorans	5521712	929780	16.838618167698712	experimental
21152_21153	FP476056	3938479	4000085		puldb	merged	false	Bacteria	Bacteroidota	Bacteroidia	Flavobacteriales	Flavobacteriaceae	Zobellia	Zobellia galactanivorans	5521712	929780	16.838618167698712	experimental
21154_21155	FP476056	4018270	4054164		puldb	merged	false	Bacteria	Bacteroidota	Bacteroidia	Flavobacteriales	Flavobacteriaceae	Zobellia	Zobellia galactanivorans	5521712	929780	16.838618167698712	experimental
21156_21157	FP476056	4070820	4102585		puldb	merged	false	Bacteria	Bacteroidota	Bacteroidia	Flavobacteriales	Flavobacteriaceae	Zobellia	Zobellia galactanivorans	5521712	929780	16.838618167698712	experimental
21158_PUL0315	FP476056	4125495	4143881	63186	puldb_dbcan	merged	false	Bacteria	Bacteroidota	Bacteroidia	Flavobacteriales	Flavobacteriaceae	Zobellia	Zobellia galactanivorans	5521712	929780	16.838618167698712	experimental
21159	FP476056	4157067	4186737		puldb		false	Bacteria	Bacteroidota	Bacteroidia	Flavobacteriales	Flavobacteriaceae	Zobellia	Zobellia galactanivorans	5521712	929780	16.838618167698712	experimental
21160	FP476056	4234954	4251611		puldb		false	Bacteria	Bacteroidota	Bacteroidia	Flavobacteriales	Flavobacteriaceae	Zobellia	Zobellia galactanivorans	5521712	929780	16.838618167698712	experimental
21161	FP476056	4483050	4501301		puldb		false	Bacteria	Bacteroidota	Bacteroidia	Flavobacteriales	Flavobacteriaceae	Zobellia	Zobellia galactanivorans	5521712	929780	16.838618167698712	experimental
21162	FP476056	4575941	4589508		puldb		false	Bacteria	Bacteroidota	Bacteroidia	Flavobacteriales	Flavobacteriaceae	Zobellia	Zobellia galactanivorans	5521712	929780	16.838618167698712	experimental
21163	FP476056	4619396	4635730		puldb		false	Bacteria	Bacteroidota	Bacteroidia	Flavobacteriales	Flavobacteriaceae	Zobellia	Zobellia galactanivorans	5521712	929780	16.838618167698712	experimental
21164	FP476056	4638393	4653877		puldb		false	Bacteria	Bacteroidota	Bacteroidia	Flavobacteriales	Flavobacteriaceae	Zobellia	Zobellia galactanivorans	5521712	929780	16.838618167698712	experimental
21165	FP476056	4684230	4704981		puldb		false	Bacteria	Bacteroidota	Bacteroidia	Flavobacteriales	Flavobacteriaceae	Zobellia	Zobellia galactanivorans	5521712	929780	16.838618167698712	experimental
PUL0313	FP476056	4847515	4853424	63186	dbcan		false	Bacteria	Bacteroidota	Bacteroidia	Flavobacteriales	Flavobacteriaceae	Zobellia	Zobellia galactanivorans	5521712	929780	16.838618167698712	experimental
PUL0317	FP476056	4920036	4924412	63186	dbcan		false	Bacteria	Bacteroidota	Bacteroidia	Flavobacteriales	Flavobacteriaceae	Zobellia	Zobellia galactanivorans	5521712	929780	16.838618167698712	experimental
21166	FP476056	5323242	5338568		puldb		false	Bacteria	Bacteroidota	Bacteroidia	Flavobacteriales	Flavobacteriaceae	Zobellia	Zobellia galactanivorans	5521712	929780	16.838618167698712	experimental
21167_PUL0316	FP476056	5363176	5389576	63186	puldb_dbcan	merged	false	Bacteria	Bacteroidota	Bacteroidia	Flavobacteriales	Flavobacteriaceae	Zobellia	Zobellia galactanivorans	5521712	929780	16.838618167698712	experimental
21168	FP476056	5406314	5436219		puldb		false	Bacteria	Bacteroidota	Bacteroidia	Flavobacteriales	Flavobacteriaceae	Zobellia	Zobellia galactanivorans	5521712	929780	16.838618167698712	experimental
cblaster_240_PUL0790	FP929033	411816	434725	371601	cblaster	merged	false	Bacteria	Bacteroidota	Bacteroidia	Bacteroidales	Bacteroidaceae	Bacteroides	Bacteroides xylanisolvens	5976145	747347	12.505503129525806	experimental
cblaster_PUL0791	FP929033	483126	499751	371601	cblaster	merged	false	Bacteria	Bacteroidota	Bacteroidia	Bacteroidales	Bacteroidaceae	Bacteroides	Bacteroides xylanisolvens	5976145	747347	12.505503129525806	experimental
3068_PUL0189	FP929033	735268	775130	371601	puldb_dbcan	merged	false	Bacteria	Bacteroidota	Bacteroidia	Bacteroidales	Bacteroidaceae	Bacteroides	Bacteroides xylanisolvens	5976145	747347	12.505503129525806	experimental
cblaster_242_PUL0415	FP929033	1008420	1021889	371601	cblaster	merged	false	Bacteria	Bacteroidota	Bacteroidia	Bacteroidales	Bacteroidaceae	Bacteroides	Bacteroides xylanisolvens	5976145	747347	12.505503129525806	experimental
cblaster_PUL0746_cblaster_27819	FP929033	1054312	1068020	371601	cblaster	merged	false	Bacteria	Bacteroidota	Bacteroidia	Bacteroidales	Bacteroidaceae	Bacteroides	Bacteroides xylanisolvens	5976145	747347	12.505503129525806	experimental
cblaster_PUL0746_cblaster_27819	FP929033	1054312	1068020	371601	cblaster	merged	false	Bacteria	Bacteroidota	Bacteroidia	Bacteroidales	Bacteroidaceae	Bacteroides	Bacteroides xylanisolvens	5976145	747347	12.505503129525806	experimental
cblaster_296	FP929033	1222558	1240042	371601	cblaster	merged	false	Bacteria	Bacteroidota	Bacteroidia	Bacteroidales	Bacteroidaceae	Bacteroides	Bacteroides xylanisolvens	5976145	747347	12.505503129525806	experimental
cblaster_298	FP929033	1264086	1269325	371601	cblaster	merged	false	Bacteria	Bacteroidota	Bacteroidia	Bacteroidales	Bacteroidaceae	Bacteroides	Bacteroides xylanisolvens	5976145	747347	12.505503129525806	experimental
cblaster_299	FP929033	1280569	1286735	371601	cblaster	merged	false	Bacteria	Bacteroidota	Bacteroidia	Bacteroidales	Bacteroidaceae	Bacteroides	Bacteroides xylanisolvens	5976145	747347	12.505503129525806	experimental
cblaster_300	FP929033	1359912	1376912	371601	cblaster	merged	false	Bacteria	Bacteroidota	Bacteroidia	Bacteroidales	Bacteroidaceae	Bacteroides	Bacteroides xylanisolvens	5976145	747347	12.505503129525806	experimental
cblaster_245	FP929033	1480470	1485233	371601	cblaster	merged	false	Bacteria	Bacteroidota	Bacteroidia	Bacteroidales	Bacteroidaceae	Bacteroides	Bacteroides xylanisolvens	5976145	747347	12.505503129525806	experimental
cblaster_262	FP929033	1555151	1560765	371601	cblaster	merged	false	Bacteria	Bacteroidota	Bacteroidia	Bacteroidales	Bacteroidaceae	Bacteroides	Bacteroides xylanisolvens	5976145	747347	12.505503129525806	experimental
cblaster_330_PUL0425	FP929033	1679635	1699967	371601	cblaster	merged	false	Bacteria	Bacteroidota	Bacteroidia	Bacteroidales	Bacteroidaceae	Bacteroides	Bacteroides xylanisolvens	5976145	747347	12.505503129525806	experimental
3069_PUL0190_cblaster_PUL0532	FP929033	1840730	1873020	371601	puldb_dbcan_cblaster	merged	false	Bacteria	Bacteroidota	Bacteroidia	Bacteroidales	Bacteroidaceae	Bacteroides	Bacteroides xylanisolvens	5976145	747347	12.505503129525806	experimental
cblaster_272_273_274_PUL0418	FP929033	2288887	2325106	371601	cblaster	merged	false	Bacteria	Bacteroidota	Bacteroidia	Bacteroidales	Bacteroidaceae	Bacteroides	Bacteroides xylanisolvens	5976145	747347	12.505503129525806	experimental
cblaster_283	FP929033	2592590	2605239	371601	cblaster	merged	false	Bacteria	Bacteroidota	Bacteroidia	Bacteroidales	Bacteroidaceae	Bacteroides	Bacteroides xylanisolvens	5976145	747347	12.505503129525806	experimental
cblaster_286	FP929033	2660217	2672470	371601	cblaster	merged	false	Bacteria	Bacteroidota	Bacteroidia	Bacteroidales	Bacteroidaceae	Bacteroides	Bacteroides xylanisolvens	5976145	747347	12.505503129525806	experimental
cblaster_291	FP929033	2850366	2864297	371601	cblaster	merged	false	Bacteria	Bacteroidota	Bacteroidia	Bacteroidales	Bacteroidaceae	Bacteroides	Bacteroides xylanisolvens	5976145	747347	12.505503129525806	experimental
PUL0553	FP929033	3588797	3632016	371601	dbcan		false	Bacteria	Bacteroidota	Bacteroidia	Bacteroidales	Bacteroidaceae	Bacteroides	Bacteroides xylanisolvens	5976145	747347	12.505503129525806	experimental
cblaster_307_cblaster_27872	FP929033	3645720	3653683	371601	cblaster	merged	false	Bacteria	Bacteroidota	Bacteroidia	Bacteroidales	Bacteroidaceae	Bacteroides	Bacteroides xylanisolvens	5976145	747347	12.505503129525806	experimental
cblaster_307_cblaster_27872	FP929033	3645720	3653683	371601	cblaster	merged	false	Bacteria	Bacteroidota	Bacteroidia	Bacteroidales	Bacteroidaceae	Bacteroides	Bacteroides xylanisolvens	5976145	747347	12.505503129525806	experimental
cblaster_307_cblaster_27872	FP929033	3645720	3653683	371601	cblaster	merged	false	Bacteria	Bacteroidota	Bacteroidia	Bacteroidales	Bacteroidaceae	Bacteroides	Bacteroides xylanisolvens	5976145	747347	12.505503129525806	experimental
cblaster_PUL0666	FP929033	3667516	3673697	371601	cblaster	merged	false	Bacteria	Bacteroidota	Bacteroidia	Bacteroidales	Bacteroidaceae	Bacteroides	Bacteroides xylanisolvens	5976145	747347	12.505503129525806	experimental
cblaster_253	FP929033	3738210	3753930	371601	cblaster	merged	false	Bacteria	Bacteroidota	Bacteroidia	Bacteroidales	Bacteroidaceae	Bacteroides	Bacteroides xylanisolvens	5976145	747347	12.505503129525806	experimental
cblaster_27881_PUL0380	FP929033	3853114	3873417	371601	cblaster	merged	false	Bacteria	Bacteroidota	Bacteroidia	Bacteroidales	Bacteroidaceae	Bacteroides	Bacteroides xylanisolvens	5976145	747347	12.505503129525806	experimental
3070_PUL0191	FP929033	3987941	4011183	371601	puldb_dbcan	merged	false	Bacteria	Bacteroidota	Bacteroidia	Bacteroidales	Bacteroidaceae	Bacteroides	Bacteroides xylanisolvens	5976145	747347	12.505503129525806	experimental
3071_PUL0192_3072_PUL0193_cblaster_334_PUL0787	FP929033	4023208	4142706	371601	puldb_dbcan_puldb_dbcan_cblaster	merged	false	Bacteria	Bacteroidota	Bacteroidia	Bacteroidales	Bacteroidaceae	Bacteroides	Bacteroides xylanisolvens	5976145	747347	12.505503129525806	experimental
cblaster_336	FP929033	4335208	4352916	371601	cblaster	merged	false	Bacteria	Bacteroidota	Bacteroidia	Bacteroidales	Bacteroidaceae	Bacteroides	Bacteroides xylanisolvens	5976145	747347	12.505503129525806	experimental
cblaster_27892_cblaster_339	FP929033	4497151	4505127	371601	cblaster	merged	false	Bacteria	Bacteroidota	Bacteroidia	Bacteroidales	Bacteroidaceae	Bacteroides	Bacteroides xylanisolvens	5976145	747347	12.505503129525806	experimental
cblaster_27892_cblaster_339	FP929033	4497151	4505127	371601	cblaster	merged	false	Bacteria	Bacteroidota	Bacteroidia	Bacteroidales	Bacteroidaceae	Bacteroides	Bacteroides xylanisolvens	5976145	747347	12.505503129525806	experimental
cblaster_27892_cblaster_339	FP929033	4497151	4505127	371601	cblaster	merged	false	Bacteria	Bacteroidota	Bacteroidia	Bacteroidales	Bacteroidaceae	Bacteroides	Bacteroides xylanisolvens	5976145	747347	12.505503129525806	experimental
cblaster_27810	FP929033	4826978	4832438	371601	cblaster	merged	false	Bacteria	Bacteroidota	Bacteroidia	Bacteroidales	Bacteroidaceae	Bacteroides	Bacteroides xylanisolvens	5976145	747347	12.505503129525806	experimental
cblaster_257_cblaster_27812	FP929033	5143605	5157429	371601	cblaster	merged	false	Bacteria	Bacteroidota	Bacteroidia	Bacteroidales	Bacteroidaceae	Bacteroides	Bacteroides xylanisolvens	5976145	747347	12.505503129525806	experimental
cblaster_257_cblaster_27812	FP929033	5143605	5157429	371601	cblaster	merged	false	Bacteria	Bacteroidota	Bacteroidia	Bacteroidales	Bacteroidaceae	Bacteroides	Bacteroides xylanisolvens	5976145	747347	12.505503129525806	experimental
cblaster_256	FP929033	5168135	5177744	371601	cblaster	merged	false	Bacteria	Bacteroidota	Bacteroidia	Bacteroidales	Bacteroidaceae	Bacteroides	Bacteroides xylanisolvens	5976145	747347	12.505503129525806	experimental
cblaster_247_cblaster_27826	FP929033	5418335	5422960	371601	cblaster	merged	false	Bacteria	Bacteroidota	Bacteroidia	Bacteroidales	Bacteroidaceae	Bacteroides	Bacteroides xylanisolvens	5976145	747347	12.505503129525806	experimental
cblaster_247_cblaster_27826	FP929033	5418335	5422960	371601	cblaster	merged	false	Bacteria	Bacteroidota	Bacteroidia	Bacteroidales	Bacteroidaceae	Bacteroides	Bacteroides xylanisolvens	5976145	747347	12.505503129525806	experimental
cblaster_321	FP929033	5452206	5468375	371601	cblaster	merged	false	Bacteria	Bacteroidota	Bacteroidia	Bacteroidales	Bacteroidaceae	Bacteroides	Bacteroides xylanisolvens	5976145	747347	12.505503129525806	experimental
cblaster_322_3073	FP929033	5521505	5535428	371601	cblaster_puldb	merged	false	Bacteria	Bacteroidota	Bacteroidia	Bacteroidales	Bacteroidaceae	Bacteroides	Bacteroides xylanisolvens	5976145	747347	12.505503129525806	experimental
cblaster_323	FP929033	5575348	5582702	371601	cblaster	merged	false	Bacteria	Bacteroidota	Bacteroidia	Bacteroidales	Bacteroidaceae	Bacteroides	Bacteroides xylanisolvens	5976145	747347	12.505503129525806	experimental
cblaster_325_PUL0392	FP929033	5670190	5693505	371601	cblaster_dbcan	merged	false	Bacteria	Bacteroidota	Bacteroidia	Bacteroidales	Bacteroidaceae	Bacteroides	Bacteroides xylanisolvens	5976145	747347	12.505503129525806	experimental
cblaster_310_PUL0422	FP929033	5851776	5860847	371601	cblaster	merged	false	Bacteria	Bacteroidota	Bacteroidia	Bacteroidales	Bacteroidaceae	Bacteroides	Bacteroides xylanisolvens	5976145	747347	12.505503129525806	experimental
cblaster_PUL0667	FP929033	5875539	5880229	371601	cblaster	merged	false	Bacteria	Bacteroidota	Bacteroidia	Bacteroidales	Bacteroidaceae	Bacteroides	Bacteroides xylanisolvens	5976145	747347	12.505503129525806	experimental
cblaster_314	FP929033	5881655	5904604	371601	cblaster	merged	false	Bacteria	Bacteroidota	Bacteroidia	Bacteroidales	Bacteroidaceae	Bacteroides	Bacteroides xylanisolvens	5976145	747347	12.505503129525806	experimental
PUL0596	FP929042	196460	202017	39491	dbcan		false	Bacteria	Bacillota	Clostridia	Lachnospirales	Lachnospiraceae	Agathobacter	Agathobacter rectalis	3344951	20080	0.600307747407959	experimental
PUL0595	FP929042	2173768	2180902	39491	dbcan		false	Bacteria	Bacillota	Clostridia	Lachnospirales	Lachnospiraceae	Agathobacter	Agathobacter rectalis	3344951	20080	0.600307747407959	experimental
cblaster_PUL0394_PUL0632_cblaster_PUL0634	FP929042	3230561	3237950	39491	cblaster	merged	false	Bacteria	Bacillota	Clostridia	Lachnospirales	Lachnospiraceae	Agathobacter	Agathobacter rectalis	3344951	20080	0.600307747407959	experimental
3772_PUL0555	FQ312004	436949	455517	817	puldb_dbcan	merged	false	Bacteria	Bacteroidota	Bacteroidia	Bacteroidales	Bacteroidaceae	Bacteroides	Bacteroides fragilis	5373121	170671	3.1763848236434655	experimental
3773	FQ312004	523100	536123		puldb		false	Bacteria	Bacteroidota	Bacteroidia	Bacteroidales	Bacteroidaceae	Bacteroides	Bacteroides fragilis	5373121	170671	3.1763848236434655	experimental
cblaster_PUL0408	FQ312004	997495	1002425	817	cblaster	merged	false	Bacteria	Bacteroidota	Bacteroidia	Bacteroidales	Bacteroidaceae	Bacteroides	Bacteroides fragilis	5373121	170671	3.1763848236434655	experimental
cblaster_PUL0180	FQ312004	1026492	1061001	817	cblaster	merged	false	Bacteria	Bacteroidota	Bacteroidia	Bacteroidales	Bacteroidaceae	Bacteroides	Bacteroides fragilis	5373121	170671	3.1763848236434655	experimental
3774_PUL0556	FQ312004	1582511	1594729	817	puldb_dbcan	merged	false	Bacteria	Bacteroidota	Bacteroidia	Bacteroidales	Bacteroidaceae	Bacteroides	Bacteroides fragilis	5373121	170671	3.1763848236434655	experimental
cblaster_27826	FQ312004	1890596	1895425	817	cblaster	merged	false	Bacteria	Bacteroidota	Bacteroidia	Bacteroidales	Bacteroidaceae	Bacteroides	Bacteroides fragilis	5373121	170671	3.1763848236434655	experimental
cblaster_3651_PUL0348_cblaster_PUL0746_cblaster_27819	FQ312004	2027222	2051267	817	cblaster	merged	false	Bacteria	Bacteroidota	Bacteroidia	Bacteroidales	Bacteroidaceae	Bacteroides	Bacteroides fragilis	5373121	170671	3.1763848236434655	experimental
cblaster_3651_PUL0348_cblaster_PUL0746_cblaster_27819	FQ312004	2027222	2051267	817	cblaster	merged	false	Bacteria	Bacteroidota	Bacteroidia	Bacteroidales	Bacteroidaceae	Bacteroides	Bacteroides fragilis	5373121	170671	3.1763848236434655	experimental
PUL0166	FQ312004	3710042	3720606	817	dbcan		false	Bacteria	Bacteroidota	Bacteroidia	Bacteroidales	Bacteroidaceae	Bacteroides	Bacteroides fragilis	5373121	170671	3.1763848236434655	experimental
3775_PUL0171	FQ312004	4059271	4071266	817	puldb_dbcan	merged	false	Bacteria	Bacteroidota	Bacteroidia	Bacteroidales	Bacteroidaceae	Bacteroides	Bacteroides fragilis	5373121	170671	3.1763848236434655	experimental
cblaster_245	FQ312004	4166472	4171045	817	cblaster	merged	false	Bacteria	Bacteroidota	Bacteroidia	Bacteroidales	Bacteroidaceae	Bacteroides	Bacteroides fragilis	5373121	170671	3.1763848236434655	experimental
cblaster_3713	FQ312004	4253817	4261189	817	cblaster	merged	false	Bacteria	Bacteroidota	Bacteroidia	Bacteroidales	Bacteroidaceae	Bacteroides	Bacteroides fragilis	5373121	170671	3.1763848236434655	experimental
PUL0066	GL882630	4456	29812	626930	dbcan		false	Bacteria	Bacteroidota	Bacteroidia	Bacteroidales	Bacteroidaceae	Bacteroides	Bacteroides fluxus	137728	25356	18.410199814126393	experimental
cblaster_PUL0718_PUL0055	GL945092	14952	32944	457387	cblaster_dbcan	merged	false	Bacteria	Bacteroidota	Bacteroidia	Bacteroidales	Bacteroidaceae	Bacteroides	Bacteroides xylanisolvens	609109	125418	20.59040335966141	experimental
cblaster_286	GL945092	33840	46093	457387	cblaster		false	Bacteria	Bacteroidota	Bacteroidia	Bacteroidales	Bacteroidaceae	Bacteroides	Bacteroides xylanisolvens	609109	125418	20.59040335966141	experimental
cblaster_287	GL945092	48606	80915	457387	cblaster		false	Bacteria	Bacteroidota	Bacteroidia	Bacteroidales	Bacteroidaceae	Bacteroides	Bacteroides xylanisolvens	609109	125418	20.59040335966141	experimental
cblaster_288	GL945092	85965	94134	457387	cblaster		false	Bacteria	Bacteroidota	Bacteroidia	Bacteroidales	Bacteroidaceae	Bacteroides	Bacteroides xylanisolvens	609109	125418	20.59040335966141	experimental
cblaster_289_290	GL945092	199613	228000	457387	cblaster		false	Bacteria	Bacteroidota	Bacteroidia	Bacteroidales	Bacteroidaceae	Bacteroides	Bacteroides xylanisolvens	609109	125418	20.59040335966141	experimental
cblaster_291	GL945092	262359	276293	457387	cblaster		false	Bacteria	Bacteroidota	Bacteroidia	Bacteroidales	Bacteroidaceae	Bacteroides	Bacteroides xylanisolvens	609109	125418	20.59040335966141	experimental
cblaster_27865_PUL0325	GL945092	430241	442615	457387	cblaster		false	Bacteria	Bacteroidota	Bacteroidia	Bacteroidales	Bacteroidaceae	Bacteroides	Bacteroides xylanisolvens	609109	125418	20.59040335966141	experimental
PUL0218_cblaster_PUL0794	HF548278	1	41173	433724	dbcan_cblaster	merged	false								41175	41172	99.99271402550092	experimental
PUL0630	HF548280	18604	35744	433724	dbcan		false								36811	17140	46.56216891689984	experimental
PUL0728	JABDHV010000033	5144	33037	239935	dbcan		false	Bacteria	Verrucomicrobiota	Verrucomicrobiia	Verrucomicrobiales	Akkermansiaceae	Akkermansia	Akkermansia biwaensis	33560	27893	83.11382598331348	experimental
PUL0621	JABKKE010000002	129359	150740	2736291	dbcan		false	Bacteria	Bacteroidota	Bacteroidia	Bacteroidales	Bacteroidaceae	Prevotella	Prevotella rodentium	253660	21381	8.428999448080107	experimental
PUL0620	JABKKE010000016	24466	52842	2736291	dbcan		false	Bacteria	Bacteroidota	Bacteroidia	Bacteroidales	Bacteroidaceae	Prevotella	Prevotella rodentium	91913	28376	30.872673071273923	experimental
PUL0622	JABKKE010000021	12378	52329	2736291	dbcan		false	Bacteria	Bacteroidota	Bacteroidia	Bacteroidales	Bacteroidaceae	Prevotella	Prevotella rodentium	60972	39951	65.52351899232434	experimental
PUL0623	JABKKF010000001	275500	306619	2736291	dbcan		false	Bacteria	Bacteroidota	Bacteroidia	Bacteroidales	Bacteroidaceae	Prevotella	Prevotella muris	586828	61158	10.421793097807194	experimental
PUL0624	JABKKF010000001	437271	467310	2736291	dbcan		false	Bacteria	Bacteroidota	Bacteroidia	Bacteroidales	Bacteroidaceae	Prevotella	Prevotella muris	586828	61158	10.421793097807194	experimental
PUL0625	JABKKF010000013	29296	73074	2736291	dbcan		false	Bacteria	Bacteroidota	Bacteroidia	Bacteroidales	Bacteroidaceae	Prevotella	Prevotella muris	76661	43778	57.105960005739554	experimental
PUL0613	JABKKG010000003	315037	327406	2736291	dbcan		false	Bacteria	Bacteroidota	Bacteroidia	Bacteroidales	Bacteroidaceae	Prevotella	Prevotella intestinalis	491845	12369	2.514816659720034	experimental
PUL0614	JABKKG010000004	10910	19195	2736291	dbcan		false	Bacteria	Bacteroidota	Bacteroidia	Bacteroidales	Bacteroidaceae	Prevotella	Prevotella intestinalis	403616	19594	4.854614286846904	experimental
PUL0615	JABKKG010000004	347323	358632	2736291	dbcan		false	Bacteria	Bacteroidota	Bacteroidia	Bacteroidales	Bacteroidaceae	Prevotella	Prevotella intestinalis	403616	19594	4.854614286846904	experimental
PUL0616	JABKKG010000005	52557	72877	2736291	dbcan		false	Bacteria	Bacteroidota	Bacteroidia	Bacteroidales	Bacteroidaceae	Prevotella	Prevotella intestinalis	319247	45418	14.226601972767167	experimental
PUL0617	JABKKG010000005	106573	131671	2736291	dbcan		false	Bacteria	Bacteroidota	Bacteroidia	Bacteroidales	Bacteroidaceae	Prevotella	Prevotella intestinalis	319247	45418	14.226601972767167	experimental
PUL0618	JABKKG010000006	163785	179147	2736291	dbcan		false	Bacteria	Bacteroidota	Bacteroidia	Bacteroidales	Bacteroidaceae	Prevotella	Prevotella intestinalis	217139	15362	7.074730932720516	experimental
PUL0682	JABUUE010000008	60606	67086	2212467	dbcan		false	Bacteria	Bacteroidota	Bacteroidia	Bacteroidales	Bacteroidaceae	Prevotella	Prevotella sp021443335	104757	6480	6.185744150748876	experimental
PUL0679	JAHNZS010000043	498	9566	1590	dbcan		false								18145	9068	49.9751997795536	experimental
PUL0716	JAPFGC010000002	2829899	2854950	2708110	dbcan		false	Bacteria	Bacteroidota	Bacteroidia	Flavobacteriales	Flavobacteriaceae	Mesoflavibacter	Mesoflavibacter profundi	3065842	25051	0.8171001636744489	experimental
cblaster_272_273_274_PUL0418	JH724241	192815	241742	28116	cblaster		false	Bacteria	Bacteroidota	Bacteroidia	Bacteroidales	Bacteroidaceae	Bacteroides	Bacteroides ovatus	3664698	1051975	28.705639591584355	experimental
cblaster_277	JH724241	312150	363558	28116	cblaster		false	Bacteria	Bacteroidota	Bacteroidia	Bacteroidales	Bacteroidaceae	Bacteroides	Bacteroides ovatus	3664698	1051975	28.705639591584355	experimental
cblaster_279_280_346_281_PUL0419_PUL0527_PUL0063	JH724241	435560	490246	28116	cblaster		false	Bacteria	Bacteroidota	Bacteroidia	Bacteroidales	Bacteroidaceae	Bacteroides	Bacteroides ovatus	3664698	1051975	28.705639591584355	experimental
cblaster_283	JH724241	606068	619879	28116	cblaster		false	Bacteria	Bacteroidota	Bacteroidia	Bacteroidales	Bacteroidaceae	Bacteroides	Bacteroides ovatus	3664698	1051975	28.705639591584355	experimental
cblaster_PUL0718_cblaster_PUL0055	JH724241	657303	675144	28116	cblaster	merged	false	Bacteria	Bacteroidota	Bacteroidia	Bacteroidales	Bacteroidaceae	Bacteroides	Bacteroides ovatus	3664698	1051975	28.705639591584355	experimental
cblaster_286	JH724241	704949	718685	28116	cblaster		false	Bacteria	Bacteroidota	Bacteroidia	Bacteroidales	Bacteroidaceae	Bacteroides	Bacteroides ovatus	3664698	1051975	28.705639591584355	experimental
cblaster_287	JH724241	720174	751769	28116	cblaster		false	Bacteria	Bacteroidota	Bacteroidia	Bacteroidales	Bacteroidaceae	Bacteroides	Bacteroides ovatus	3664698	1051975	28.705639591584355	experimental
cblaster_288	JH724241	756819	764985	28116	cblaster		false	Bacteria	Bacteroidota	Bacteroidia	Bacteroidales	Bacteroidaceae	Bacteroides	Bacteroides ovatus	3664698	1051975	28.705639591584355	experimental
PUL0179	JH724241	777587	798381	28116	dbcan		false	Bacteria	Bacteroidota	Bacteroidia	Bacteroidales	Bacteroidaceae	Bacteroides	Bacteroides ovatus	3664698	1051975	28.705639591584355	experimental
cblaster_289_290	JH724241	841236	874473	28116	cblaster		false	Bacteria	Bacteroidota	Bacteroidia	Bacteroidales	Bacteroidaceae	Bacteroides	Bacteroides ovatus	3664698	1051975	28.705639591584355	experimental
cblaster_291	JH724241	885150	899687	28116	cblaster		false	Bacteria	Bacteroidota	Bacteroidia	Bacteroidales	Bacteroidaceae	Bacteroides	Bacteroides ovatus	3664698	1051975	28.705639591584355	experimental
cblaster_235	JH724241	944821	951911	28116	cblaster		false	Bacteria	Bacteroidota	Bacteroidia	Bacteroidales	Bacteroidaceae	Bacteroides	Bacteroides ovatus	3664698	1051975	28.705639591584355	experimental
cblaster_236	JH724241	963675	973627	28116	cblaster		false	Bacteria	Bacteroidota	Bacteroidia	Bacteroidales	Bacteroidaceae	Bacteroides	Bacteroides ovatus	3664698	1051975	28.705639591584355	experimental
cblaster_248	JH724241	1006432	1027130	28116	cblaster		false	Bacteria	Bacteroidota	Bacteroidia	Bacteroidales	Bacteroidaceae	Bacteroides	Bacteroides ovatus	3664698	1051975	28.705639591584355	experimental
cblaster_249	JH724241	1070030	1081342	28116	cblaster		false	Bacteria	Bacteroidota	Bacteroidia	Bacteroidales	Bacteroidaceae	Bacteroides	Bacteroides ovatus	3664698	1051975	28.705639591584355	experimental
cblaster_27865_PUL0325	JH724241	1086929	1099303	28116	cblaster		false	Bacteria	Bacteroidota	Bacteroidia	Bacteroidales	Bacteroidaceae	Bacteroides	Bacteroides ovatus	3664698	1051975	28.705639591584355	experimental
cblaster_269_270_271	JH724241	1126812	1171834	28116	cblaster		false	Bacteria	Bacteroidota	Bacteroidia	Bacteroidales	Bacteroidaceae	Bacteroides	Bacteroides ovatus	3664698	1051975	28.705639591584355	experimental
cblaster_302	JH724241	1366117	1384192	28116	cblaster		false	Bacteria	Bacteroidota	Bacteroidia	Bacteroidales	Bacteroidaceae	Bacteroides	Bacteroides ovatus	3664698	1051975	28.705639591584355	experimental
cblaster_303_cblaster_27869	JH724241	1405520	1432891	28116	cblaster	merged	false	Bacteria	Bacteroidota	Bacteroidia	Bacteroidales	Bacteroidaceae	Bacteroides	Bacteroides ovatus	3664698	1051975	28.705639591584355	experimental
cblaster_303_cblaster_27869	JH724241	1405520	1432891	28116	cblaster	merged	false	Bacteria	Bacteroidota	Bacteroidia	Bacteroidales	Bacteroidaceae	Bacteroides	Bacteroides ovatus	3664698	1051975	28.705639591584355	experimental
cblaster_307_cblaster_27872	JH724241	1618139	1626169	28116	cblaster	merged	false	Bacteria	Bacteroidota	Bacteroidia	Bacteroidales	Bacteroidaceae	Bacteroides	Bacteroides ovatus	3664698	1051975	28.705639591584355	experimental
cblaster_307_cblaster_27872	JH724241	1618139	1626169	28116	cblaster	merged	false	Bacteria	Bacteroidota	Bacteroidia	Bacteroidales	Bacteroidaceae	Bacteroides	Bacteroides ovatus	3664698	1051975	28.705639591584355	experimental
cblaster_307_cblaster_27872	JH724241	1618139	1626169	28116	cblaster	merged	false	Bacteria	Bacteroidota	Bacteroidia	Bacteroidales	Bacteroidaceae	Bacteroides	Bacteroides ovatus	3664698	1051975	28.705639591584355	experimental
cblaster_PUL0666	JH724241	1639642	1645788	28116	cblaster		false	Bacteria	Bacteroidota	Bacteroidia	Bacteroidales	Bacteroidaceae	Bacteroides	Bacteroides ovatus	3664698	1051975	28.705639591584355	experimental
cblaster_308_309_PUL0421_PUL0714	JH724241	1671578	1708253	28116	cblaster		false	Bacteria	Bacteroidota	Bacteroidia	Bacteroidales	Bacteroidaceae	Bacteroides	Bacteroides ovatus	3664698	1051975	28.705639591584355	experimental
cblaster_310_PUL0422	JH724241	1739609	1749246	28116	cblaster		false	Bacteria	Bacteroidota	Bacteroidia	Bacteroidales	Bacteroidaceae	Bacteroides	Bacteroides ovatus	3664698	1051975	28.705639591584355	experimental
cblaster_311	JH724241	1754400	1769621	28116	cblaster		false	Bacteria	Bacteroidota	Bacteroidia	Bacteroidales	Bacteroidaceae	Bacteroides	Bacteroides ovatus	3664698	1051975	28.705639591584355	experimental
cblaster_312	JH724241	1775827	1792842	28116	cblaster		false	Bacteria	Bacteroidota	Bacteroidia	Bacteroidales	Bacteroidaceae	Bacteroides	Bacteroides ovatus	3664698	1051975	28.705639591584355	experimental
cblaster_313	JH724241	1801802	1812695	28116	cblaster		false	Bacteria	Bacteroidota	Bacteroidia	Bacteroidales	Bacteroidaceae	Bacteroides	Bacteroides ovatus	3664698	1051975	28.705639591584355	experimental
cblaster_PUL0667	JH724241	1812966	1817656	28116	cblaster		false	Bacteria	Bacteroidota	Bacteroidia	Bacteroidales	Bacteroidaceae	Bacteroides	Bacteroides ovatus	3664698	1051975	28.705639591584355	experimental
cblaster_314	JH724241	1818974	1841926	28116	cblaster		false	Bacteria	Bacteroidota	Bacteroidia	Bacteroidales	Bacteroidaceae	Bacteroides	Bacteroides ovatus	3664698	1051975	28.705639591584355	experimental
cblaster_253	JH724241	2030069	2045800	28116	cblaster		false	Bacteria	Bacteroidota	Bacteroidia	Bacteroidales	Bacteroidaceae	Bacteroides	Bacteroides ovatus	3664698	1051975	28.705639591584355	experimental
cblaster_254	JH724241	2105318	2111728	28116	cblaster		false	Bacteria	Bacteroidota	Bacteroidia	Bacteroidales	Bacteroidaceae	Bacteroides	Bacteroides ovatus	3664698	1051975	28.705639591584355	experimental
cblaster_255	JH724241	2121719	2143591	28116	cblaster		false	Bacteria	Bacteroidota	Bacteroidia	Bacteroidales	Bacteroidaceae	Bacteroides	Bacteroides ovatus	3664698	1051975	28.705639591584355	experimental
cblaster_332	JH724241	2280525	2317968	28116	cblaster		false	Bacteria	Bacteroidota	Bacteroidia	Bacteroidales	Bacteroidaceae	Bacteroides	Bacteroides ovatus	3664698	1051975	28.705639591584355	experimental
cblaster_333_PUL0529	JH724241	2338846	2392599	28116	cblaster		false	Bacteria	Bacteroidota	Bacteroidia	Bacteroidales	Bacteroidaceae	Bacteroides	Bacteroides ovatus	3664698	1051975	28.705639591584355	experimental
cblaster_334_PUL0787	JH724241	2424201	2481718	28116	cblaster		false	Bacteria	Bacteroidota	Bacteroidia	Bacteroidales	Bacteroidaceae	Bacteroides	Bacteroides ovatus	3664698	1051975	28.705639591584355	experimental
cblaster_335_PUL0788	JH724241	2486774	2538507	28116	cblaster		false	Bacteria	Bacteroidota	Bacteroidia	Bacteroidales	Bacteroidaceae	Bacteroides	Bacteroides ovatus	3664698	1051975	28.705639591584355	experimental
cblaster_336	JH724241	2655276	2673135	28116	cblaster		false	Bacteria	Bacteroidota	Bacteroidia	Bacteroidales	Bacteroidaceae	Bacteroides	Bacteroides ovatus	3664698	1051975	28.705639591584355	experimental
cblaster_337_338	JH724241	2703627	2728875	28116	cblaster		false	Bacteria	Bacteroidota	Bacteroidia	Bacteroidales	Bacteroidaceae	Bacteroides	Bacteroides ovatus	3664698	1051975	28.705639591584355	experimental
cblaster_27892_cblaster_339	JH724241	2846261	2853899	28116	cblaster	merged	false	Bacteria	Bacteroidota	Bacteroidia	Bacteroidales	Bacteroidaceae	Bacteroides	Bacteroides ovatus	3664698	1051975	28.705639591584355	experimental
cblaster_27892_cblaster_339	JH724241	2846261	2853899	28116	cblaster	merged	false	Bacteria	Bacteroidota	Bacteroidia	Bacteroidales	Bacteroidaceae	Bacteroides	Bacteroides ovatus	3664698	1051975	28.705639591584355	experimental
cblaster_27892_cblaster_339	JH724241	2846261	2853899	28116	cblaster	merged	false	Bacteria	Bacteroidota	Bacteroidia	Bacteroidales	Bacteroidaceae	Bacteroides	Bacteroides ovatus	3664698	1051975	28.705639591584355	experimental
cblaster_342	JH724241	3232789	3238225	28116	cblaster		false	Bacteria	Bacteroidota	Bacteroidia	Bacteroidales	Bacteroidaceae	Bacteroides	Bacteroides ovatus	3664698	1051975	28.705639591584355	experimental
cblaster_343	JH724241	3249937	3266681	28116	cblaster		false	Bacteria	Bacteroidota	Bacteroidia	Bacteroidales	Bacteroidaceae	Bacteroides	Bacteroides ovatus	3664698	1051975	28.705639591584355	experimental
cblaster_345_PUL0789	JH724241	3348451	3366065	28116	cblaster		false	Bacteria	Bacteroidota	Bacteroidia	Bacteroidales	Bacteroidaceae	Bacteroides	Bacteroides ovatus	3664698	1051975	28.705639591584355	experimental
cblaster_257_cblaster_27812	JH724241	3461384	3477788	28116	cblaster	merged	false	Bacteria	Bacteroidota	Bacteroidia	Bacteroidales	Bacteroidaceae	Bacteroides	Bacteroides ovatus	3664698	1051975	28.705639591584355	experimental
cblaster_257_cblaster_27812	JH724241	3461384	3477788	28116	cblaster	merged	false	Bacteria	Bacteroidota	Bacteroidia	Bacteroidales	Bacteroidaceae	Bacteroides	Bacteroides ovatus	3664698	1051975	28.705639591584355	experimental
cblaster_256	JH724241	3488470	3498107	28116	cblaster		false	Bacteria	Bacteroidota	Bacteroidia	Bacteroidales	Bacteroidaceae	Bacteroides	Bacteroides ovatus	3664698	1051975	28.705639591584355	experimental
cblaster_264	JH724241	3619358	3643292	28116	cblaster		false	Bacteria	Bacteroidota	Bacteroidia	Bacteroidales	Bacteroidaceae	Bacteroides	Bacteroides ovatus	3664698	1051975	28.705639591584355	experimental
PUL0414	JN903693	25	31062	1194347	dbcan		false								31148	31037	99.64363683061512	experimental
PUL0220	JPDI01000001	2291648	2313366	1336803	dbcan		false	Bacteria	Bacteroidota	Bacteroidia	Flavobacteriales	Flavobacteriaceae	Polaribacter	Polaribacter sp900106075	2894172	21718	0.750404606222436	experimental
PUL0413	JQ844187	25	31062	1181542	dbcan		false								31215	31037	99.42976133269262	experimental
cblaster_PUL0700	JUET01000139	787	16685	28112	cblaster		false	Bacteria	Bacteroidota	Bacteroidia	Bacteroidales	Tannerellaceae	Tannerella	Tannerella forsythia	112114	31293	27.911768378614624	experimental
PUL0244	JUET01000139	87387	102782	28112	dbcan		false	Bacteria	Bacteroidota	Bacteroidia	Bacteroidales	Tannerellaceae	Tannerella	Tannerella forsythia	112114	31293	27.911768378614624	experimental
PUL0227	JX087428	0	18201	44256	dbcan		false	Bacteria	Bacillota	Thermoanaerobacteria	Thermoanaerobacterales	Caldanaerobiaceae	Caldanaerobius	Caldanaerobius polysaccharolyticus	18410	18201	98.8647474198805	experimental
PUL0239	JX424618	10820	37418	1231727	dbcan		false	Bacteria	Bacteroidota	Bacteroidia	Bacteroidales	Bacteroidaceae	Prevotella	Prevotella bryantii	37675	26598	70.5985401459854	experimental
PUL0240	JX424621	4621	24098	1231728	dbcan		false								37939	19477	51.33767363399141	experimental
PUL0241	JX424622	7409	20096	1231729	dbcan		false								49907	12687	25.4212835874727	experimental
PUL0242	JX424627	4542	17611	1231730	dbcan		false								22810	13069	57.29504603244191	experimental
PUL0243	JX424628	13465	32307	1231731	dbcan		false	Bacteria	Bacteroidota	Bacteroidia	Bacteroidales	Bacteroidaceae	Prevotella	Prevotella sp902788605	32307	18842	58.32172594174637	experimental
PUL0221	KC246798	14700	34417	1393449	dbcan		false								35040	19717	56.26997716894977	experimental
PUL0222	KC246824	16752	27980	1393527	dbcan		false								27980	11228	40.12866333095068	experimental
PUL0007	LN890332	5399	15957	1244	dbcan		false								35714	10558	29.56263650109201	experimental
PUL0107_cblaster_PUL0113	LR131275	175	27831	77133	dbcan_cblaster	merged	false	Bacteria	Bacillota	Clostridia	Oscillospirales	Ruminococcaceae	Faecalibacterium	Faecalibacterium duncaniae	27897	27656	99.13610782521418	experimental
PUL0094	LR131279	41	41664	77133	dbcan		false	Bacteria	Bacteroidota	Bacteroidia	Bacteroidales	Bacteroidaceae	Phocaeicola	Phocaeicola vulgatus	41855	41623	99.44570541153983	experimental
PUL0105_PUL0103_cblaster_PUL0098_cblaster_PUL0101	LR131284	577	44510	77133	dbcan_cblaster_cblaster	merged	false	Bacteria	Bacteroidota	Bacteroidia	Bacteroidales	Bacteroidaceae	Phocaeicola	Phocaeicola plebeius	44544	43933	98.62832255747126	experimental
PUL0126	LR136958	1950044	1962304	2358187	dbcan		false	Bacteria	Pseudomonadota	Gammaproteobacteria	Enterobacterales	Alteromonadaceae	Alteromonas	Alteromonas naphthalenivorans	4731105	39283	0.8303134257218979	experimental
PUL0127	LR136958	3936797	3956397	2358187	dbcan		false	Bacteria	Pseudomonadota	Gammaproteobacteria	Enterobacterales	Alteromonadaceae	Alteromonas	Alteromonas naphthalenivorans	4731105	39283	0.8303134257218979	experimental
cblaster_PUL0403	LR136958	4697485	4704908	2358187	cblaster		false	Bacteria	Pseudomonadota	Gammaproteobacteria	Enterobacterales	Alteromonadaceae	Alteromonas	Alteromonas naphthalenivorans	4731105	39283	0.8303134257218979	experimental
PUL0112_PUL0106	LR594814	6931	42882	77133	dbcan	merged	true	Bacteria	Bacteroidota	Bacteroidia	Bacteroidales	Bacteroidaceae	Phocaeicola	Phocaeicola plebeius	42594	35951	84.40390665351927	experimental
299	LT622246	29875	37565		puldb		false	Bacteria	Bacteroidota	Bacteroidia	Bacteroidales	Bacteroidaceae	Bacteroides	Bacteroides ovatus	6475296	2180732	33.67771913438397	experimental
298	LT622246	47513	54798		puldb		false	Bacteria	Bacteroidota	Bacteroidia	Bacteroidales	Bacteroidaceae	Bacteroides	Bacteroides ovatus	6475296	2180732	33.67771913438397	experimental
297	LT622246	71234	92437		puldb		false	Bacteria	Bacteroidota	Bacteroidia	Bacteroidales	Bacteroidaceae	Bacteroides	Bacteroides ovatus	6475296	2180732	33.67771913438397	experimental
296	LT622246	103215	121805		puldb		false	Bacteria	Bacteroidota	Bacteroidia	Bacteroidales	Bacteroidaceae	Bacteroides	Bacteroides ovatus	6475296	2180732	33.67771913438397	experimental
295	LT622246	136107	149454		puldb		false	Bacteria	Bacteroidota	Bacteroidia	Bacteroidales	Bacteroidaceae	Bacteroides	Bacteroides ovatus	6475296	2180732	33.67771913438397	experimental
294	LT622246	157516	164455		puldb		false	Bacteria	Bacteroidota	Bacteroidia	Bacteroidales	Bacteroidaceae	Bacteroides	Bacteroides ovatus	6475296	2180732	33.67771913438397	experimental
292_293	LT622246	254436	284749		puldb	merged	false	Bacteria	Bacteroidota	Bacteroidia	Bacteroidales	Bacteroidaceae	Bacteroides	Bacteroides ovatus	6475296	2180732	33.67771913438397	experimental
241	LT622246	297882	317089		puldb		true	Bacteria	Bacteroidota	Bacteroidia	Bacteroidales	Bacteroidaceae	Bacteroides	Bacteroides ovatus	6475296	2180732	33.67771913438397	experimental
237	LT622246	412729	438870		puldb		true	Bacteria	Bacteroidota	Bacteroidia	Bacteroidales	Bacteroidaceae	Bacteroides	Bacteroides ovatus	6475296	2180732	33.67771913438397	experimental
238	LT622246	453353	463037		puldb		true	Bacteria	Bacteroidota	Bacteroidia	Bacteroidales	Bacteroidaceae	Bacteroides	Bacteroides ovatus	6475296	2180732	33.67771913438397	experimental
263	LT622246	565433	580133		puldb		false	Bacteria	Bacteroidota	Bacteroidia	Bacteroidales	Bacteroidaceae	Bacteroides	Bacteroides ovatus	6475296	2180732	33.67771913438397	experimental
252	LT622246	649482	670365		puldb		false	Bacteria	Bacteroidota	Bacteroidia	Bacteroidales	Bacteroidaceae	Bacteroides	Bacteroides ovatus	6475296	2180732	33.67771913438397	experimental
272_273_274_PUL0418	LT622246	804823	854073	28116	puldb_dbcan	merged	false	Bacteria	Bacteroidota	Bacteroidia	Bacteroidales	Bacteroidaceae	Bacteroides	Bacteroides ovatus	6475296	2180732	33.67771913438397	experimental
PUL0178_PUL0167_275_276_PUL0565	LT622246	880968	932658	28116	dbcan_puldb_dbcan	merged	false	Bacteria	Bacteroidota	Bacteroidia	Bacteroidales	Bacteroidaceae	Bacteroides	Bacteroides ovatus	6475296	2180732	33.67771913438397	experimental
277	LT622246	959465	1012876		puldb		false	Bacteria	Bacteroidota	Bacteroidia	Bacteroidales	Bacteroidaceae	Bacteroides	Bacteroides ovatus	6475296	2180732	33.67771913438397	experimental
279_280_346_281_PUL0419_PUL0527_PUL0063	LT622246	1046255	1116323	28116	puldb_dbcan_dbcan_dbcan	merged	false	Bacteria	Bacteroidota	Bacteroidia	Bacteroidales	Bacteroidaceae	Bacteroides	Bacteroides ovatus	6475296	2180732	33.67771913438397	experimental
282	LT622246	1138681	1191567		puldb		false	Bacteria	Bacteroidota	Bacteroidia	Bacteroidales	Bacteroidaceae	Bacteroides	Bacteroides ovatus	6475296	2180732	33.67771913438397	experimental
283	LT622246	1196096	1210858		puldb		false	Bacteria	Bacteroidota	Bacteroidia	Bacteroidales	Bacteroidaceae	Bacteroides	Bacteroides ovatus	6475296	2180732	33.67771913438397	experimental
284_285_PUL0528_PUL0674	LT622246	1212061	1250861	28116	puldb_dbcan_dbcan	merged	false	Bacteria	Bacteroidota	Bacteroidia	Bacteroidales	Bacteroidaceae	Bacteroides	Bacteroides ovatus	6475296	2180732	33.67771913438397	experimental
286	LT622246	1271822	1286184		puldb		false	Bacteria	Bacteroidota	Bacteroidia	Bacteroidales	Bacteroidaceae	Bacteroides	Bacteroides ovatus	6475296	2180732	33.67771913438397	experimental
287	LT622246	1289214	1322217		puldb		false	Bacteria	Bacteroidota	Bacteroidia	Bacteroidales	Bacteroidaceae	Bacteroides	Bacteroides ovatus	6475296	2180732	33.67771913438397	experimental
288	LT622246	1325968	1336132		puldb		false	Bacteria	Bacteroidota	Bacteroidia	Bacteroidales	Bacteroidaceae	Bacteroides	Bacteroides ovatus	6475296	2180732	33.67771913438397	experimental
289_290	LT622246	1364546	1401532		puldb	merged	false	Bacteria	Bacteroidota	Bacteroidia	Bacteroidales	Bacteroidaceae	Bacteroides	Bacteroides ovatus	6475296	2180732	33.67771913438397	experimental
291	LT622246	1414806	1431334		puldb		false	Bacteria	Bacteroidota	Bacteroidia	Bacteroidales	Bacteroidaceae	Bacteroides	Bacteroides ovatus	6475296	2180732	33.67771913438397	experimental
235	LT622246	1470970	1480059		puldb		true	Bacteria	Bacteroidota	Bacteroidia	Bacteroidales	Bacteroidaceae	Bacteroides	Bacteroides ovatus	6475296	2180732	33.67771913438397	experimental
236	LT622246	1489824	1501272		puldb		true	Bacteria	Bacteroidota	Bacteroidia	Bacteroidales	Bacteroidaceae	Bacteroides	Bacteroides ovatus	6475296	2180732	33.67771913438397	experimental
248	LT622246	1538257	1557592		puldb		false	Bacteria	Bacteroidota	Bacteroidia	Bacteroidales	Bacteroidaceae	Bacteroides	Bacteroides ovatus	6475296	2180732	33.67771913438397	experimental
249	LT622246	1583097	1595400		puldb		false	Bacteria	Bacteroidota	Bacteroidia	Bacteroidales	Bacteroidaceae	Bacteroides	Bacteroides ovatus	6475296	2180732	33.67771913438397	experimental
250_251_PUL0526_cblaster_27865_PUL0325	LT622246	1600184	1630519	28116	puldb_dbcan_cblaster	merged	false	Bacteria	Bacteroidota	Bacteroidia	Bacteroidales	Bacteroidaceae	Bacteroides	Bacteroides ovatus	6475296	2180732	33.67771913438397	experimental
269_270_271	LT622246	1658057	1720735		puldb	merged	false	Bacteria	Bacteroidota	Bacteroidia	Bacteroidales	Bacteroidaceae	Bacteroides	Bacteroides ovatus	6475296	2180732	33.67771913438397	experimental
302	LT622246	1914242	1923580		puldb		false	Bacteria	Bacteroidota	Bacteroidia	Bacteroidales	Bacteroidaceae	Bacteroides	Bacteroides ovatus	6475296	2180732	33.67771913438397	experimental
303_cblaster_27869	LT622246	1940230	1961709		puldb_cblaster	merged	false	Bacteria	Bacteroidota	Bacteroidia	Bacteroidales	Bacteroidaceae	Bacteroides	Bacteroides ovatus	6475296	2180732	33.67771913438397	experimental
304_305_PUL0420	LT622246	1995520	2034741	28116	puldb_dbcan	merged	false	Bacteria	Bacteroidota	Bacteroidia	Bacteroidales	Bacteroidaceae	Bacteroides	Bacteroides ovatus	6475296	2180732	33.67771913438397	experimental
306_347_PUL0044	LT622246	2041764	2109242	28116	puldb_dbcan	merged	false	Bacteria	Bacteroidota	Bacteroidia	Bacteroidales	Bacteroidaceae	Bacteroides	Bacteroides ovatus	6475296	2180732	33.67771913438397	experimental
307_cblaster_27872	LT622246	2122781	2132019		puldb_cblaster	merged	false	Bacteria	Bacteroidota	Bacteroidia	Bacteroidales	Bacteroidaceae	Bacteroides	Bacteroides ovatus	6475296	2180732	33.67771913438397	experimental
cblaster_PUL0666	LT622246	2144436	2150582		cblaster		true	Bacteria	Bacteroidota	Bacteroidia	Bacteroidales	Bacteroidaceae	Bacteroides	Bacteroides ovatus	6475296	2180732	33.67771913438397	experimental
308_309_PUL0421_PUL0714	LT622246	2176102	2214046	28116	puldb_dbcan_dbcan	merged	false	Bacteria	Bacteroidota	Bacteroidia	Bacteroidales	Bacteroidaceae	Bacteroides	Bacteroides ovatus	6475296	2180732	33.67771913438397	experimental
310_PUL0422	LT622246	2240462	2251529	28116	puldb_dbcan	merged	false	Bacteria	Bacteroidota	Bacteroidia	Bacteroidales	Bacteroidaceae	Bacteroides	Bacteroides ovatus	6475296	2180732	33.67771913438397	experimental
311	LT622246	2252514	2269733		puldb		false	Bacteria	Bacteroidota	Bacteroidia	Bacteroidales	Bacteroidaceae	Bacteroides	Bacteroides ovatus	6475296	2180732	33.67771913438397	experimental
312	LT622246	2273938	2292951		puldb		false	Bacteria	Bacteroidota	Bacteroidia	Bacteroidales	Bacteroidaceae	Bacteroides	Bacteroides ovatus	6475296	2180732	33.67771913438397	experimental
313_cblaster_PUL0667	LT622246	2300654	2316764		puldb_cblaster	merged	false	Bacteria	Bacteroidota	Bacteroidia	Bacteroidales	Bacteroidaceae	Bacteroides	Bacteroides ovatus	6475296	2180732	33.67771913438397	experimental
314	LT622246	2318163	2341649		puldb		false	Bacteria	Bacteroidota	Bacteroidia	Bacteroidales	Bacteroidaceae	Bacteroides	Bacteroides ovatus	6475296	2180732	33.67771913438397	experimental
315_316	LT622246	2342475	2388266		puldb	merged	false	Bacteria	Bacteroidota	Bacteroidia	Bacteroidales	Bacteroidaceae	Bacteroides	Bacteroides ovatus	6475296	2180732	33.67771913438397	experimental
253	LT622246	2505739	2522401		puldb		false	Bacteria	Bacteroidota	Bacteroidia	Bacteroidales	Bacteroidaceae	Bacteroides	Bacteroides ovatus	6475296	2180732	33.67771913438397	experimental
254	LT622246	2573800	2580488		puldb		false	Bacteria	Bacteroidota	Bacteroidia	Bacteroidales	Bacteroidaceae	Bacteroides	Bacteroides ovatus	6475296	2180732	33.67771913438397	experimental
255	LT622246	2591786	2616467		puldb		false	Bacteria	Bacteroidota	Bacteroidia	Bacteroidales	Bacteroidaceae	Bacteroides	Bacteroides ovatus	6475296	2180732	33.67771913438397	experimental
PUL0326	LT622246	2698982	2711347	28116	dbcan		false	Bacteria	Bacteroidota	Bacteroidia	Bacteroidales	Bacteroidaceae	Bacteroides	Bacteroides ovatus	6475296	2180732	33.67771913438397	experimental
332	LT622246	2859197	2898264		puldb		false	Bacteria	Bacteroidota	Bacteroidia	Bacteroidales	Bacteroidaceae	Bacteroides	Bacteroides ovatus	6475296	2180732	33.67771913438397	experimental
333_PUL0529	LT622246	2917248	2975148	28116	puldb_dbcan	merged	false	Bacteria	Bacteroidota	Bacteroidia	Bacteroidales	Bacteroidaceae	Bacteroides	Bacteroides ovatus	6475296	2180732	33.67771913438397	experimental
334_PUL0787	LT622246	2988777	3050519	28116	puldb_dbcan	merged	false	Bacteria	Bacteroidota	Bacteroidia	Bacteroidales	Bacteroidaceae	Bacteroides	Bacteroides ovatus	6475296	2180732	33.67771913438397	experimental
335_PUL0788	LT622246	3054555	3105962	28116	puldb_dbcan	merged	false	Bacteria	Bacteroidota	Bacteroidia	Bacteroidales	Bacteroidaceae	Bacteroides	Bacteroides ovatus	6475296	2180732	33.67771913438397	experimental
336	LT622246	3233942	3253078		puldb		false	Bacteria	Bacteroidota	Bacteroidia	Bacteroidales	Bacteroidaceae	Bacteroides	Bacteroides ovatus	6475296	2180732	33.67771913438397	experimental
337_338	LT622246	3280345	3307007		puldb	merged	false	Bacteria	Bacteroidota	Bacteroidia	Bacteroidales	Bacteroidaceae	Bacteroides	Bacteroides ovatus	6475296	2180732	33.67771913438397	experimental
339_cblaster_27892	LT622246	3387020	3394693		puldb_cblaster	merged	false	Bacteria	Bacteroidota	Bacteroidia	Bacteroidales	Bacteroidaceae	Bacteroides	Bacteroides ovatus	6475296	2180732	33.67771913438397	experimental
340_341_348_PUL0306_PUL0566_PUL0427	LT622246	3571665	3629656	28116	puldb_dbcan_dbcan_dbcan	merged	false	Bacteria	Bacteroidota	Bacteroidia	Bacteroidales	Bacteroidaceae	Bacteroides	Bacteroides ovatus	6475296	2180732	33.67771913438397	experimental
342	LT622246	3670087	3676801		puldb		false	Bacteria	Bacteroidota	Bacteroidia	Bacteroidales	Bacteroidaceae	Bacteroides	Bacteroides ovatus	6475296	2180732	33.67771913438397	experimental
343	LT622246	3687337	3705481		puldb		false	Bacteria	Bacteroidota	Bacteroidia	Bacteroidales	Bacteroidaceae	Bacteroides	Bacteroides ovatus	6475296	2180732	33.67771913438397	experimental
344	LT622246	3709073	3724737		puldb		false	Bacteria	Bacteroidota	Bacteroidia	Bacteroidales	Bacteroidaceae	Bacteroides	Bacteroides ovatus	6475296	2180732	33.67771913438397	experimental
345_PUL0789	LT622246	3747702	3766894	28116	puldb_dbcan	merged	false	Bacteria	Bacteroidota	Bacteroidia	Bacteroidales	Bacteroidaceae	Bacteroides	Bacteroides ovatus	6475296	2180732	33.67771913438397	experimental
258_259_260_PUL0745	LT622246	3780698	3835330	28116	puldb_dbcan	merged	false	Bacteria	Bacteroidota	Bacteroidia	Bacteroidales	Bacteroidaceae	Bacteroides	Bacteroides ovatus	6475296	2180732	33.67771913438397	experimental
257_cblaster_27812	LT622246	3875921	3892444		puldb_cblaster	merged	false	Bacteria	Bacteroidota	Bacteroidia	Bacteroidales	Bacteroidaceae	Bacteroides	Bacteroides ovatus	6475296	2180732	33.67771913438397	experimental
256	LT622246	3902126	3913760		puldb		false	Bacteria	Bacteroidota	Bacteroidia	Bacteroidales	Bacteroidaceae	Bacteroides	Bacteroides ovatus	6475296	2180732	33.67771913438397	experimental
264	LT622246	3984093	4009953		puldb		false	Bacteria	Bacteroidota	Bacteroidia	Bacteroidales	Bacteroidaceae	Bacteroides	Bacteroides ovatus	6475296	2180732	33.67771913438397	experimental
265	LT622246	4011510	4026709		puldb		false	Bacteria	Bacteroidota	Bacteroidia	Bacteroidales	Bacteroidaceae	Bacteroides	Bacteroides ovatus	6475296	2180732	33.67771913438397	experimental
266_267_PUL0416_PUL0417	LT622246	4127681	4169514	28116	puldb_dbcan_dbcan	merged	false	Bacteria	Bacteroidota	Bacteroidia	Bacteroidales	Bacteroidaceae	Bacteroides	Bacteroides ovatus	6475296	2180732	33.67771913438397	experimental
PUL0746_cblaster_27819	LT622246	4169597	4183472	28116	dbcan_cblaster	merged	false	Bacteria	Bacteroidota	Bacteroidia	Bacteroidales	Bacteroidaceae	Bacteroides	Bacteroides ovatus	6475296	2180732	33.67771913438397	experimental
242_PUL0415	LT622246	4222005	4237881	28116	puldb_dbcan	merged	true	Bacteria	Bacteroidota	Bacteroidia	Bacteroidales	Bacteroidaceae	Bacteroides	Bacteroides ovatus	6475296	2180732	33.67771913438397	experimental
PUL0786_319_cblaster_PUL0552	LT622246	4453647	4506924	28116	dbcan_puldb_cblaster	merged	false	Bacteria	Bacteroidota	Bacteroidia	Bacteroidales	Bacteroidaceae	Bacteroides	Bacteroides ovatus	6475296	2180732	33.67771913438397	experimental
239	LT622246	4514504	4534747		puldb		true	Bacteria	Bacteroidota	Bacteroidia	Bacteroidales	Bacteroidaceae	Bacteroides	Bacteroides ovatus	6475296	2180732	33.67771913438397	experimental
240_PUL0790	LT622246	4546650	4569158	28116	puldb_dbcan	merged	true	Bacteria	Bacteroidota	Bacteroidia	Bacteroidales	Bacteroidaceae	Bacteroides	Bacteroides ovatus	6475296	2180732	33.67771913438397	experimental
PUL0791	LT622246	4611046	4627482	28116	dbcan		false	Bacteria	Bacteroidota	Bacteroidia	Bacteroidales	Bacteroidaceae	Bacteroides	Bacteroides ovatus	6475296	2180732	33.67771913438397	experimental
278_cblaster_27820	LT622246	4831518	4844133		puldb_cblaster	merged	false	Bacteria	Bacteroidota	Bacteroidia	Bacteroidales	Bacteroidaceae	Bacteroides	Bacteroides ovatus	6475296	2180732	33.67771913438397	experimental
317	LT622246	5305203	5317768		puldb		false	Bacteria	Bacteroidota	Bacteroidia	Bacteroidales	Bacteroidaceae	Bacteroides	Bacteroides ovatus	6475296	2180732	33.67771913438397	experimental
243	LT622246	5396886	5418036		puldb		true	Bacteria	Bacteroidota	Bacteroidia	Bacteroidales	Bacteroidaceae	Bacteroides	Bacteroides ovatus	6475296	2180732	33.67771913438397	experimental
246	LT622246	5507778	5526825		puldb		true	Bacteria	Bacteroidota	Bacteroidia	Bacteroidales	Bacteroidaceae	Bacteroides	Bacteroides ovatus	6475296	2180732	33.67771913438397	experimental
247_cblaster_27826	LT622246	5542865	5549489		puldb_cblaster	merged	true	Bacteria	Bacteroidota	Bacteroidia	Bacteroidales	Bacteroidaceae	Bacteroides	Bacteroides ovatus	6475296	2180732	33.67771913438397	experimental
320	LT622246	5571184	5582272		puldb		false	Bacteria	Bacteroidota	Bacteroidia	Bacteroidales	Bacteroidaceae	Bacteroides	Bacteroides ovatus	6475296	2180732	33.67771913438397	experimental
321	LT622246	5612073	5629811		puldb		false	Bacteria	Bacteroidota	Bacteroidia	Bacteroidales	Bacteroidaceae	Bacteroides	Bacteroides ovatus	6475296	2180732	33.67771913438397	experimental
322_cblaster_3073	LT622246	5685570	5698339		puldb_cblaster	merged	false	Bacteria	Bacteroidota	Bacteroidia	Bacteroidales	Bacteroidaceae	Bacteroides	Bacteroides ovatus	6475296	2180732	33.67771913438397	experimental
323	LT622246	5739606	5748964		puldb		false	Bacteria	Bacteroidota	Bacteroidia	Bacteroidales	Bacteroidaceae	Bacteroides	Bacteroides ovatus	6475296	2180732	33.67771913438397	experimental
324_PUL0747	LT622246	5802432	5824474	28116	puldb_dbcan	merged	false	Bacteria	Bacteroidota	Bacteroidia	Bacteroidales	Bacteroidaceae	Bacteroides	Bacteroides ovatus	6475296	2180732	33.67771913438397	experimental
325_cblaster_PUL0392_326_PUL0045	LT622246	5832222	5868288	28116	puldb_cblaster_puldb_dbcan	merged	false	Bacteria	Bacteroidota	Bacteroidia	Bacteroidales	Bacteroidaceae	Bacteroides	Bacteroides ovatus	6475296	2180732	33.67771913438397	experimental
327	LT622246	5869608	5883778		puldb		false	Bacteria	Bacteroidota	Bacteroidia	Bacteroidales	Bacteroidaceae	Bacteroides	Bacteroides ovatus	6475296	2180732	33.67771913438397	experimental
328	LT622246	5899880	5907167		puldb		false	Bacteria	Bacteroidota	Bacteroidia	Bacteroidales	Bacteroidaceae	Bacteroides	Bacteroides ovatus	6475296	2180732	33.67771913438397	experimental
329	LT622246	5953935	5974843		puldb		false	Bacteria	Bacteroidota	Bacteroidia	Bacteroidales	Bacteroidaceae	Bacteroides	Bacteroides ovatus	6475296	2180732	33.67771913438397	experimental
330_PUL0425	LT622246	5986343	6007432	28116	puldb_dbcan	merged	false	Bacteria	Bacteroidota	Bacteroidia	Bacteroidales	Bacteroidaceae	Bacteroides	Bacteroides ovatus	6475296	2180732	33.67771913438397	experimental
262	LT622246	6189051	6195733		puldb		false	Bacteria	Bacteroidota	Bacteroidia	Bacteroidales	Bacteroidaceae	Bacteroides	Bacteroides ovatus	6475296	2180732	33.67771913438397	experimental
261	LT622246	6207119	6215931		puldb		false	Bacteria	Bacteroidota	Bacteroidia	Bacteroidales	Bacteroidaceae	Bacteroides	Bacteroides ovatus	6475296	2180732	33.67771913438397	experimental
234	LT622246	6235197	6246590		puldb		true	Bacteria	Bacteroidota	Bacteroidia	Bacteroidales	Bacteroidaceae	Bacteroides	Bacteroides ovatus	6475296	2180732	33.67771913438397	experimental
244	LT622246	6257035	6273976		puldb		true	Bacteria	Bacteroidota	Bacteroidia	Bacteroidales	Bacteroidaceae	Bacteroides	Bacteroides ovatus	6475296	2180732	33.67771913438397	experimental
245	LT622246	6290436	6297000		puldb		true	Bacteria	Bacteroidota	Bacteroidia	Bacteroidales	Bacteroidaceae	Bacteroides	Bacteroides ovatus	6475296	2180732	33.67771913438397	experimental
301	LT622246	6378142	6390103		puldb		false	Bacteria	Bacteroidota	Bacteroidia	Bacteroidales	Bacteroidaceae	Bacteroides	Bacteroides ovatus	6475296	2180732	33.67771913438397	experimental
300	LT622246	6415658	6433327		puldb		false	Bacteria	Bacteroidota	Bacteroidia	Bacteroidales	Bacteroidaceae	Bacteroides	Bacteroides ovatus	6475296	2180732	33.67771913438397	experimental
24087	LT629745	1394780	1414040		puldb		false	Bacteria	Bacteroidota	Bacteroidia	Flavobacteriales	Flavobacteriaceae	Christiangramia	Christiangramia echinicola	3545181	19260	0.5432726848079125	experimental
PUL0332	LT674122	387	30039	77133	dbcan		false	Bacteria	Bacteroidota	Bacteroidia	Bacteroidales	Bacteroidaceae	Bacteroides	Bacteroides uniformis	30320	29652	97.79683377308707	experimental
PUL0334	LT674124	1	40228	77133	dbcan		false								40408	40227	99.55206889724806	experimental
PUL0338_PUL0336	LT674128	328	43016	77133	dbcan	merged	false	Bacteria	Bacteroidota	Bacteroidia	Bacteroidales	Bacteroidaceae	Bacteroides	Bacteroides uniformis	44062	42688	96.88166674231765	experimental
PUL0339_cblaster_PUL0551	LT674129	20	37156	77133	dbcan_cblaster	merged	false	Bacteria	Bacteroidota	Bacteroidia	Bacteroidales	Bacteroidaceae	Bacteroides	Bacteroides cellulosilyticus	37308	37136	99.53897287445052	experimental
PUL0341	LT674131	1	35638	77133	dbcan		false								35820	35637	99.48911222780569	experimental
PUL0049	LT796702	173	31111	1861841	dbcan		false								31149	30938	99.32261067771036	experimental
PUL0050	LT796703	70	23956	1861841	dbcan		false								24131	23886	98.98470846628818	experimental
cblaster_PUL0005	NC_002973	1769490	1774919	1639	cblaster		false	Bacteria	Bacillota	Bacilli	Lactobacillales	Listeriaceae	Listeria	Listeria monocytogenes_B	2905187	9811	0.3377063163231833	experimental
PUL0744	NC_002973	2802883	2807265	1639	dbcan		false	Bacteria	Bacillota	Bacilli	Lactobacillales	Listeriaceae	Listeria	Listeria monocytogenes_B	2905187	9811	0.3377063163231833	experimental
PUL0195	NC_003030	444719	451147	1488	dbcan		false	Bacteria	Bacillota	Clostridia	Clostridiales	Clostridiaceae	Clostridium_S	Clostridium_S acetobutylicum	3940880	6428	0.16311077728832138	experimental
PUL0005	NC_003212	1844298	1849726	1642	dbcan		false	Bacteria	Bacillota	Bacilli	Lactobacillales	Listeriaceae	Listeria	Listeria innocua	3011208	9814	0.325915712232433	experimental
cblaster_PUL0744	NC_003212	2923434	2927820	1642	cblaster		false	Bacteria	Bacillota	Bacilli	Lactobacillales	Listeriaceae	Listeria	Listeria innocua	3011208	9814	0.325915712232433	experimental
cblaster_PUL0387	NC_003919	845032	853970	346	cblaster		false	Bacteria	Pseudomonadota	Gammaproteobacteria	Xanthomonadales	Xanthomonadaceae	Xanthomonas	Xanthomonas cissicola	5175554	113130	2.1858529540992135	experimental
PUL0702	NC_003919	2024740	2042333	346	dbcan		false	Bacteria	Pseudomonadota	Gammaproteobacteria	Xanthomonadales	Xanthomonadaceae	Xanthomonas	Xanthomonas cissicola	5175554	113130	2.1858529540992135	experimental
cblaster_PUL0169	NC_003919	2967982	2988543	346	cblaster		false	Bacteria	Pseudomonadota	Gammaproteobacteria	Xanthomonadales	Xanthomonadaceae	Xanthomonas	Xanthomonas cissicola	5175554	113130	2.1858529540992135	experimental
cblaster_PUL0365_PUL0719	NC_003919	3056085	3070365	346	cblaster_dbcan	merged	false	Bacteria	Pseudomonadota	Gammaproteobacteria	Xanthomonadales	Xanthomonadaceae	Xanthomonas	Xanthomonas cissicola	5175554	113130	2.1858529540992135	experimental
cblaster_PUL0362	NC_003919	4120820	4128017	346	cblaster		false	Bacteria	Pseudomonadota	Gammaproteobacteria	Xanthomonadales	Xanthomonadaceae	Xanthomonas	Xanthomonas cissicola	5175554	113130	2.1858529540992135	experimental
PUL0701_cblaster_PUL0364	NC_003919	4984490	5029051	346	dbcan_cblaster	merged	false	Bacteria	Pseudomonadota	Gammaproteobacteria	Xanthomonadales	Xanthomonadaceae	Xanthomonas	Xanthomonas cissicola	5175554	113130	2.1858529540992135	experimental
PUL0604	NC_004567	164479	171853	1590	dbcan		false	Bacteria	Bacillota	Bacilli	Lactobacillales	Lactobacillaceae	Lactiplantibacillus	Lactiplantibacillus plantarum	3308273	4846	0.14648126076656914	experimental
PUL0603	NC_004567	2676726	2679930	1590	dbcan		false	Bacteria	Bacillota	Bacilli	Lactobacillales	Lactobacillaceae	Lactiplantibacillus	Lactiplantibacillus plantarum	3308273	4846	0.14648126076656914	experimental
cblaster_PUL0159	NC_004567	3091773	3094597	1590	cblaster		false	Bacteria	Bacillota	Bacilli	Lactobacillales	Lactobacillaceae	Lactiplantibacillus	Lactiplantibacillus plantarum	3308273	4846	0.14648126076656914	experimental
PUL0561	NC_004567	3100330	3091774	1590	dbcan		false	Bacteria	Bacillota	Bacilli	Lactobacillales	Lactobacillaceae	Lactiplantibacillus	Lactiplantibacillus plantarum	3308273	4846	0.14648126076656914	experimental
PUL0331	NC_006840	662465	667978	668	dbcan		false	Bacteria	Pseudomonadota	Gammaproteobacteria	Enterobacterales	Vibrionaceae	Aliivibrio	Aliivibrio fischeri_B	2897536	19860	0.685409948314706	experimental
cblaster_PUL0012	NC_006840	2391188	2405535	668	cblaster		false	Bacteria	Pseudomonadota	Gammaproteobacteria	Enterobacterales	Vibrionaceae	Aliivibrio	Aliivibrio fischeri_B	2897536	19860	0.685409948314706	experimental
PUL0199	NC_007912	4176251	4200317	86304	dbcan		false	Bacteria	Pseudomonadota	Gammaproteobacteria	Pseudomonadales	Cellvibrionaceae	Saccharophagus	Saccharophagus degradans	5057531	24066	0.4758448341690837	experimental
cblaster_PUL0751	NC_007946	387134	393396	562	cblaster		false	Bacteria	Pseudomonadota	Gammaproteobacteria	Enterobacterales	Enterobacteriaceae	Escherichia	Escherichia coli	5065741	24821	0.4899776755266406	experimental
PUL0321	NC_007946	1676979	1683154	562	dbcan		false	Bacteria	Pseudomonadota	Gammaproteobacteria	Enterobacterales	Enterobacteriaceae	Escherichia	Escherichia coli	5065741	24821	0.4899776755266406	experimental
cblaster_PUL0571	NC_007946	1849839	1856747	562	cblaster		false	Bacteria	Pseudomonadota	Gammaproteobacteria	Enterobacterales	Enterobacteriaceae	Escherichia	Escherichia coli	5065741	24821	0.4899776755266406	experimental
cblaster_PUL0410	NC_007946	3580361	3585837	562	cblaster		false	Bacteria	Pseudomonadota	Gammaproteobacteria	Enterobacterales	Enterobacteriaceae	Escherichia	Escherichia coli	5065741	24821	0.4899776755266406	experimental
PUL0671	NC_008255	1051545	1060308	985	dbcan		false	Bacteria	Bacteroidota	Bacteroidia	Cytophagales	Cytophagaceae	Cytophaga	Cytophaga hutchinsonii	4433218	8763	0.19766679644447893	experimental
cblaster_PUL0679	NC_008526	551920	557730	1582	cblaster		false	Bacteria	Bacillota	Bacilli	Lactobacillales	Lactobacillaceae	Lacticaseibacillus	Lacticaseibacillus paracasei	2895264	22401	0.7737118273152293	experimental
PUL0021	NC_008526	2647312	2663903	1582	dbcan		false	Bacteria	Bacillota	Bacilli	Lactobacillales	Lactobacillaceae	Lacticaseibacillus	Lacticaseibacillus paracasei	2895264	22401	0.7737118273152293	experimental
cblaster_PUL0031	NC_008618	1419722	1424203	1680	cblaster		false	Bacteria	Actinomycetota	Actinomycetes	Actinomycetales	Bifidobacteriaceae	Bifidobacterium	Bifidobacterium adolescentis	2089645	40495	1.9378889715717262	experimental
PUL0214	NC_008618	1763016	1778475	1680	dbcan		false	Bacteria	Actinomycetota	Actinomycetes	Actinomycetales	Bifidobacteriaceae	Bifidobacterium	Bifidobacterium adolescentis	2089645	40495	1.9378889715717262	experimental
PUL0212	NC_008618	2006567	2020309	1680	dbcan		false	Bacteria	Actinomycetota	Actinomycetes	Actinomycetales	Bifidobacteriaceae	Bifidobacterium	Bifidobacterium adolescentis	2089645	40495	1.9378889715717262	experimental
PUL0213	NC_008618	2044437	2051250	1680	dbcan		false	Bacteria	Actinomycetota	Actinomycetes	Actinomycetales	Bifidobacteriaceae	Bifidobacterium	Bifidobacterium adolescentis	2089645	40495	1.9378889715717262	experimental
PUL0710	NC_010655	641820	650608	239935	dbcan		false	Bacteria	Verrucomicrobiota	Verrucomicrobiia	Verrucomicrobiales	Akkermansiaceae	Akkermansia	Akkermansia muciniphila	2664102	16216	0.6086854031865147	experimental
PUL0711	NC_010655	1310567	1317995	239935	dbcan		false	Bacteria	Verrucomicrobiota	Verrucomicrobiia	Verrucomicrobiales	Akkermansiaceae	Akkermansia	Akkermansia muciniphila	2664102	16216	0.6086854031865147	experimental
cblaster_PUL0175	NC_010995	311103	316386	155077	cblaster		false	Bacteria	Pseudomonadota	Gammaproteobacteria	Pseudomonadales	Cellvibrionaceae	Cellvibrio	Cellvibrio japonicus	4576573	15552	0.33981758840075316	experimental
PUL0215	NC_010995	3175359	3185628	155077	dbcan		false	Bacteria	Pseudomonadota	Gammaproteobacteria	Pseudomonadales	Cellvibrionaceae	Cellvibrio	Cellvibrio japonicus	4576573	15552	0.33981758840075316	experimental
PUL0196	NC_010999	288852	300044	1582	dbcan		false	Bacteria	Bacillota	Bacilli	Lactobacillales	Lactobacillaceae	Lacticaseibacillus	Lacticaseibacillus paracasei	3079196	32365	1.0510860627254648	experimental
PUL0407_cblaster_PUL0153	NC_010999	723908	728489	1582	dbcan_cblaster	merged	false	Bacteria	Bacillota	Bacilli	Lactobacillales	Lactobacillaceae	Lacticaseibacillus	Lacticaseibacillus paracasei	3079196	32365	1.0510860627254648	experimental
cblaster_PUL0021	NC_010999	2812096	2828688	1582	cblaster		false	Bacteria	Bacillota	Bacilli	Lactobacillales	Lactobacillaceae	Lacticaseibacillus	Lacticaseibacillus paracasei	3079196	32365	1.0510860627254648	experimental
PUL0266	NC_012028	114293	135268	2247	dbcan		false								525943	20975	3.9880747533477963	experimental
cblaster_PUL0394_PUL0632_PUL0634	NC_012781	236958	244278	39491	cblaster_dbcan	merged	false	Bacteria	Bacillota	Clostridia	Lachnospirales	Lachnospiraceae	Agathobacter	Agathobacter rectalis	3449685	15712	0.45546187550457506	experimental
cblaster_PUL0596	NC_012781	501346	506902	39491	cblaster		false	Bacteria	Bacillota	Clostridia	Lachnospirales	Lachnospiraceae	Agathobacter	Agathobacter rectalis	3449685	15712	0.45546187550457506	experimental
cblaster_PUL0595	NC_012781	992039	994875	39491	cblaster		false	Bacteria	Bacillota	Clostridia	Lachnospirales	Lachnospiraceae	Agathobacter	Agathobacter rectalis	3449685	15712	0.45546187550457506	experimental
7760_PUL0442	NC_013132	2680099	2700496	79329	puldb_dbcan	merged	false	Bacteria	Bacteroidota	Bacteroidia	Chitinophagales	Chitinophagaceae	Chitinophaga	Chitinophaga pinensis	9127347	175952	1.9277452692441737	experimental
7761_PUL0440	NC_013132	3319046	3335701	79329	puldb_dbcan	merged	false	Bacteria	Bacteroidota	Bacteroidia	Chitinophagales	Chitinophagaceae	Chitinophaga	Chitinophaga pinensis	9127347	175952	1.9277452692441737	experimental
7762_PUL0438	NC_013132	3841071	3856769	79329	puldb_dbcan	merged	false	Bacteria	Bacteroidota	Bacteroidia	Chitinophagales	Chitinophagaceae	Chitinophaga	Chitinophaga pinensis	9127347	175952	1.9277452692441737	experimental
7763_PUL0436	NC_013132	6331436	6357908	79329	puldb_dbcan	merged	false	Bacteria	Bacteroidota	Bacteroidia	Chitinophagales	Chitinophagaceae	Chitinophaga	Chitinophaga pinensis	9127347	175952	1.9277452692441737	experimental
7764_PUL0443	NC_013132	6369913	6393100	79329	puldb_dbcan	merged	false	Bacteria	Bacteroidota	Bacteroidia	Chitinophagales	Chitinophagaceae	Chitinophaga	Chitinophaga pinensis	9127347	175952	1.9277452692441737	experimental
7765_PUL0444	NC_013132	7078936	7092227	79329	puldb_dbcan	merged	false	Bacteria	Bacteroidota	Bacteroidia	Chitinophagales	Chitinophagaceae	Chitinophaga	Chitinophaga pinensis	9127347	175952	1.9277452692441737	experimental
7766_PUL0441	NC_013132	7758625	7770685	79329	puldb_dbcan	merged	false	Bacteria	Bacteroidota	Bacteroidia	Chitinophagales	Chitinophagaceae	Chitinophaga	Chitinophaga pinensis	9127347	175952	1.9277452692441737	experimental
7767_PUL0437	NC_013132	7998112	8013270	79329	puldb_dbcan	merged	false	Bacteria	Bacteroidota	Bacteroidia	Chitinophagales	Chitinophagaceae	Chitinophaga	Chitinophaga pinensis	9127347	175952	1.9277452692441737	experimental
7768_PUL0435	NC_013132	8429021	8451532	79329	puldb_dbcan	merged	false	Bacteria	Bacteroidota	Bacteroidia	Chitinophagales	Chitinophagaceae	Chitinophaga	Chitinophaga pinensis	9127347	175952	1.9277452692441737	experimental
7769_PUL0439	NC_013132	8966770	8977293	79329	puldb_dbcan	merged	false	Bacteria	Bacteroidota	Bacteroidia	Chitinophagales	Chitinophagaceae	Chitinophaga	Chitinophaga pinensis	9127347	175952	1.9277452692441737	experimental
PUL0009	NC_013515	121344	139674	34105	dbcan		false	Bacteria	Fusobacteriota	Fusobacteriia	Fusobacteriales	Leptotrichiaceae	Streptobacillus	Streptobacillus moniliformis	1662578	18330	1.1025046644428111	experimental
cblaster_PUL0241	NC_014033	3035726	3048451	839	cblaster		false	Bacteria	Bacteroidota	Bacteroidia	Bacteroidales	Bacteroidaceae	Prevotella	Prevotella ruminicola	3619559	25560	0.7061633751515033	experimental
PUL0342	NC_014033	3346598	3359433	839	dbcan		false	Bacteria	Bacteroidota	Bacteroidia	Bacteroidales	Bacteroidaceae	Prevotella	Prevotella ruminicola	3619559	25560	0.7061633751515033	experimental
cblaster_PUL0732_PUL0730	NC_014934	473913	500825	59600	cblaster_dbcan	merged	false	Bacteria	Bacteroidota	Bacteroidia	Flavobacteriales	Flavobacteriaceae	Cellulophaga	Cellulophaga algicola	4888353	26912	0.5505330732048197	experimental
cblaster_PUL0032	NC_015067	137700	142189	216816	cblaster		false	Bacteria	Actinomycetota	Actinomycetes	Actinomycetales	Bifidobacteriaceae	Bifidobacterium	Bifidobacterium longum	2385164	123753	5.188448257646015	experimental
PUL0720	NC_015067	266861	284077	216816	dbcan		false	Bacteria	Actinomycetota	Actinomycetes	Actinomycetales	Bifidobacteriaceae	Bifidobacterium	Bifidobacterium longum	2385164	123753	5.188448257646015	experimental
cblaster_PUL0285	NC_015067	567931	579571	216816	cblaster		false	Bacteria	Actinomycetota	Actinomycetes	Actinomycetales	Bifidobacteriaceae	Bifidobacterium	Bifidobacterium longum	2385164	123753	5.188448257646015	experimental
cblaster_PUL0031	NC_015067	1586203	1590362	216816	cblaster		false	Bacteria	Actinomycetota	Actinomycetes	Actinomycetales	Bifidobacteriaceae	Bifidobacterium	Bifidobacterium longum	2385164	123753	5.188448257646015	experimental
cblaster_PUL0576	NC_015067	1930178	1940121	216816	cblaster		false	Bacteria	Actinomycetota	Actinomycetes	Actinomycetales	Bifidobacteriaceae	Bifidobacterium	Bifidobacterium longum	2385164	123753	5.188448257646015	experimental
PUL0029_cblaster_PUL0295	NC_015067	2209677	2271573	216816	dbcan_cblaster	merged	false	Bacteria	Actinomycetota	Actinomycetes	Actinomycetales	Bifidobacteriaceae	Bifidobacterium	Bifidobacterium longum	2385164	123753	5.188448257646015	experimental
cblaster_PUL0233	NC_015067	2300611	2307473	216816	cblaster		false	Bacteria	Actinomycetota	Actinomycetes	Actinomycetales	Bifidobacteriaceae	Bifidobacterium	Bifidobacterium longum	2385164	123753	5.188448257646015	experimental
cblaster_PUL0232	NC_015067	2312659	2320207	216816	cblaster		false	Bacteria	Actinomycetota	Actinomycetes	Actinomycetales	Bifidobacteriaceae	Bifidobacterium	Bifidobacterium longum	2385164	123753	5.188448257646015	experimental
PUL0608	NC_015977	885483	897323	301301	dbcan		false	Bacteria	Bacillota	Clostridia	Lachnospirales	Lachnospiraceae	Roseburia	Roseburia hominis	3592125	31254	0.8700699446706337	experimental
PUL0699	NC_015977	2480616	2500030	585394	dbcan		false	Bacteria	Bacillota	Clostridia	Lachnospirales	Lachnospiraceae	Roseburia	Roseburia hominis	3592125	31254	0.8700699446706337	experimental
PUL0022	NC_016023	736768	743451	1398	dbcan		false	Bacteria	Bacillota	Bacilli	Bacillales_B	Bacillaceae_C	Weizmannia	Weizmannia faecalis	3552226	11764	0.3311726224626474	experimental
PUL0023	NC_016023	839150	844231	1398	dbcan		false	Bacteria	Bacillota	Bacilli	Bacillales_B	Bacillaceae_C	Weizmannia	Weizmannia faecalis	3552226	11764	0.3311726224626474	experimental
9088	NC_016610	2353086	2370434		puldb		false	Bacteria	Bacteroidota	Bacteroidia	Bacteroidales	Tannerellaceae	Tannerella	Tannerella forsythia	3405521	33250	0.9763557470354757	experimental
PUL0700	NC_016610	2445130	2461032	203275	dbcan		false	Bacteria	Bacteroidota	Bacteroidia	Bacteroidales	Tannerellaceae	Tannerella	Tannerella forsythia	3405521	33250	0.9763557470354757	experimental
PUL0269	NC_017943	25887	44810	2252	dbcan		false								321908	18923	5.878387613852405	experimental
PUL0729	NC_020238	5336873	5346552	1428	dbcan		false	Bacteria	Bacillota	Bacilli	Bacillales	Bacillaceae_G	Bacillus_A	Bacillus_A cereus	5646799	9679	0.17140684483368365	experimental
PUL0659	NC_021020	989705	995264	853	dbcan		false	Bacteria	Bacillota	Clostridia	Oscillospirales	Ruminococcaceae	Faecalibacterium	Faecalibacterium prausnitzii	3214418	23132	0.7196326053425535	experimental
PUL0658	NC_021020	1747686	1765259	853	dbcan		false	Bacteria	Bacillota	Clostridia	Oscillospirales	Ruminococcaceae	Faecalibacterium	Faecalibacterium prausnitzii	3214418	23132	0.7196326053425535	experimental
PUL0028	NZ_AAYG02000020	134626	149292	33038	dbcan		false	Bacteria	Bacillota	Clostridia	Lachnospirales	Lachnospiraceae	Ruminococcus_B	Ruminococcus_B gnavus	167462	14666	8.757807741457764	experimental
PUL0793	NZ_ABJL02000006	46951	77011	329854	dbcan		false	Bacteria	Bacteroidota	Bacteroidia	Bacteroidales	Bacteroidaceae	Bacteroides	Bacteroides intestinalis	574965	53016	9.220735175184576	experimental
cblaster_PUL0667	NZ_ABJL02000006	163269	168010	329854	cblaster		false	Bacteria	Bacteroidota	Bacteroidia	Bacteroidales	Bacteroidaceae	Bacteroides	Bacteroides intestinalis	574965	53016	9.220735175184576	experimental
cblaster_27870_PUL0713	NZ_ABJL02000006	376529	394744	329854	cblaster		false	Bacteria	Bacteroidota	Bacteroidia	Bacteroidales	Bacteroidaceae	Bacteroides	Bacteroides intestinalis	574965	53016	9.220735175184576	experimental
PUL0643	NZ_ABJL02000007	167129	189673	329854	dbcan		false	Bacteria	Bacteroidota	Bacteroidia	Bacteroidales	Bacteroidaceae	Bacteroides	Bacteroides intestinalis	1438659	60832	4.228382125298629	experimental
cblaster_PUL0541	NZ_ABJL02000007	608230	622111	329854	cblaster		false	Bacteria	Bacteroidota	Bacteroidia	Bacteroidales	Bacteroidaceae	Bacteroides	Bacteroides intestinalis	1438659	60832	4.228382125298629	experimental
cblaster_PUL0540	NZ_ABJL02000007	674065	685626	329854	cblaster		false	Bacteria	Bacteroidota	Bacteroidia	Bacteroidales	Bacteroidaceae	Bacteroides	Bacteroides intestinalis	1438659	60832	4.228382125298629	experimental
cblaster_PUL0554	NZ_ABJL02000007	1365595	1378441	329854	cblaster		false	Bacteria	Bacteroidota	Bacteroidia	Bacteroidales	Bacteroidaceae	Bacteroides	Bacteroides intestinalis	1438659	60832	4.228382125298629	experimental
3602_PUL0225	NZ_ABQC02000019	71558	133837	310297	puldb_dbcan	merged	false	Bacteria	Bacteroidota	Bacteroidia	Bacteroidales	Bacteroidaceae	Phocaeicola	Phocaeicola plebeius	760260	62279	8.19180280430379	experimental
PUL0609	NZ_ACFY01000084	45466	61920	360807	dbcan		false	Bacteria	Bacillota	Clostridia	Lachnospirales	Lachnospiraceae	Roseburia	Roseburia inulinivorans	110525	16454	14.887129608685818	experimental
PUL0394_PUL0632	NZ_ACFY01000156	29140	36513	360807	dbcan	merged	false	Bacteria	Bacillota	Clostridia	Lachnospirales	Lachnospiraceae	Roseburia	Roseburia inulinivorans	7858	7373	93.82794604224993	experimental
cblaster_PUL0720	NZ_AP012330	163873	170871	28026	cblaster		false	Bacteria	Actinomycetota	Actinomycetes	Actinomycetales	Bifidobacteriaceae	Bifidobacterium	Bifidobacterium pseudocatenulatum	2313752	44715	1.9325753148997817	experimental
cblaster_PUL0792	NZ_AP012330	551964	571315	28026	cblaster		false	Bacteria	Actinomycetota	Actinomycetes	Actinomycetales	Bifidobacteriaceae	Bifidobacterium	Bifidobacterium pseudocatenulatum	2313752	44715	1.9325753148997817	experimental
cblaster_PUL0031	NZ_AP012330	1589102	1593462	28026	cblaster		false	Bacteria	Actinomycetota	Actinomycetes	Actinomycetales	Bifidobacteriaceae	Bifidobacterium	Bifidobacterium pseudocatenulatum	2313752	44715	1.9325753148997817	experimental
cblaster_PUL0367	NZ_AP012330	1894973	1899315	28026	cblaster		false	Bacteria	Actinomycetota	Actinomycetes	Actinomycetales	Bifidobacteriaceae	Bifidobacterium	Bifidobacterium pseudocatenulatum	2313752	44715	1.9325753148997817	experimental
PUL0673_cblaster_PUL0740	NZ_AP012330	2208139	2217803	28026	dbcan_cblaster	merged	false	Bacteria	Actinomycetota	Actinomycetes	Actinomycetales	Bifidobacteriaceae	Bifidobacterium	Bifidobacterium pseudocatenulatum	2313752	44715	1.9325753148997817	experimental
PUL0650	NZ_AP022379	35557	47456	216816	dbcan		false	Bacteria	Actinomycetota	Actinomycetes	Actinomycetales	Bifidobacteriaceae	Bifidobacterium	Bifidobacterium longum	2273627	117269	5.157794132458842	experimental
cblaster_PUL0032	NZ_AP022379	127929	132418	216816	cblaster		false	Bacteria	Actinomycetota	Actinomycetes	Actinomycetales	Bifidobacteriaceae	Bifidobacterium	Bifidobacterium longum	2273627	117269	5.157794132458842	experimental
cblaster_PUL0720	NZ_AP022379	253173	270382	216816	cblaster		false	Bacteria	Actinomycetota	Actinomycetes	Actinomycetales	Bifidobacteriaceae	Bifidobacterium	Bifidobacterium longum	2273627	117269	5.157794132458842	experimental
cblaster_PUL0285	NZ_AP022379	575758	587419	216816	cblaster		false	Bacteria	Actinomycetota	Actinomycetes	Actinomycetales	Bifidobacteriaceae	Bifidobacterium	Bifidobacterium longum	2273627	117269	5.157794132458842	experimental
cblaster_PUL0031	NZ_AP022379	1473983	1478142	216816	cblaster		false	Bacteria	Actinomycetota	Actinomycetes	Actinomycetales	Bifidobacteriaceae	Bifidobacterium	Bifidobacterium longum	2273627	117269	5.157794132458842	experimental
cblaster_PUL0576	NZ_AP022379	1815259	1825202	216816	cblaster		false	Bacteria	Actinomycetota	Actinomycetes	Actinomycetales	Bifidobacteriaceae	Bifidobacterium	Bifidobacterium longum	2273627	117269	5.157794132458842	experimental
cblaster_PUL0029_cblaster_PUL0295	NZ_AP022379	2122713	2166213	216816	cblaster	merged	false	Bacteria	Actinomycetota	Actinomycetes	Actinomycetales	Bifidobacteriaceae	Bifidobacterium	Bifidobacterium longum	2273627	117269	5.157794132458842	experimental
cblaster_PUL0233	NZ_AP022379	2185042	2191903	216816	cblaster		false	Bacteria	Actinomycetota	Actinomycetes	Actinomycetales	Bifidobacteriaceae	Bifidobacterium	Bifidobacterium longum	2273627	117269	5.157794132458842	experimental
cblaster_PUL0232	NZ_AP022379	2197089	2204637	216816	cblaster		false	Bacteria	Actinomycetota	Actinomycetes	Actinomycetales	Bifidobacteriaceae	Bifidobacterium	Bifidobacterium longum	2273627	117269	5.157794132458842	experimental
PUL0635	NZ_BLYL01000002	70950	76292	33043	dbcan		false	Bacteria	Bacillota	Clostridia	Lachnospirales	Lachnospiraceae	Coprococcus	Coprococcus aceti	261617	5342	2.041916236330208	experimental
PUL0636	NZ_BLYL01000009	14990	22272	33043	dbcan		false	Bacteria	Bacillota	Clostridia	Lachnospirales	Lachnospiraceae	Coprococcus	Coprococcus aceti	141654	7282	5.140694932723396	experimental
PUL0755	NZ_BTHI01000008	50227	64778	418240	dbcan		false	Bacteria	Bacillota	Clostridia	Lachnospirales	Lachnospiraceae	Blautia_A	Blautia_A wexlerae_B	135822	14551	10.71328650734049	experimental
PUL0654	NZ_CAJQES010000007	56564	116108	320912	dbcan		false	Bacteria	Bacteroidota	Bacteroidia	Flavobacteriales	Flavobacteriaceae	Maribacter	Maribacter dokdonensis	132542	59544	44.92462766519292	experimental
PUL0655	NZ_CAJQES010000017	10692	25936	320912	dbcan		false	Bacteria	Bacteroidota	Bacteroidia	Flavobacteriales	Flavobacteriaceae	Maribacter	Maribacter dokdonensis	80886	15244	18.84627747694286	experimental
PUL0327	NZ_CAWH010000143	18754	27639	1351	dbcan		false	Bacteria	Bacillota	Bacilli	Lactobacillales	Enterococcaceae	Enterococcus	Enterococcus faecalis	54473	8885	16.31083288968847	experimental
PUL0777	NZ_CAWLDM010000001	825302	866107	445327	dbcan		false	Bacteria	Planctomycetota	Planctomycetia	Pirellulales	Pirellulaceae	Rhodopirellula	Rhodopirellula lusitana	7962739	288137	3.618566425447324	experimental
PUL0778	NZ_CAWLDM010000001	1354823	1382854	445327	dbcan		false	Bacteria	Planctomycetota	Planctomycetia	Pirellulales	Pirellulaceae	Rhodopirellula	Rhodopirellula lusitana	7962739	288137	3.618566425447324	experimental
PUL0779	NZ_CAWLDM010000001	1497165	1524265	445327	dbcan		false	Bacteria	Planctomycetota	Planctomycetia	Pirellulales	Pirellulaceae	Rhodopirellula	Rhodopirellula lusitana	7962739	288137	3.618566425447324	experimental
PUL0780	NZ_CAWLDM010000001	2673596	2721482	445327	dbcan		false	Bacteria	Planctomycetota	Planctomycetia	Pirellulales	Pirellulaceae	Rhodopirellula	Rhodopirellula lusitana	7962739	288137	3.618566425447324	experimental
PUL0781	NZ_CAWLDM010000001	4971656	5000661	445327	dbcan		false	Bacteria	Planctomycetota	Planctomycetia	Pirellulales	Pirellulaceae	Rhodopirellula	Rhodopirellula lusitana	7962739	288137	3.618566425447324	experimental
PUL0782	NZ_CAWLDM010000001	5325807	5350204	445327	dbcan		false	Bacteria	Planctomycetota	Planctomycetia	Pirellulales	Pirellulaceae	Rhodopirellula	Rhodopirellula lusitana	7962739	288137	3.618566425447324	experimental
PUL0783	NZ_CAWLDM010000001	6350456	6389301	445327	dbcan		false	Bacteria	Planctomycetota	Planctomycetia	Pirellulales	Pirellulaceae	Rhodopirellula	Rhodopirellula lusitana	7962739	288137	3.618566425447324	experimental
PUL0784	NZ_CAWLDM010000001	6897268	6909411	445327	dbcan		false	Bacteria	Planctomycetota	Planctomycetia	Pirellulales	Pirellulaceae	Rhodopirellula	Rhodopirellula lusitana	7962739	288137	3.618566425447324	experimental
PUL0785	NZ_CAWLDM010000001	7257044	7296969	445327	dbcan		false	Bacteria	Planctomycetota	Planctomycetia	Pirellulales	Pirellulaceae	Rhodopirellula	Rhodopirellula lusitana	7962739	288137	3.618566425447324	experimental
cblaster_21137	NZ_CP009976	673497	684533	76594	cblaster		false	Bacteria	Bacteroidota	Bacteroidia	Flavobacteriales	Flavobacteriaceae	Cellulophaga	Cellulophaga baltica	4635105	39744	0.8574563035788834	experimental
PUL0732_cblaster_PUL0730	NZ_CP009976	4522759	4551467	76594	dbcan_cblaster	merged	false	Bacteria	Bacteroidota	Bacteroidia	Flavobacteriales	Flavobacteriaceae	Cellulophaga	Cellulophaga baltica	4635105	39744	0.8574563035788834	experimental
PUL0568	NZ_CP010086	6311368	6316315	1520	dbcan		false	Bacteria	Bacillota	Clostridia	Clostridiales	Clostridiaceae	Clostridium	Clostridium beijerinckii	6485394	4947	0.07627909730696393	experimental
PUL0607	NZ_CP014224	1677698	1717015	1790137	dbcan		false	Bacteria	Bacteroidota	Bacteroidia	Flavobacteriales	Flavobacteriaceae	Wenyingzhuangia	Wenyingzhuangia fucanilytica	3427057	109007	3.180775808514419	experimental
PUL0727	NZ_CP014224	1788619	1841724	1790137	dbcan		false	Bacteria	Bacteroidota	Bacteroidia	Flavobacteriales	Flavobacteriaceae	Wenyingzhuangia	Wenyingzhuangia fucanilytica	3427057	109007	3.180775808514419	experimental
PUL0715	NZ_CP014224	2761835	2778420	1790137	dbcan		false	Bacteria	Bacteroidota	Bacteroidia	Flavobacteriales	Flavobacteriaceae	Wenyingzhuangia	Wenyingzhuangia fucanilytica	3427057	109007	3.180775808514419	experimental
PUL0684	NZ_CP016797	2087543	2092403	1580	dbcan		false	Bacteria	Bacillota	Bacilli	Lactobacillales	Lactobacillaceae	Levilactobacillus	Levilactobacillus brevis	2488939	4860	0.19526392571292425	experimental
PUL0637	NZ_CP022479	1869091	1875620	853	dbcan		false	Bacteria	Bacillota	Clostridia	Oscillospirales	Ruminococcaceae	Faecalibacterium	Faecalibacterium duncaniae	3110044	32704	1.051560685315063	experimental
cblaster_PUL0107_PUL0113	NZ_CP022479	2470854	2497029	853	cblaster_dbcan	merged	false	Bacteria	Bacillota	Clostridia	Oscillospirales	Ruminococcaceae	Faecalibacterium	Faecalibacterium duncaniae	3110044	32704	1.051560685315063	experimental
PUL0748	NZ_CP028092	2624663	2654379	2571030	dbcan		false	Bacteria	Bacteroidota	Bacteroidia	Cytophagales	Hymenobacteraceae	Pontibacter	Pontibacter sp005491705	5256878	29716	0.5652784789755441	experimental
cblaster_27824	NZ_CP046176	1709663	1714601	357276	cblaster		false	Bacteria	Bacteroidota	Bacteroidia	Bacteroidales	Bacteroidaceae	Phocaeicola	Phocaeicola dorei	832081	98617	11.85185096162513	experimental
cblaster_PUL0091_PUL0092_PUL0721	NZ_CP046176	3701355	3728620	357276	cblaster_dbcan	merged	false	Bacteria	Bacteroidota	Bacteroidia	Bacteroidales	Bacteroidaceae	Phocaeicola	Phocaeicola dorei	832081	98617	11.85185096162513	experimental
PUL0662	NZ_CP046176	3797500	3812868	357276	dbcan		false	Bacteria	Bacteroidota	Bacteroidia	Bacteroidales	Bacteroidaceae	Phocaeicola	Phocaeicola dorei	832081	98617	11.85185096162513	experimental
cblaster_PUL0687	NZ_CP046176	3865340	3876133	357276	cblaster		false	Bacteria	Bacteroidota	Bacteroidia	Bacteroidales	Bacteroidaceae	Phocaeicola	Phocaeicola dorei	832081	98617	11.85185096162513	experimental
cblaster_PUL0724_PUL0723	NZ_CP046176	4092287	4124046	357276	cblaster_dbcan	merged	false	Bacteria	Bacteroidota	Bacteroidia	Bacteroidales	Bacteroidaceae	Phocaeicola	Phocaeicola dorei	832081	98617	11.85185096162513	experimental
cblaster_298	NZ_CP046176	4616401	4621630	357276	cblaster		false	Bacteria	Bacteroidota	Bacteroidia	Bacteroidales	Bacteroidaceae	Phocaeicola	Phocaeicola dorei	832081	98617	11.85185096162513	experimental
cblaster_PUL0667	NZ_CP046176	4667219	4670484	357276	cblaster		false	Bacteria	Bacteroidota	Bacteroidia	Bacteroidales	Bacteroidaceae	Phocaeicola	Phocaeicola dorei	832081	98617	11.85185096162513	experimental
PUL0631	NZ_CP060437	182863	192114	1537215	dbcan		false	Bacteria	Pseudomonadota	Alphaproteobacteria	Rhodobacterales	Rhodobacteraceae	Pseudooceanicola	Pseudooceanicola algae	202410	9251	4.570426362333877	experimental
PUL0722	NZ_CP074436	2331852	2376746	2806551	dbcan		false	Bacteria	Bacteroidota	Bacteroidia	Flavobacteriales	Flavobacteriaceae	Polaribacter	Polaribacter sp016858305	4423854	44894	1.0148164925876848	experimental
cblaster_PUL0720	NZ_CP079235	160846	167828	28026	cblaster		false	Bacteria	Actinomycetota	Actinomycetes	Actinomycetales	Bifidobacteriaceae	Bifidobacterium	Bifidobacterium pseudocatenulatum	2316707	39243	1.6939129548967564	experimental
PUL0792	NZ_CP079235	549827	573387	28026	dbcan		false	Bacteria	Actinomycetota	Actinomycetes	Actinomycetales	Bifidobacteriaceae	Bifidobacterium	Bifidobacterium pseudocatenulatum	2316707	39243	1.6939129548967564	experimental
cblaster_PUL0031	NZ_CP079235	1674724	1679083	28026	cblaster		false	Bacteria	Actinomycetota	Actinomycetes	Actinomycetales	Bifidobacteriaceae	Bifidobacterium	Bifidobacterium pseudocatenulatum	2316707	39243	1.6939129548967564	experimental
cblaster_PUL0367	NZ_CP079235	1949247	1953589	28026	cblaster		false	Bacteria	Actinomycetota	Actinomycetes	Actinomycetales	Bifidobacteriaceae	Bifidobacterium	Bifidobacterium pseudocatenulatum	2316707	39243	1.6939129548967564	experimental
PUL0703	NZ_CP098511	2147167	2215680	2949996	dbcan		false	Bacteria	Bacteroidota	Bacteroidia	Flavobacteriales	Flavobacteriaceae	Aquimarina	Aquimarina sp026222555	4431522	68513	1.5460376818618975	experimental
PUL0764	NZ_CP102288	2782	11969	537011	dbcan		false	Bacteria	Bacteroidota	Bacteroidia	Bacteroidales	Bacteroidaceae	Prevotella	Prevotella copri	3325514	211696	6.3658129239570185	experimental
PUL0765	NZ_CP102288	24235	42294	537011	dbcan		false	Bacteria	Bacteroidota	Bacteroidia	Bacteroidales	Bacteroidaceae	Prevotella	Prevotella copri	3325514	211696	6.3658129239570185	experimental
PUL0750	NZ_CP102288	243976	266452	165179	dbcan		false	Bacteria	Bacteroidota	Bacteroidia	Bacteroidales	Bacteroidaceae	Prevotella	Prevotella copri	3325514	211696	6.3658129239570185	experimental
PUL0759	NZ_CP102288	355831	365545	537011	dbcan		false	Bacteria	Bacteroidota	Bacteroidia	Bacteroidales	Bacteroidaceae	Prevotella	Prevotella copri	3325514	211696	6.3658129239570185	experimental
PUL0767	NZ_CP102288	434338	466766	537011	dbcan		false	Bacteria	Bacteroidota	Bacteroidia	Bacteroidales	Bacteroidaceae	Prevotella	Prevotella copri	3325514	211696	6.3658129239570185	experimental
PUL0760	NZ_CP102288	546421	560634	537011	dbcan		false	Bacteria	Bacteroidota	Bacteroidia	Bacteroidales	Bacteroidaceae	Prevotella	Prevotella copri	3325514	211696	6.3658129239570185	experimental
PUL0770	NZ_CP102288	864253	876017	537011	dbcan		false	Bacteria	Bacteroidota	Bacteroidia	Bacteroidales	Bacteroidaceae	Prevotella	Prevotella copri	3325514	211696	6.3658129239570185	experimental
PUL0766	NZ_CP102288	2366674	2377238	537011	dbcan		false	Bacteria	Bacteroidota	Bacteroidia	Bacteroidales	Bacteroidaceae	Prevotella	Prevotella copri	3325514	211696	6.3658129239570185	experimental
PUL0769	NZ_CP102288	2453316	2471587	537011	dbcan		false	Bacteria	Bacteroidota	Bacteroidia	Bacteroidales	Bacteroidaceae	Prevotella	Prevotella copri	3325514	211696	6.3658129239570185	experimental
PUL0761	NZ_CP102288	3016180	3034875	537011	dbcan		false	Bacteria	Bacteroidota	Bacteroidia	Bacteroidales	Bacteroidaceae	Prevotella	Prevotella copri	3325514	211696	6.3658129239570185	experimental
PUL0768	NZ_CP102288	3094181	3109415	537011	dbcan		false	Bacteria	Bacteroidota	Bacteroidia	Bacteroidales	Bacteroidaceae	Prevotella	Prevotella copri	3325514	211696	6.3658129239570185	experimental
PUL0762	NZ_CP102288	3278053	3299246	537011	dbcan		false	Bacteria	Bacteroidota	Bacteroidia	Bacteroidales	Bacteroidaceae	Prevotella	Prevotella copri	3325514	211696	6.3658129239570185	experimental
PUL0763	NZ_CP102288	3309626	3319524	537011	dbcan		false	Bacteria	Bacteroidota	Bacteroidia	Bacteroidales	Bacteroidaceae	Prevotella	Prevotella copri	3325514	211696	6.3658129239570185	experimental
cblaster_302	NZ_CP113514	1640	9379	28116	cblaster		false	Bacteria	Bacteroidota	Bacteroidia	Bacteroidales	Bacteroidaceae	Bacteroides	Bacteroides ovatus	6743055	948388	14.064663568664352	experimental
cblaster_303_cblaster_27869	NZ_CP113514	52593	78541	28116	cblaster	merged	false	Bacteria	Bacteroidota	Bacteroidia	Bacteroidales	Bacteroidaceae	Bacteroides	Bacteroides ovatus	6743055	948388	14.064663568664352	experimental
cblaster_303_cblaster_27869	NZ_CP113514	52593	78541	28116	cblaster	merged	false	Bacteria	Bacteroidota	Bacteroidia	Bacteroidales	Bacteroidaceae	Bacteroides	Bacteroides ovatus	6743055	948388	14.064663568664352	experimental
cblaster_PUL0553	NZ_CP113514	163843	206738	28116	cblaster		false	Bacteria	Bacteroidota	Bacteroidia	Bacteroidales	Bacteroidaceae	Bacteroides	Bacteroides ovatus	6743055	948388	14.064663568664352	experimental
cblaster_307_cblaster_27872	NZ_CP113514	223678	231706	28116	cblaster	merged	false	Bacteria	Bacteroidota	Bacteroidia	Bacteroidales	Bacteroidaceae	Bacteroides	Bacteroides ovatus	6743055	948388	14.064663568664352	experimental
cblaster_307_cblaster_27872	NZ_CP113514	223678	231706	28116	cblaster	merged	false	Bacteria	Bacteroidota	Bacteroidia	Bacteroidales	Bacteroidaceae	Bacteroides	Bacteroides ovatus	6743055	948388	14.064663568664352	experimental
cblaster_307_cblaster_27872	NZ_CP113514	223678	231706	28116	cblaster	merged	false	Bacteria	Bacteroidota	Bacteroidia	Bacteroidales	Bacteroidaceae	Bacteroides	Bacteroides ovatus	6743055	948388	14.064663568664352	experimental
cblaster_PUL0666	NZ_CP113514	245267	251372	28116	cblaster		false	Bacteria	Bacteroidota	Bacteroidia	Bacteroidales	Bacteroidaceae	Bacteroides	Bacteroides ovatus	6743055	948388	14.064663568664352	experimental
cblaster_310_PUL0422	NZ_CP113514	310427	318321	28116	cblaster		false	Bacteria	Bacteroidota	Bacteroidia	Bacteroidales	Bacteroidaceae	Bacteroides	Bacteroides ovatus	6743055	948388	14.064663568664352	experimental
cblaster_312	NZ_CP113514	362438	379453	28116	cblaster		false	Bacteria	Bacteroidota	Bacteroidia	Bacteroidales	Bacteroidaceae	Bacteroides	Bacteroides ovatus	6743055	948388	14.064663568664352	experimental
cblaster_PUL0667	NZ_CP113514	389123	393813	28116	cblaster		false	Bacteria	Bacteroidota	Bacteroidia	Bacteroidales	Bacteroidaceae	Bacteroides	Bacteroides ovatus	6743055	948388	14.064663568664352	experimental
cblaster_314	NZ_CP113514	395131	418084	28116	cblaster		false	Bacteria	Bacteroidota	Bacteroidia	Bacteroidales	Bacteroidaceae	Bacteroides	Bacteroides ovatus	6743055	948388	14.064663568664352	experimental
cblaster_253	NZ_CP113514	615199	630919	28116	cblaster		false	Bacteria	Bacteroidota	Bacteroidia	Bacteroidales	Bacteroidaceae	Bacteroides	Bacteroides ovatus	6743055	948388	14.064663568664352	experimental
cblaster_254	NZ_CP113514	682240	688650	28116	cblaster		false	Bacteria	Bacteroidota	Bacteroidia	Bacteroidales	Bacteroidaceae	Bacteroides	Bacteroides ovatus	6743055	948388	14.064663568664352	experimental
cblaster_333_PUL0529	NZ_CP113514	982781	1037896	28116	cblaster		false	Bacteria	Bacteroidota	Bacteroidia	Bacteroidales	Bacteroidaceae	Bacteroides	Bacteroides ovatus	6743055	948388	14.064663568664352	experimental
cblaster_334_PUL0787	NZ_CP113514	1053806	1111546	28116	cblaster		false	Bacteria	Bacteroidota	Bacteroidia	Bacteroidales	Bacteroidaceae	Bacteroides	Bacteroides ovatus	6743055	948388	14.064663568664352	experimental
cblaster_336	NZ_CP113514	1297110	1314999	28116	cblaster		false	Bacteria	Bacteroidota	Bacteroidia	Bacteroidales	Bacteroidaceae	Bacteroides	Bacteroides ovatus	6743055	948388	14.064663568664352	experimental
cblaster_27892_cblaster_339	NZ_CP113514	1481601	1489240	28116	cblaster	merged	false	Bacteria	Bacteroidota	Bacteroidia	Bacteroidales	Bacteroidaceae	Bacteroides	Bacteroides ovatus	6743055	948388	14.064663568664352	experimental
cblaster_27892_cblaster_339	NZ_CP113514	1481601	1489240	28116	cblaster	merged	false	Bacteria	Bacteroidota	Bacteroidia	Bacteroidales	Bacteroidaceae	Bacteroides	Bacteroides ovatus	6743055	948388	14.064663568664352	experimental
cblaster_27892_cblaster_339	NZ_CP113514	1481601	1489240	28116	cblaster	merged	false	Bacteria	Bacteroidota	Bacteroidia	Bacteroidales	Bacteroidaceae	Bacteroides	Bacteroides ovatus	6743055	948388	14.064663568664352	experimental
cblaster_342	NZ_CP113514	1809190	1814627	28116	cblaster		false	Bacteria	Bacteroidota	Bacteroidia	Bacteroidales	Bacteroidaceae	Bacteroides	Bacteroides ovatus	6743055	948388	14.064663568664352	experimental
cblaster_343	NZ_CP113514	1826339	1842481	28116	cblaster		false	Bacteria	Bacteroidota	Bacteroidia	Bacteroidales	Bacteroidaceae	Bacteroides	Bacteroides ovatus	6743055	948388	14.064663568664352	experimental
cblaster_344	NZ_CP113514	1857416	1870366	28116	cblaster		false	Bacteria	Bacteroidota	Bacteroidia	Bacteroidales	Bacteroidaceae	Bacteroides	Bacteroides ovatus	6743055	948388	14.064663568664352	experimental
cblaster_345_PUL0789	NZ_CP113514	1893664	1911277	28116	cblaster		false	Bacteria	Bacteroidota	Bacteroidia	Bacteroidales	Bacteroidaceae	Bacteroides	Bacteroides ovatus	6743055	948388	14.064663568664352	experimental
cblaster_PUL0746_cblaster_27819	NZ_CP113514	2355852	2367454	28116	cblaster	merged	false	Bacteria	Bacteroidota	Bacteroidia	Bacteroidales	Bacteroidaceae	Bacteroides	Bacteroides ovatus	6743055	948388	14.064663568664352	experimental
cblaster_PUL0746_cblaster_27819	NZ_CP113514	2355852	2367454	28116	cblaster	merged	false	Bacteria	Bacteroidota	Bacteroidia	Bacteroidales	Bacteroidaceae	Bacteroides	Bacteroides ovatus	6743055	948388	14.064663568664352	experimental
cblaster_242_PUL0415	NZ_CP113514	2407346	2418935	28116	cblaster		false	Bacteria	Bacteroidota	Bacteroidia	Bacteroidales	Bacteroidaceae	Bacteroides	Bacteroides ovatus	6743055	948388	14.064663568664352	experimental
cblaster_3068_PUL0189_cblaster_PUL0552	NZ_CP113514	2622142	2659957	28116	cblaster	merged	false	Bacteria	Bacteroidota	Bacteroidia	Bacteroidales	Bacteroidaceae	Bacteroides	Bacteroides ovatus	6743055	948388	14.064663568664352	experimental
cblaster_239	NZ_CP113514	2666681	2681341	28116	cblaster		false	Bacteria	Bacteroidota	Bacteroidia	Bacteroidales	Bacteroidaceae	Bacteroides	Bacteroides ovatus	6743055	948388	14.064663568664352	experimental
cblaster_240_PUL0790	NZ_CP113514	2694923	2716708	28116	cblaster		false	Bacteria	Bacteroidota	Bacteroidia	Bacteroidales	Bacteroidaceae	Bacteroides	Bacteroides ovatus	6743055	948388	14.064663568664352	experimental
cblaster_PUL0791	NZ_CP113514	2759730	2776219	28116	cblaster		false	Bacteria	Bacteroidota	Bacteroidia	Bacteroidales	Bacteroidaceae	Bacteroides	Bacteroides ovatus	6743055	948388	14.064663568664352	experimental
cblaster_278_cblaster_27820	NZ_CP113514	3086458	3097075	28116	cblaster	merged	false	Bacteria	Bacteroidota	Bacteroidia	Bacteroidales	Bacteroidaceae	Bacteroides	Bacteroides ovatus	6743055	948388	14.064663568664352	experimental
cblaster_317	NZ_CP113514	3597118	3607686	28116	cblaster		false	Bacteria	Bacteroidota	Bacteroidia	Bacteroidales	Bacteroidaceae	Bacteroides	Bacteroides ovatus	6743055	948388	14.064663568664352	experimental
cblaster_243	NZ_CP113514	3686541	3703553	28116	cblaster		false	Bacteria	Bacteroidota	Bacteroidia	Bacteroidales	Bacteroidaceae	Bacteroides	Bacteroides ovatus	6743055	948388	14.064663568664352	experimental
cblaster_247_cblaster_27826	NZ_CP113514	3850695	3855320	28116	cblaster	merged	false	Bacteria	Bacteroidota	Bacteroidia	Bacteroidales	Bacteroidaceae	Bacteroides	Bacteroides ovatus	6743055	948388	14.064663568664352	experimental
cblaster_247_cblaster_27826	NZ_CP113514	3850695	3855320	28116	cblaster	merged	false	Bacteria	Bacteroidota	Bacteroidia	Bacteroidales	Bacteroidaceae	Bacteroides	Bacteroides ovatus	6743055	948388	14.064663568664352	experimental
cblaster_320	NZ_CP113514	3877953	3888350	28116	cblaster		false	Bacteria	Bacteroidota	Bacteroidia	Bacteroidales	Bacteroidaceae	Bacteroides	Bacteroides ovatus	6743055	948388	14.064663568664352	experimental
cblaster_3073	NZ_CP113514	3957223	3962183	28116	cblaster		false	Bacteria	Bacteroidota	Bacteroidia	Bacteroidales	Bacteroidaceae	Bacteroides	Bacteroides ovatus	6743055	948388	14.064663568664352	experimental
cblaster_323	NZ_CP113514	4007958	4015318	28116	cblaster		false	Bacteria	Bacteroidota	Bacteroidia	Bacteroidales	Bacteroidaceae	Bacteroides	Bacteroides ovatus	6743055	948388	14.064663568664352	experimental
cblaster_325	NZ_CP113514	4149742	4160021	28116	cblaster		false	Bacteria	Bacteroidota	Bacteroidia	Bacteroidales	Bacteroidaceae	Bacteroides	Bacteroides ovatus	6743055	948388	14.064663568664352	experimental
cblaster_326_PUL0045	NZ_CP113514	4163931	4184729	28116	cblaster		false	Bacteria	Bacteroidota	Bacteroidia	Bacteroidales	Bacteroidaceae	Bacteroides	Bacteroides ovatus	6743055	948388	14.064663568664352	experimental
cblaster_328	NZ_CP113514	4205925	4212173	28116	cblaster		false	Bacteria	Bacteroidota	Bacteroidia	Bacteroidales	Bacteroidaceae	Bacteroides	Bacteroides ovatus	6743055	948388	14.064663568664352	experimental
cblaster_330_PUL0425	NZ_CP113514	4273758	4292796	28116	cblaster		false	Bacteria	Bacteroidota	Bacteroidia	Bacteroidales	Bacteroidaceae	Bacteroides	Bacteroides ovatus	6743055	948388	14.064663568664352	experimental
cblaster_262	NZ_CP113514	4492619	4499070	28116	cblaster		false	Bacteria	Bacteroidota	Bacteroidia	Bacteroidales	Bacteroidaceae	Bacteroides	Bacteroides ovatus	6743055	948388	14.064663568664352	experimental
cblaster_261	NZ_CP113514	4510523	4518433	28116	cblaster		false	Bacteria	Bacteroidota	Bacteroidia	Bacteroidales	Bacteroidaceae	Bacteroides	Bacteroides ovatus	6743055	948388	14.064663568664352	experimental
cblaster_234	NZ_CP113514	4531379	4541764	28116	cblaster		false	Bacteria	Bacteroidota	Bacteroidia	Bacteroidales	Bacteroidaceae	Bacteroides	Bacteroides ovatus	6743055	948388	14.064663568664352	experimental
cblaster_244	NZ_CP113514	4551424	4566938	28116	cblaster		false	Bacteria	Bacteroidota	Bacteroidia	Bacteroidales	Bacteroidaceae	Bacteroides	Bacteroides ovatus	6743055	948388	14.064663568664352	experimental
cblaster_245	NZ_CP113514	4584934	4588923	28116	cblaster		false	Bacteria	Bacteroidota	Bacteroidia	Bacteroidales	Bacteroidaceae	Bacteroides	Bacteroides ovatus	6743055	948388	14.064663568664352	experimental
cblaster_301	NZ_CP113514	4656252	4666216	28116	cblaster		false	Bacteria	Bacteroidota	Bacteroidia	Bacteroidales	Bacteroidaceae	Bacteroides	Bacteroides ovatus	6743055	948388	14.064663568664352	experimental
cblaster_299	NZ_CP113514	4837448	4844197	28116	cblaster		false	Bacteria	Bacteroidota	Bacteroidia	Bacteroidales	Bacteroidaceae	Bacteroides	Bacteroides ovatus	6743055	948388	14.064663568664352	experimental
cblaster_298	NZ_CP113514	4854671	4859931	28116	cblaster		false	Bacteria	Bacteroidota	Bacteroidia	Bacteroidales	Bacteroidaceae	Bacteroides	Bacteroides ovatus	6743055	948388	14.064663568664352	experimental
cblaster_296	NZ_CP113514	4906720	4924182	28116	cblaster		false	Bacteria	Bacteroidota	Bacteroidia	Bacteroidales	Bacteroidaceae	Bacteroides	Bacteroides ovatus	6743055	948388	14.064663568664352	experimental
cblaster_27834	NZ_CP113514	4941880	4952046	28116	cblaster		false	Bacteria	Bacteroidota	Bacteroidia	Bacteroidales	Bacteroidaceae	Bacteroides	Bacteroides ovatus	6743055	948388	14.064663568664352	experimental
cblaster_294	NZ_CP113514	4970545	4977768	28116	cblaster		false	Bacteria	Bacteroidota	Bacteroidia	Bacteroidales	Bacteroidaceae	Bacteroides	Bacteroides ovatus	6743055	948388	14.064663568664352	experimental
cblaster_272_273_274_PUL0418	NZ_CP113514	5457622	5491932	28116	cblaster		false	Bacteria	Bacteroidota	Bacteroidia	Bacteroidales	Bacteroidaceae	Bacteroides	Bacteroides ovatus	6743055	948388	14.064663568664352	experimental
cblaster_283	NZ_CP113514	5976320	5990152	28116	cblaster		false	Bacteria	Bacteroidota	Bacteroidia	Bacteroidales	Bacteroidaceae	Bacteroides	Bacteroides ovatus	6743055	948388	14.064663568664352	experimental
PUL0718_cblaster_PUL0055	NZ_CP113514	6031188	6049179	28116	dbcan_cblaster	merged	false	Bacteria	Bacteroidota	Bacteroidia	Bacteroidales	Bacteroidaceae	Bacteroides	Bacteroides ovatus	6743055	948388	14.064663568664352	experimental
cblaster_286	NZ_CP113514	6050075	6062328	28116	cblaster		false	Bacteria	Bacteroidota	Bacteroidia	Bacteroidales	Bacteroidaceae	Bacteroides	Bacteroides ovatus	6743055	948388	14.064663568664352	experimental
cblaster_288	NZ_CP113514	6112352	6120519	28116	cblaster		false	Bacteria	Bacteroidota	Bacteroidia	Bacteroidales	Bacteroidaceae	Bacteroides	Bacteroides ovatus	6743055	948388	14.064663568664352	experimental
cblaster_289_290	NZ_CP113514	6150838	6185847	28116	cblaster		false	Bacteria	Bacteroidota	Bacteroidia	Bacteroidales	Bacteroidaceae	Bacteroides	Bacteroides ovatus	6743055	948388	14.064663568664352	experimental
cblaster_291	NZ_CP113514	6224315	6234783	28116	cblaster		false	Bacteria	Bacteroidota	Bacteroidia	Bacteroidales	Bacteroidaceae	Bacteroides	Bacteroides ovatus	6743055	948388	14.064663568664352	experimental
cblaster_235	NZ_CP113514	6286268	6293358	28116	cblaster		false	Bacteria	Bacteroidota	Bacteroidia	Bacteroidales	Bacteroidaceae	Bacteroides	Bacteroides ovatus	6743055	948388	14.064663568664352	experimental
cblaster_248	NZ_CP113514	6334494	6352406	28116	cblaster		false	Bacteria	Bacteroidota	Bacteroidia	Bacteroidales	Bacteroidaceae	Bacteroides	Bacteroides ovatus	6743055	948388	14.064663568664352	experimental
cblaster_249	NZ_CP113514	6381149	6393785	28116	cblaster		false	Bacteria	Bacteroidota	Bacteroidia	Bacteroidales	Bacteroidaceae	Bacteroides	Bacteroides ovatus	6743055	948388	14.064663568664352	experimental
cblaster_27865_PUL0325	NZ_CP113514	6399383	6411757	28116	cblaster		false	Bacteria	Bacteroidota	Bacteroidia	Bacteroidales	Bacteroidaceae	Bacteroides	Bacteroides ovatus	6743055	948388	14.064663568664352	experimental
PUL0664	NZ_DS990119	268931	297885	310297	dbcan		false	Bacteria	Bacteroidota	Bacteroidia	Bacteroidales	Bacteroidaceae	Phocaeicola	Phocaeicola plebeius	571288	28954	5.068196776406996	experimental
PUL0663	NZ_DS990123	30514	46197	310297	dbcan		false	Bacteria	Bacteroidota	Bacteroidia	Bacteroidales	Bacteroidaceae	Phocaeicola	Phocaeicola plebeius	147256	15683	10.650160265116531	experimental
PUL0098	NZ_DS990126	30380	44393	310297	dbcan		false	Bacteria	Bacteroidota	Bacteroidia	Bacteroidales	Bacteroidaceae	Phocaeicola	Phocaeicola plebeius	123012	44334	36.04038630377524	experimental
PUL0101	NZ_DS990126	54056	84377	310297	dbcan		false	Bacteria	Bacteroidota	Bacteroidia	Bacteroidales	Bacteroidaceae	Phocaeicola	Phocaeicola plebeius	123012	44334	36.04038630377524	experimental
cblaster_PUL0736_PUL0056	NZ_DS995511	374865	390554	28111	cblaster_dbcan	merged	false	Bacteria	Bacteroidota	Bacteroidia	Bacteroidales	Bacteroidaceae	Bacteroides	Bacteroides eggerthii	989858	21269	2.148692034615066	experimental
cblaster_PUL0667	NZ_DS995511	888717	894297	28111	cblaster		false	Bacteria	Bacteroidota	Bacteroidia	Bacteroidales	Bacteroidaceae	Bacteroides	Bacteroides eggerthii	989858	21269	2.148692034615066	experimental
PUL0754	NZ_GG657685	174321	185015	53443	dbcan		false	Bacteria	Bacillota	Clostridia	Lachnospirales	Lachnospiraceae	Blautia_A	Blautia_A hydrogenotrophica	474463	10694	2.2539165330067887	experimental
PUL0686	NZ_GG694015	628137	645739	46124	dbcan		false	Bacteria	Bacillota	Bacilli	Lactobacillales	Aerococcaceae	Granulicatella	Granulicatella adiacens	760519	23540	3.095254687917067	experimental
cblaster_PUL0278	NZ_GG694015	691729	697667	46124	cblaster		false	Bacteria	Bacillota	Bacilli	Lactobacillales	Aerococcaceae	Granulicatella	Granulicatella adiacens	760519	23540	3.095254687917067	experimental
PUL0669	NZ_GL622542	196589	248685	28111	dbcan		false	Bacteria	Bacteroidota	Bacteroidia	Bacteroidales	Bacteroidaceae	Bacteroides	Bacteroides eggerthii	349369	52096	14.911454651099554	experimental
PUL0736_cblaster_PUL0056	NZ_GL882595	202523	218248	626929	dbcan_cblaster	merged	false	Bacteria	Bacteroidota	Bacteroidia	Bacteroidales	Bacteroidaceae	Bacteroides	Bacteroides clarus	483280	15725	3.2538073166694255	experimental
PUL0646	NZ_GL882612	2624	15125	626930	dbcan		false	Bacteria	Bacteroidota	Bacteroidia	Bacteroidales	Bacteroidaceae	Bacteroides	Bacteroides fluxus	28032	12501	44.59546232876713	experimental
PUL0531	NZ_HG326223	172559	177453	615	dbcan		false	Bacteria	Pseudomonadota	Gammaproteobacteria	Enterobacterales	Enterobacteriaceae	Serratia	Serratia bockelmannii	5113802	9429	0.1843833609514017	experimental
PUL0307	NZ_HG326223	3032487	3037022	615	dbcan		false	Bacteria	Pseudomonadota	Gammaproteobacteria	Enterobacterales	Enterobacteriaceae	Serratia	Serratia bockelmannii	5113802	9429	0.1843833609514017	experimental
cblaster_PUL0410	NZ_JAEFCJ010000001	519646	525122	562	cblaster		false	Bacteria	Pseudomonadota	Gammaproteobacteria	Enterobacterales	Enterobacteriaceae	Escherichia	Escherichia coli	5176680	29709	0.5739006467465634	experimental
cblaster_PUL0351	NZ_JAEFCJ010000001	1439249	1444135	562	cblaster		false	Bacteria	Pseudomonadota	Gammaproteobacteria	Enterobacterales	Enterobacteriaceae	Escherichia	Escherichia coli	5176680	29709	0.5739006467465634	experimental
cblaster_PUL0571	NZ_JAEFCJ010000001	2347169	2354078	562	cblaster		false	Bacteria	Pseudomonadota	Gammaproteobacteria	Enterobacterales	Enterobacteriaceae	Escherichia	Escherichia coli	5176680	29709	0.5739006467465634	experimental
cblaster_PUL0321	NZ_JAEFCJ010000001	2521782	2527959	562	cblaster		false	Bacteria	Pseudomonadota	Gammaproteobacteria	Enterobacterales	Enterobacteriaceae	Escherichia	Escherichia coli	5176680	29709	0.5739006467465634	experimental
PUL0751	NZ_JAEFCJ010000001	3865119	3871380	562	dbcan		false	Bacteria	Pseudomonadota	Gammaproteobacteria	Enterobacterales	Enterobacteriaceae	Escherichia	Escherichia coli	5176680	29709	0.5739006467465634	experimental
PUL0756	NZ_JH815203	384150	410513	742726	dbcan		false	Bacteria	Bacteroidota	Bacteroidia	Bacteroidales	Barnesiellaceae	Barnesiella	Barnesiella intestinihominis	1217791	26363	2.1648213856072185	experimental
PUL0757	NZ_JH815204	116612	129267	742726	dbcan		false	Bacteria	Bacteroidota	Bacteroidia	Bacteroidales	Barnesiellaceae	Barnesiella	Barnesiella intestinihominis	979427	20908	2.134717544033399	experimental
PUL0758	NZ_JH815204	771118	779371	742726	dbcan		false	Bacteria	Bacteroidota	Bacteroidia	Bacteroidales	Barnesiellaceae	Barnesiella	Barnesiella intestinihominis	979427	20908	2.134717544033399	experimental
cblaster_PUL0793	NZ_JH992941	89178	117520	626931	cblaster		false	Bacteria	Bacteroidota	Bacteroidia	Bacteroidales	Bacteroidaceae	Bacteroides	Bacteroides oleiciplenus	1624090	142256	8.759120492090956	experimental
cblaster_PUL0667	NZ_JH992941	230785	235535	626931	cblaster		false	Bacteria	Bacteroidota	Bacteroidia	Bacteroidales	Bacteroidaceae	Bacteroides	Bacteroides oleiciplenus	1624090	142256	8.759120492090956	experimental
cblaster_27870_PUL0713	NZ_JH992941	433061	453889	626931	cblaster		false	Bacteria	Bacteroidota	Bacteroidia	Bacteroidales	Bacteroidaceae	Bacteroides	Bacteroides oleiciplenus	1624090	142256	8.759120492090956	experimental
cblaster_PUL0540	NZ_JH992941	619755	631218	626931	cblaster		false	Bacteria	Bacteroidota	Bacteroidia	Bacteroidales	Bacteroidaceae	Bacteroides	Bacteroides oleiciplenus	1624090	142256	8.759120492090956	experimental
cblaster_PUL0541	NZ_JH992941	687881	701691	626931	cblaster		false	Bacteria	Bacteroidota	Bacteroidia	Bacteroidales	Bacteroidaceae	Bacteroides	Bacteroides oleiciplenus	1624090	142256	8.759120492090956	experimental
cblaster_PUL0543	NZ_JH992941	741081	754449	626931	cblaster		false	Bacteria	Bacteroidota	Bacteroidia	Bacteroidales	Bacteroidaceae	Bacteroides	Bacteroides oleiciplenus	1624090	142256	8.759120492090956	experimental
cblaster_PUL0545_PUL0645	NZ_JH992941	1220564	1238669	626931	cblaster_dbcan	merged	false	Bacteria	Bacteroidota	Bacteroidia	Bacteroidales	Bacteroidaceae	Bacteroides	Bacteroides oleiciplenus	1624090	142256	8.759120492090956	experimental
cblaster_PUL0546	NZ_JH992941	1303961	1323034	626931	cblaster		false	Bacteria	Bacteroidota	Bacteroidia	Bacteroidales	Bacteroidaceae	Bacteroides	Bacteroides oleiciplenus	1624090	142256	8.759120492090956	experimental
cblaster_PUL0548	NZ_JH992941	1524852	1537369	626931	cblaster		false	Bacteria	Bacteroidota	Bacteroidia	Bacteroidales	Bacteroidaceae	Bacteroides	Bacteroides oleiciplenus	1624090	142256	8.759120492090956	experimental
PUL0698	NZ_JQNJ01000001	479375	519385	111500	dbcan		false	Bacteria	Bacteroidota	Bacteroidia	Flavobacteriales	Flavobacteriaceae	Flagellimonas	Flagellimonas sp000745185	4424696	40010	0.904242912959444	experimental
19097_PUL0160	NZ_JQNQ01000001	1814119	1877793	1250278	puldb_dbcan	merged	false	Bacteria	Bacteroidota	Bacteroidia	Flavobacteriales	Flavobacteriaceae	Salegentibacter	Salegentibacter sp000745315	4212161	110825	2.631072269079933	experimental
19098	NZ_JQNQ01000001	2147638	2164970		puldb		false	Bacteria	Bacteroidota	Bacteroidia	Flavobacteriales	Flavobacteriaceae	Salegentibacter	Salegentibacter sp000745315	4212161	110825	2.631072269079933	experimental
19099_PUL0165	NZ_JQNQ01000001	2250021	2279840	1250278	puldb_dbcan	merged	false	Bacteria	Bacteroidota	Bacteroidia	Flavobacteriales	Flavobacteriaceae	Salegentibacter	Salegentibacter sp000745315	4212161	110825	2.631072269079933	experimental
PUL0097_PUL0096_cblaster_PUL0091_PUL0092_cblaster_PUL0721	NZ_KB905472	535723	570461	204516	dbcan_cblaster_cblaster	merged	false	Bacteria	Bacteroidota	Bacteroidia	Bacteroidales	Bacteroidaceae	Phocaeicola	Phocaeicola massiliensis	3116102	34738	1.1147902090496395	experimental
cblaster_PUL0227	NZ_KE386494	333960	351825	44256	cblaster		false	Bacteria	Bacillota	Thermoanaerobacteria	Thermoanaerobacterales	Caldanaerobiaceae	Caldanaerobius	Caldanaerobius polysaccharolyticus	1071729	41662	3.887363316659342	experimental
PUL0309	NZ_KE386494	723442	739979	44256	dbcan		false	Bacteria	Bacillota	Thermoanaerobacteria	Thermoanaerobacterales	Caldanaerobiaceae	Caldanaerobius	Caldanaerobius polysaccharolyticus	1071729	41662	3.887363316659342	experimental
PUL0217	NZ_KE386494	1052130	1059390	44256	dbcan		false	Bacteria	Bacillota	Thermoanaerobacteria	Thermoanaerobacterales	Caldanaerobiaceae	Caldanaerobius	Caldanaerobius polysaccharolyticus	1071729	41662	3.887363316659342	experimental
PUL0731	NZ_KI912107	951732	990598	982	dbcan		false	Bacteria	Bacteroidota	Bacteroidia	Bacteroidales	Marinilabiliaceae	Saccharicrinis	Saccharicrinis fermentans	5926711	38866	0.6557768718602949	experimental
cblaster_PUL0697	NZ_LACM01000001	182415	186416	1387557	cblaster		false	Bacteria	Bacillota	Thermoanaerobacteria	Caldicellulosiruptorales	Caldicellulosiruptoraceae	Caldicellulosiruptor	Caldicellulosiruptor danielii	2834482	87915	3.101624917709832	experimental
cblaster_PUL0695	NZ_LACM01000001	899159	905667	1387557	cblaster		false	Bacteria	Bacillota	Thermoanaerobacteria	Caldicellulosiruptorales	Caldicellulosiruptoraceae	Caldicellulosiruptor	Caldicellulosiruptor danielii	2834482	87915	3.101624917709832	experimental
cblaster_PUL0696	NZ_LACM01000001	1142130	1159840	1387557	cblaster		false	Bacteria	Bacillota	Thermoanaerobacteria	Caldicellulosiruptorales	Caldicellulosiruptoraceae	Caldicellulosiruptor	Caldicellulosiruptor danielii	2834482	87915	3.101624917709832	experimental
PUL0322	NZ_LACM01000001	2094992	2154688	1387557	dbcan		false	Bacteria	Bacillota	Thermoanaerobacteria	Caldicellulosiruptorales	Caldicellulosiruptoraceae	Caldicellulosiruptor	Caldicellulosiruptor danielii	2834482	87915	3.101624917709832	experimental
PUL0099	NZ_LR027880	217565	227092	166486	dbcan		false	Bacteria	Bacillota	Clostridia	Lachnospirales	Lachnospiraceae	Roseburia	Roseburia intestinalis	254337	48587	19.10339431541616	experimental
PUL0001	NZ_LR027880	1162413	1181577	166486	dbcan		false	Bacteria	Bacillota	Clostridia	Lachnospirales	Lachnospiraceae	Roseburia	Roseburia intestinalis	254337	48587	19.10339431541616	experimental
PUL0642	NZ_LR027880	4318380	4338276	166486	dbcan		false	Bacteria	Bacillota	Clostridia	Lachnospirales	Lachnospiraceae	Roseburia	Roseburia intestinalis	254337	48587	19.10339431541616	experimental
PUL0460	NZ_LSNE01000005	77024	114972	1799789	dbcan		false	Bacteria	Pseudomonadota	Gammaproteobacteria	Enterobacterales	Alteromonadaceae	Paraglaciecola	Paraglaciecola hydrolytica	925268	89045	9.623698215003653	experimental
PUL0796	NZ_LSNE01000005	187809	238906	1799789	dbcan		false	Bacteria	Pseudomonadota	Gammaproteobacteria	Enterobacterales	Alteromonadaceae	Paraglaciecola	Paraglaciecola hydrolytica	925268	89045	9.623698215003653	experimental
PUL0677	NZ_MYFN02000025	10359	16112	1967501	dbcan		false	Bacteria	Pseudomonadota	Alphaproteobacteria	Rhizobiales	Rhizobiaceae	Shinella	Shinella sumterensis	33819	5753	17.011147579762856	experimental
PUL0676	NZ_MYFP02000002	307028	312828	1963027	dbcan		false	Bacteria	Actinomycetota	Actinomycetes	Actinomycetales	Microbacteriaceae	Microbacterium	Microbacterium sp001426925	326526	5800	1.7762750898856445	experimental
PUL0108_PUL0109_PUL0110	NZ_NFHS01000001	745835	779958	820	dbcan	merged	false	Bacteria	Bacteroidota	Bacteroidia	Bacteroidales	Bacteroidaceae	Bacteroides	Bacteroides uniformis	814155	34123	4.191216660218263	experimental
PUL0300	NZ_PJDO01000018	15593	34141	216816	dbcan		false	Bacteria	Actinomycetota	Actinomycetes	Actinomycetales	Bifidobacteriaceae	Bifidobacterium	Bifidobacterium longum	117618	72754	61.85617847608359	experimental
cblaster_PUL0029_PUL0295	NZ_PJDO01000018	55039	109245	216816	cblaster_dbcan	merged	false	Bacteria	Actinomycetota	Actinomycetes	Actinomycetales	Bifidobacteriaceae	Bifidobacterium	Bifidobacterium longum	117618	72754	61.85617847608359	experimental
cblaster_PUL0720	NZ_PJDX01000003	52839	70215	216816	cblaster		false	Bacteria	Actinomycetota	Actinomycetes	Actinomycetales	Bifidobacteriaceae	Bifidobacterium	Bifidobacterium longum	210964	34104	16.16579131984604	experimental
PUL0299_cblaster_PUL0673_cblaster_PUL0740	NZ_PJDX01000003	147509	164237	216816	dbcan_cblaster_cblaster	merged	false	Bacteria	Actinomycetota	Actinomycetes	Actinomycetales	Bifidobacteriaceae	Bifidobacterium	Bifidobacterium longum	210964	34104	16.16579131984604	experimental
cblaster_PUL0032	NZ_PJEE01000001	112315	116804	216816	cblaster		false	Bacteria	Actinomycetota	Actinomycetes	Actinomycetales	Bifidobacteriaceae	Bifidobacterium	Bifidobacterium longum	454785	33761	7.423507811383401	experimental
cblaster_PUL0720	NZ_PJEE01000001	239702	257069	216816	cblaster		false	Bacteria	Actinomycetota	Actinomycetes	Actinomycetales	Bifidobacteriaceae	Bifidobacterium	Bifidobacterium longum	454785	33761	7.423507811383401	experimental
cblaster_PUL0283_cblaster_PUL0297_PUL0298_cblaster_PUL0367	NZ_PJEE01000001	419369	431274	216816	cblaster_dbcan_cblaster	merged	false	Bacteria	Actinomycetota	Actinomycetes	Actinomycetales	Bifidobacteriaceae	Bifidobacterium	Bifidobacterium longum	454785	33761	7.423507811383401	experimental
cblaster_PUL0283_cblaster_PUL0298_PUL0297_cblaster_PUL0367	NZ_PJEG01000006	13105	25205	216816	cblaster_dbcan_cblaster	merged	false	Bacteria	Actinomycetota	Actinomycetes	Actinomycetales	Bifidobacteriaceae	Bifidobacterium	Bifidobacterium sp959020155	36295	12100	33.33792533406805	experimental
PUL0406	NZ_PXJC01000002	246468	268868	35786	dbcan		false	Bacteria	Coprothermobacterota	Coprothermobacteria	Coprothermobacterales	Coprothermobacteraceae	Coprothermobacter	Coprothermobacter proteolyticus	323931	22400	6.915052897067586	experimental
PUL0737	NZ_VISB01000001	216319	247401	1250050	dbcan		false	Bacteria	Bacteroidota	Bacteroidia	Flavobacteriales	Flavobacteriaceae	Maribacter	Maribacter sedimenticola	4347041	183411	4.219214863627926	experimental
PUL0738	NZ_VISB01000001	3238797	3314997	1250050	dbcan		false	Bacteria	Bacteroidota	Bacteroidia	Flavobacteriales	Flavobacteriaceae	Maribacter	Maribacter sedimenticola	4347041	183411	4.219214863627926	experimental
PUL0739	NZ_VISB01000001	3898483	3974612	1250050	dbcan		false	Bacteria	Bacteroidota	Bacteroidia	Flavobacteriales	Flavobacteriaceae	Maribacter	Maribacter sedimenticola	4347041	183411	4.219214863627926	experimental
PUL0749	OZ022674	14403	20763	77133	dbcan		false								22594	6360	28.14906612374967	experimental
cblaster_PUL0300	PJDT01000028	94524	113123	216816	cblaster		false	Bacteria	Actinomycetota	Actinomycetes	Actinomycetales	Bifidobacteriaceae	Bifidobacterium	Bifidobacterium longum	178408	26029	14.589592394959867	experimental
PUL0296	PJDT01000028	157706	165136	216816	dbcan		false	Bacteria	Actinomycetota	Actinomycetes	Actinomycetales	Bifidobacteriaceae	Bifidobacterium	Bifidobacterium longum	178408	26029	14.589592394959867	experimental
cblaster_PUL0031	PJEE01000011	32559	36718	216816	cblaster		false	Bacteria	Actinomycetota	Actinomycetes	Actinomycetales	Bifidobacteriaceae	Bifidobacterium	Bifidobacterium longum	519233	28807	5.54799097900172	experimental
PUL0294	PJEE01000011	293988	308944	216816	dbcan		false	Bacteria	Actinomycetota	Actinomycetes	Actinomycetales	Bifidobacteriaceae	Bifidobacterium	Bifidobacterium longum	519233	28807	5.54799097900172	experimental
cblaster_PUL0576	PJEE01000011	376643	386335	216816	cblaster		false	Bacteria	Actinomycetota	Actinomycetes	Actinomycetales	Bifidobacteriaceae	Bifidobacterium	Bifidobacterium longum	519233	28807	5.54799097900172	experimental
PUL0612	RHLF01000001	1252462	1269410	192149	dbcan		false	Bacteria	Bacteroidota	Bacteroidia	Flavobacteriales	Flavobacteriaceae	Flagellimonas_A	Flagellimonas_A sp003712125	1487548	16948	1.139324579778266	experimental
PUL0611	RHLG01000001	87985	112122	1883156	dbcan		false	Bacteria	Bacteroidota	Bacteroidia	Flavobacteriales	Flavobacteriaceae	Winogradskyella	Winogradskyella sp003712105	984888	24137	2.4507355151042556	experimental
PULpy_PUL10	ABJL02000008	974915	993816		predicted													predicted
PULpy_PUL11	ABJL02000008	1100075	1110086		predicted													predicted
PULpy_PUL12	ABJL02000008	1127563	1149974		predicted													predicted
PULpy_PUL13	ABJL02000008	1153327	1188554		predicted													predicted
PULpy_PUL14	ABJL02000008	1395772	1418805		predicted													predicted
PULpy_PUL15	ABJL02000008	1800920	1816358		predicted													predicted
PULpy_PUL16	ABJL02000008	1843303	1851142		predicted													predicted
PULpy_PUL17	ABJL02000008	1960339	1983337		predicted													predicted
PULpy_PUL18	ABJL02000008	2427922	2456206		predicted													predicted
PULpy_PUL2	ABJL02000008	438549	445735		predicted													predicted
PULpy_PUL20	ABJL02000008	2551528	2582810		predicted													predicted
PULpy_PUL21	ABJL02000008	2602821	2616026		predicted													predicted
PULpy_PUL22	ABJL02000008	2618289	2638548		predicted													predicted
PULpy_PUL23	ABJL02000008	2756416	2767437		predicted													predicted
PULpy_PUL24	ABJL02000008	2795270	2829223		predicted													predicted
PULpy_PUL25	ABJL02000008	3042638	3055348		predicted													predicted
PULpy_PUL26	ABJL02000008	3058427	3063128		predicted													predicted
PULpy_PUL27	ABJL02000008	3066511	3070966		predicted													predicted
PULpy_PUL28	ABJL02000008	3073724	3078289		predicted													predicted
PULpy_PUL29	ABJL02000008	3182420	3206888		predicted													predicted
PULpy_PUL3	ABJL02000008	530975	537190		predicted													predicted
PULpy_PUL30	ABJL02000008	3236068	3251012		predicted													predicted
PULpy_PUL31	ABJL02000008	3400693	3420626		predicted													predicted
PULpy_PUL4	ABJL02000008	736870	743569		predicted													predicted
PULpy_PUL5	ABJL02000008	758457	763154		predicted													predicted
PULpy_PUL6	ABJL02000008	801601	827574		predicted													predicted
PULpy_PUL9	ABJL02000008	930854	963030		predicted													predicted
cblaster_242_PUL0415	ABJL02000008	662317	673508		predicted													predicted
cblaster_PUL0582	AE005176	176337	181104		predicted													predicted
cblaster_PUL0142	AE014295	1728550	1733232		predicted													predicted
PULpy_PUL27	AE015928	2826115	2844564		predicted													predicted
cblaster_PUL0168	AM406671	2194373	2202023		predicted													predicted
cblaster_PUL0387	AM743169	4123181	4127762		predicted													predicted
cblaster_PUL0365_cblaster_PUL0719	AM743169	1216834	1227585		predicted	merged												predicted
PULpy_PUL1	AP006841	296774	303715		predicted													predicted
PULpy_PUL10	AP006841	776176	780965		predicted													predicted
PULpy_PUL13	AP006841	788104	792457		predicted													predicted
PULpy_PUL14	AP006841	860651	877618		predicted													predicted
PULpy_PUL15	AP006841	889887	903835		predicted													predicted
PULpy_PUL18	AP006841	1113668	1145506		predicted													predicted
PULpy_PUL19	AP006841	1148335	1153521		predicted													predicted
PULpy_PUL2	AP006841	365867	394904		predicted													predicted
PULpy_PUL20	AP006841	1170598	1175844		predicted													predicted
PULpy_PUL21	AP006841	1267734	1281953		predicted													predicted
PULpy_PUL22	AP006841	1487577	1492498		predicted													predicted
PULpy_PUL24	AP006841	1725348	1732573		predicted													predicted
PULpy_PUL26	AP006841	1982867	1994312		predicted													predicted
PULpy_PUL27	AP006841	1998161	2015983		predicted													predicted
PULpy_PUL29	AP006841	2059818	2072716		predicted													predicted
PULpy_PUL30	AP006841	2258811	2265991		predicted													predicted
PULpy_PUL31	AP006841	2485585	2494846		predicted													predicted
PULpy_PUL32	AP006841	2585584	2590954		predicted													predicted
PULpy_PUL33	AP006841	3460291	3477989		predicted													predicted
PULpy_PUL34	AP006841	3500462	3514415		predicted													predicted
PULpy_PUL35	AP006841	3608179	3612804		predicted													predicted
PULpy_PUL36	AP006841	3678099	3712612		predicted													predicted
PULpy_PUL37	AP006841	3848262	3863352		predicted													predicted
PULpy_PUL38	AP006841	3923974	3932211		predicted													predicted
PULpy_PUL39	AP006841	3987348	4000643		predicted													predicted
PULpy_PUL4	AP006841	473895	478470		predicted													predicted
PULpy_PUL41	AP006841	4299168	4304420		predicted													predicted
PULpy_PUL42	AP006841	4307089	4312168		predicted													predicted
PULpy_PUL44	AP006841	4483705	4491350		predicted													predicted
PULpy_PUL45	AP006841	4503591	4508589		predicted													predicted
PULpy_PUL46	AP006841	4532377	4537459		predicted													predicted
PULpy_PUL47	AP006841	4836372	4852676		predicted													predicted
PULpy_PUL48	AP006841	4853821	4860544		predicted													predicted
PULpy_PUL49	AP006841	4927484	4932433		predicted													predicted
PULpy_PUL50	AP006841	4972265	4980943		predicted													predicted
PULpy_PUL51	AP006841	4981690	5002126		predicted													predicted
PULpy_PUL54	AP006841	5097822	5112839		predicted													predicted
PULpy_PUL55	AP006841	5113983	5119222		predicted													predicted
PULpy_PUL56	AP006841	5132575	5138058		predicted													predicted
PULpy_PUL57	AP006841	5200877	5207529		predicted													predicted
PULpy_PUL6	AP006841	623125	636803		predicted													predicted
PULpy_PUL7	AP006841	655735	660912		predicted													predicted
PULpy_PUL8	AP006841	681929	692491		predicted													predicted
PULpy_PUL9	AP006841	724197	748583		predicted													predicted
cblaster_27892	AP006841	4092111	4094848		predicted													predicted
PULpy_PUL11_PULpy_PUL12	AP006841	783212	787563		predicted	merged												predicted
PULpy_PUL11_PULpy_PUL12	AP006841	783212	787563		predicted	merged												predicted
PULpy_PUL11_PULpy_PUL12	AP006841	783212	787563		predicted	merged												predicted
PULpy_PUL52_PULpy_PUL53	AP006841	5091535	5096763		predicted	merged												predicted
PULpy_PUL10	CP000139	678281	704733		predicted													predicted
PULpy_PUL11	CP000139	709692	733859		predicted													predicted
PULpy_PUL12	CP000139	753893	768048		predicted													predicted
PULpy_PUL13	CP000139	808837	818941		predicted													predicted
PULpy_PUL14	CP000139	831491	841951		predicted													predicted
PULpy_PUL15	CP000139	854692	890582		predicted													predicted
PULpy_PUL16	CP000139	891106	908346		predicted													predicted
PULpy_PUL17	CP000139	1006513	1011282		predicted													predicted
PULpy_PUL18	CP000139	1013984	1058707		predicted													predicted
PULpy_PUL19	CP000139	1068185	1073113		predicted													predicted
PULpy_PUL2	CP000139	138127	154278		predicted													predicted
PULpy_PUL20	CP000139	1139855	1147862		predicted													predicted
PULpy_PUL21	CP000139	1245420	1256947		predicted													predicted
PULpy_PUL22	CP000139	1264336	1269097		predicted													predicted
PULpy_PUL23	CP000139	1324232	1343516		predicted													predicted
PULpy_PUL24	CP000139	1385503	1393793		predicted													predicted
PULpy_PUL25	CP000139	1401610	1421650		predicted													predicted
PULpy_PUL26	CP000139	1427128	1443156		predicted													predicted
PULpy_PUL27	CP000139	1484628	1516140		predicted													predicted
PULpy_PUL28	CP000139	1519018	1527204		predicted													predicted
PULpy_PUL29	CP000139	1553334	1579033		predicted													predicted
PULpy_PUL3	CP000139	161024	209049		predicted													predicted
PULpy_PUL30	CP000139	1680497	1685142		predicted													predicted
PULpy_PUL31	CP000139	1695354	1713356		predicted													predicted
PULpy_PUL32	CP000139	1817318	1828121		predicted													predicted
PULpy_PUL33	CP000139	2202607	2207493		predicted													predicted
PULpy_PUL34	CP000139	2266143	2280191		predicted													predicted
PULpy_PUL35	CP000139	2287062	2307471		predicted													predicted
PULpy_PUL36	CP000139	2329464	2353878		predicted													predicted
PULpy_PUL37	CP000139	2384680	2389192		predicted													predicted
PULpy_PUL38	CP000139	2391332	2395837		predicted													predicted
PULpy_PUL39	CP000139	2397692	2427769		predicted													predicted
PULpy_PUL40	CP000139	2560223	2571658		predicted													predicted
PULpy_PUL41	CP000139	2613122	2617873		predicted													predicted
PULpy_PUL42	CP000139	2620058	2629960		predicted													predicted
PULpy_PUL43	CP000139	2771111	2808016		predicted													predicted
PULpy_PUL44	CP000139	2827181	2854894		predicted													predicted
PULpy_PUL45	CP000139	2866265	2871290		predicted													predicted
PULpy_PUL46	CP000139	2874576	2893329		predicted													predicted
PULpy_PUL47	CP000139	3115549	3120233		predicted													predicted
PULpy_PUL48	CP000139	3122533	3134343		predicted													predicted
PULpy_PUL49	CP000139	3143077	3147898		predicted													predicted
PULpy_PUL5	CP000139	325420	336931		predicted													predicted
PULpy_PUL50	CP000139	3252778	3257514		predicted													predicted
PULpy_PUL51	CP000139	3408112	3440807		predicted													predicted
PULpy_PUL52	CP000139	3679647	3707233		predicted													predicted
PULpy_PUL53	CP000139	3709509	3714493		predicted													predicted
PULpy_PUL55	CP000139	4355325	4359769		predicted													predicted
PULpy_PUL56	CP000139	4570536	4580651		predicted													predicted
PULpy_PUL57	CP000139	4582462	4587223		predicted													predicted
PULpy_PUL58	CP000139	5055175	5060517		predicted													predicted
PULpy_PUL6	CP000139	435317	450872		predicted													predicted
PULpy_PUL7	CP000139	460919	467305		predicted													predicted
PULpy_PUL8	CP000139	527392	535325		predicted													predicted
PULpy_PUL9	CP000139	561279	573552		predicted													predicted
cblaster_PUL0112_PUL0106	CP000139	1620651	1638769		predicted													predicted
cblaster_PUL0770	CP000139	2991118	2999788		predicted													predicted
cblaster_PUL0142	CP000303	2302257	2306877		predicted													predicted
cblaster_PUL0576	CP000303	1970704	1979207		predicted													predicted
cblaster_PUL0673	CP000303	1603797	1608689		predicted													predicted
cblaster_PUL0741	CP000303	2155635	2161312		predicted													predicted
cblaster_PUL0142	CP001095	2741997	2746694		predicted													predicted
cblaster_PUL0212	CP001095	46991	52818		predicted													predicted
PULpy_PUL1	CP001807	780986	795039		predicted													predicted
PULpy_PUL3	CP001807	2049764	2068442		predicted													predicted
PULpy_PUL4	CP001807	2423048	2428856		predicted													predicted
PULpy_PUL10	CP002534	1828395	1836619		predicted													predicted
PULpy_PUL12	CP002534	2405402	2420714		predicted													predicted
PULpy_PUL13	CP002534	2604827	2618857		predicted													predicted
PULpy_PUL14	CP002534	2632176	2636770		predicted													predicted
PULpy_PUL15	CP002534	2735161	2754735		predicted													predicted
PULpy_PUL16	CP002534	2768930	2796503		predicted													predicted
PULpy_PUL17	CP002534	2806528	2811579		predicted													predicted
PULpy_PUL18	CP002534	2843537	2848371		predicted													predicted
PULpy_PUL19	CP002534	2855530	2860145		predicted													predicted
PULpy_PUL2	CP002534	444291	487620		predicted													predicted
PULpy_PUL20	CP002534	3416583	3421463		predicted													predicted
PULpy_PUL21	CP002534	3700096	3710666		predicted													predicted
PULpy_PUL3	CP002534	743363	748091		predicted													predicted
PULpy_PUL4	CP002534	748620	763450		predicted													predicted
PULpy_PUL5	CP002534	852382	863409		predicted													predicted
PULpy_PUL6	CP002534	1352195	1379501		predicted													predicted
PULpy_PUL8	CP002534	1558732	1566208		predicted													predicted
PULpy_PUL9	CP002534	1635558	1640224		predicted													predicted
cblaster_21161_PULpy_PUL7	CP002534	1432969	1446936		predicted	merged												predicted
cblaster_PUL0006	CP002835	241626	251376		predicted													predicted
cblaster_PUL0142	CP006712	2179866	2184486		predicted													predicted
cblaster_PUL0576	CP006712	1850776	1859279		predicted													predicted
cblaster_PUL0673	CP006712	1498873	1503765		predicted													predicted
cblaster_PUL0741	CP006712	2027394	2033071		predicted													predicted
PULpy_PUL1	CP012801	435374	445714		predicted													predicted
PULpy_PUL10	CP012801	1225043	1246141		predicted													predicted
PULpy_PUL11	CP012801	1259368	1284695		predicted													predicted
PULpy_PUL13	CP012801	1484454	1494443		predicted													predicted
PULpy_PUL14	CP012801	1763941	1790171		predicted													predicted
PULpy_PUL15	CP012801	1846498	1863614		predicted													predicted
PULpy_PUL16	CP012801	1875804	1900185		predicted													predicted
PULpy_PUL18	CP012801	1963204	1990574		predicted													predicted
PULpy_PUL2	CP012801	740320	759934		predicted													predicted
PULpy_PUL20	CP012801	2120936	2141020		predicted													predicted
PULpy_PUL21	CP012801	2154472	2158980		predicted													predicted
PULpy_PUL22	CP012801	2165643	2178421		predicted													predicted
PULpy_PUL23	CP012801	2221501	2234279		predicted													predicted
PULpy_PUL25	CP012801	2345357	2353021		predicted													predicted
PULpy_PUL26	CP012801	2353911	2376533		predicted													predicted
PULpy_PUL29	CP012801	2516552	2536554		predicted													predicted
PULpy_PUL3	CP012801	766791	771488		predicted													predicted
PULpy_PUL30	CP012801	2561757	2577841		predicted													predicted
PULpy_PUL31	CP012801	2639531	2644644		predicted													predicted
PULpy_PUL32	CP012801	2646660	2652017		predicted													predicted
PULpy_PUL34	CP012801	2710220	2767217		predicted													predicted
PULpy_PUL35	CP012801	2839845	2902222		predicted													predicted
PULpy_PUL36	CP012801	2945447	2961532		predicted													predicted
PULpy_PUL4	CP012801	890724	917607		predicted													predicted
PULpy_PUL40	CP012801	3200720	3205662		predicted													predicted
PULpy_PUL41	CP012801	3258414	3288775		predicted													predicted
PULpy_PUL42	CP012801	3293525	3312974		predicted													predicted
PULpy_PUL44	CP012801	3398196	3433626		predicted													predicted
PULpy_PUL45	CP012801	3459062	3469863		predicted													predicted
PULpy_PUL46	CP012801	3551328	3563788		predicted													predicted
PULpy_PUL48	CP012801	3785612	3794675		predicted													predicted
PULpy_PUL49	CP012801	3799779	3805001		predicted													predicted
PULpy_PUL50	CP012801	3811732	3834509		predicted													predicted
PULpy_PUL53	CP012801	4005928	4013079		predicted													predicted
PULpy_PUL54	CP012801	4034993	4058818		predicted													predicted
PULpy_PUL55	CP012801	4064779	4080593		predicted													predicted
PULpy_PUL56	CP012801	4096189	4112805		predicted													predicted
PULpy_PUL57	CP012801	4182654	4198503		predicted													predicted
PULpy_PUL58	CP012801	4208988	4225380		predicted													predicted
PULpy_PUL59	CP012801	4263247	4273946		predicted													predicted
PULpy_PUL60	CP012801	4285765	4311901		predicted													predicted
PULpy_PUL61	CP012801	4327985	4332874		predicted													predicted
PULpy_PUL62	CP012801	4476541	4491370		predicted													predicted
PULpy_PUL63	CP012801	4506447	4514142		predicted													predicted
PULpy_PUL64	CP012801	4535885	4563584		predicted													predicted
PULpy_PUL65	CP012801	4658174	4687295		predicted													predicted
PULpy_PUL66	CP012801	4711806	4769323		predicted													predicted
PULpy_PUL67	CP012801	4790067	4802348		predicted													predicted
PULpy_PUL68	CP012801	4846355	4850885		predicted													predicted
PULpy_PUL69	CP012801	4916366	4934235		predicted													predicted
PULpy_PUL7	CP012801	1147888	1163751		predicted													predicted
PULpy_PUL72	CP012801	4941337	4945907		predicted													predicted
PULpy_PUL75	CP012801	5308681	5313952		predicted													predicted
PULpy_PUL76	CP012801	5426358	5484964		predicted													predicted
PULpy_PUL77	CP012801	5504921	5524878		predicted													predicted
PULpy_PUL8	CP012801	1173996	1184002		predicted													predicted
PULpy_PUL81	CP012801	5835172	5844897		predicted													predicted
PULpy_PUL82	CP012801	6172105	6219643		predicted													predicted
PULpy_PUL83	CP012801	6230884	6238194		predicted													predicted
PULpy_PUL84	CP012801	6246063	6257585		predicted													predicted
PULpy_PUL9	CP012801	1198511	1208388		predicted													predicted
cblaster_242_PUL0415	CP012801	677181	685658		predicted													predicted
PULpy_PUL33_cblaster_3773	CP012801	2655343	2677426		predicted	merged												predicted
PULpy_PUL70_PULpy_PUL71	CP012801	4935974	4940499		predicted	merged												predicted
cblaster_27846_PUL0026_PULpy_PUL43	CP012801	3346058	3376539		predicted	merged												predicted
PULpy_PUL1	CP016359	169999	174625		predicted													predicted
PULpy_PUL12	CP016359	2013036	2017705		predicted													predicted
PULpy_PUL13	CP016359	2398366	2414618		predicted													predicted
PULpy_PUL16	CP016359	3448376	3452808		predicted													predicted
PULpy_PUL4	CP016359	713481	739832		predicted													predicted
PULpy_PUL5	CP016359	751199	763184		predicted													predicted
PULpy_PUL6	CP016359	933533	938206		predicted													predicted
PULpy_PUL7	CP016359	1003750	1008353		predicted													predicted
PULpy_PUL9	CP016359	1144515	1156499		predicted													predicted
PULpy_PUL1	CP019300	489756	494628		predicted													predicted
PULpy_PUL2	CP019300	646861	656132		predicted													predicted
cblaster_PUL0684	CP045181	848239	852083		predicted													predicted
PULpy_PUL1	CP091797	15425	20056		predicted													predicted
PULpy_PUL10	CP091797	634044	639303		predicted													predicted
PULpy_PUL11	CP091797	644315	661714		predicted													predicted
PULpy_PUL12	CP091797	707916	719390		predicted													predicted
PULpy_PUL13	CP091797	743018	750716		predicted													predicted
PULpy_PUL14	CP091797	793705	807404		predicted													predicted
PULpy_PUL15	CP091797	837182	852716		predicted													predicted
PULpy_PUL16	CP091797	866116	871187		predicted													predicted
PULpy_PUL17	CP091797	956985	975928		predicted													predicted
PULpy_PUL3	CP091797	172208	179352		predicted													predicted
PULpy_PUL4	CP091797	182788	204702		predicted													predicted
PULpy_PUL5	CP091797	363970	379230		predicted													predicted
PULpy_PUL6	CP091797	428375	433293		predicted													predicted
PULpy_PUL7	CP091797	481173	486176		predicted													predicted
PULpy_PUL8	CP091797	499898	505022		predicted													predicted
PULpy_PUL9	CP091797	536850	541959		predicted													predicted
PULpy_PUL10	CP091800	647714	652973		predicted													predicted
PULpy_PUL11	CP091800	744456	749565		predicted													predicted
PULpy_PUL12	CP091800	795718	800842		predicted													predicted
PULpy_PUL14	CP091800	857458	862343		predicted													predicted
PULpy_PUL15	CP091800	929851	934192		predicted													predicted
PULpy_PUL16	CP091800	937546	945236		predicted													predicted
PULpy_PUL17	CP091800	1094714	1118510		predicted													predicted
PULpy_PUL18	CP091800	1121948	1129091		predicted													predicted
PULpy_PUL2	CP091800	140785	145416		predicted													predicted
PULpy_PUL3	CP091800	303587	313485		predicted													predicted
PULpy_PUL5	CP091800	429444	441421		predicted													predicted
PULpy_PUL6	CP091800	466097	479780		predicted													predicted
PULpy_PUL7	CP091800	522738	530435		predicted													predicted
PULpy_PUL8	CP091800	563063	574511		predicted													predicted
PULpy_PUL9	CP091800	626822	644219		predicted													predicted
cblaster_PUL0554_PULpy_PUL4	CP091800	402519	412566		predicted	merged												predicted
PULpy_PUL1	CR626927	246933	262907		predicted													predicted
PULpy_PUL10	CR626927	704163	713599		predicted													predicted
PULpy_PUL13	CR626927	720955	725308		predicted													predicted
PULpy_PUL14	CR626927	791520	814261		predicted													predicted
PULpy_PUL15	CR626927	826530	840478		predicted													predicted
PULpy_PUL18	CR626927	1052070	1084734		predicted													predicted
PULpy_PUL19	CR626927	1087563	1092749		predicted													predicted
PULpy_PUL2	CR626927	310550	341713		predicted													predicted
PULpy_PUL20	CR626927	1109826	1115135		predicted													predicted
PULpy_PUL21	CR626927	1116065	1121387		predicted													predicted
PULpy_PUL22	CR626927	1213169	1227388		predicted													predicted
PULpy_PUL23	CR626927	1463976	1468897		predicted													predicted
PULpy_PUL25	CR626927	1679751	1686976		predicted													predicted
PULpy_PUL26	CR626927	1768167	1774855		predicted													predicted
PULpy_PUL29	CR626927	2078757	2085104		predicted													predicted
PULpy_PUL30	CR626927	2088953	2093867		predicted													predicted
PULpy_PUL32	CR626927	2328564	2335744		predicted													predicted
PULpy_PUL33	CR626927	2552830	2562091		predicted													predicted
PULpy_PUL34	CR626927	2652830	2658200		predicted													predicted
PULpy_PUL35	CR626927	3361696	3379502		predicted													predicted
PULpy_PUL36	CR626927	3405942	3419997		predicted													predicted
PULpy_PUL37	CR626927	3515822	3520447		predicted													predicted
PULpy_PUL38	CR626927	3585777	3620277		predicted													predicted
PULpy_PUL39	CR626927	3754969	3770059		predicted													predicted
PULpy_PUL4	CR626927	420462	425037		predicted													predicted
PULpy_PUL40	CR626927	3830796	3839033		predicted													predicted
PULpy_PUL41	CR626927	3891110	3904405		predicted													predicted
PULpy_PUL43	CR626927	4066003	4070515		predicted													predicted
PULpy_PUL44	CR626927	4205105	4210357		predicted													predicted
PULpy_PUL47	CR626927	4370599	4378244		predicted													predicted
PULpy_PUL48	CR626927	4390485	4395483		predicted													predicted
PULpy_PUL49	CR626927	4419207	4424289		predicted													predicted
PULpy_PUL50	CR626927	4762106	4778410		predicted													predicted
PULpy_PUL51	CR626927	4779554	4786274		predicted													predicted
PULpy_PUL52	CR626927	4860954	4865903		predicted													predicted
PULpy_PUL53	CR626927	4905725	4935583		predicted													predicted
PULpy_PUL54	CR626927	5024377	5029668		predicted													predicted
PULpy_PUL55	CR626927	5030726	5045743		predicted													predicted
PULpy_PUL56	CR626927	5046824	5052126		predicted													predicted
PULpy_PUL57	CR626927	5065479	5070962		predicted													predicted
PULpy_PUL58	CR626927	5133779	5149653		predicted													predicted
PULpy_PUL6	CR626927	570950	584628		predicted													predicted
PULpy_PUL7	CR626927	603565	608742		predicted													predicted
PULpy_PUL8	CR626927	629760	640322		predicted													predicted
PULpy_PUL9	CR626927	672022	696408		predicted													predicted
cblaster_27892	CR626927	3996611	3999348		predicted													predicted
PULpy_PUL11_PULpy_PUL12	CR626927	715846	720413		predicted	merged												predicted
PULpy_PUL11_PULpy_PUL12	CR626927	715846	720413		predicted	merged												predicted
PULpy_PUL11_PULpy_PUL12	CR626927	715846	720413		predicted	merged												predicted
PULpy_PUL1	CU207366	7743	18255		predicted													predicted
PULpy_PUL10	CU207366	2870683	2875200		predicted													predicted
PULpy_PUL13	CU207366	2953045	2963767		predicted													predicted
PULpy_PUL15	CU207366	3764539	3769306		predicted													predicted
PULpy_PUL2	CU207366	42573	49728		predicted													predicted
PULpy_PUL3	CU207366	414012	429175		predicted													predicted
PULpy_PUL5	CU207366	1082916	1093822		predicted													predicted
PULpy_PUL7	CU207366	1314869	1319782		predicted													predicted
PULpy_PUL8	CU207366	1433381	1437779		predicted													predicted
PULpy_PUL9	CU207366	1775895	1819964		predicted													predicted
PULpy_PUL11_PULpy_PUL12	CU207366	2947635	2952425		predicted	merged												predicted
PULpy_PUL11_PULpy_PUL12	CU207366	2947635	2952425		predicted	merged												predicted
PULpy_PUL11_PULpy_PUL12	CU207366	2947635	2952425		predicted	merged												predicted
PULpy_PUL4_cblaster_24478	CU207366	759215	780420		predicted	merged												predicted
PULpy_PUL10	EQ973490	515377	531401		predicted													predicted
PULpy_PUL14	EQ973490	747302	752244		predicted													predicted
PULpy_PUL15	EQ973490	808985	840352		predicted													predicted
PULpy_PUL16	EQ973490	845313	864762		predicted													predicted
PULpy_PUL17	EQ973490	901776	947210		predicted													predicted
PULpy_PUL18	EQ973490	997285	1032693		predicted													predicted
PULpy_PUL19	EQ973490	1073699	1081165		predicted													predicted
PULpy_PUL2	EQ973490	73587	93589		predicted													predicted
PULpy_PUL20	EQ973490	1082056	1104678		predicted													predicted
PULpy_PUL21	EQ973490	1122029	1133901		predicted													predicted
PULpy_PUL22	EQ973490	1197914	1210374		predicted													predicted
PULpy_PUL23	EQ973490	1295257	1300024		predicted													predicted
PULpy_PUL25	EQ973490	1429181	1438244		predicted													predicted
PULpy_PUL27	EQ973490	1608936	1613465		predicted													predicted
PULpy_PUL29	EQ973490	1681451	1705277		predicted													predicted
PULpy_PUL3	EQ973490	109763	141658		predicted													predicted
PULpy_PUL30	EQ973490	1713657	1759930		predicted													predicted
PULpy_PUL31	EQ973490	1832567	1848733		predicted													predicted
PULpy_PUL32	EQ973490	1859162	1875386		predicted													predicted
PULpy_PUL33	EQ973490	1913600	1924247		predicted													predicted
PULpy_PUL34	EQ973490	1953197	1979337		predicted													predicted
PULpy_PUL36	EQ973490	2029335	2040670		predicted													predicted
PULpy_PUL37	EQ973490	2128667	2143496		predicted													predicted
PULpy_PUL38	EQ973490	2158026	2163350		predicted													predicted
PULpy_PUL4	EQ973490	188735	216341		predicted													predicted
PULpy_PUL5	EQ973490	219674	225031		predicted													predicted
PULpy_PUL7	EQ973490	267474	324751		predicted													predicted
PULpy_PUL8	EQ973490	329020	335714		predicted													predicted
PULpy_PUL9	EQ973490	403078	465291		predicted													predicted
PULpy_PUL6_cblaster_3773	EQ973490	227528	249874		predicted	merged												predicted
PULpy_PUL6_cblaster_3773	EQ973490	227528	249874		predicted	merged												predicted
PULpy_PUL1	FP476056	160802	165447		predicted													predicted
PULpy_PUL13	FP476056	1104394	1109094		predicted													predicted
PULpy_PUL14	FP476056	1184835	1189838		predicted													predicted
PULpy_PUL20	FP476056	1852014	1856707		predicted													predicted
PULpy_PUL21	FP476056	2076365	2083884		predicted													predicted
PULpy_PUL22	FP476056	2375004	2379708		predicted													predicted
PULpy_PUL27	FP476056	2674798	2680098		predicted													predicted
PULpy_PUL30	FP476056	2833791	2838385		predicted													predicted
PULpy_PUL32	FP476056	2960933	2965546		predicted													predicted
PULpy_PUL33	FP476056	2967682	2972380		predicted													predicted
PULpy_PUL36	FP476056	3489393	3494303		predicted													predicted
PULpy_PUL10	FP929033	1485517	1490102		predicted													predicted
PULpy_PUL11	FP929033	1524254	1534598		predicted													predicted
PULpy_PUL15	FP929033	2119076	2132723		predicted													predicted
PULpy_PUL16	FP929033	2227747	2246149		predicted													predicted
PULpy_PUL19	FP929033	2335915	2362674		predicted													predicted
PULpy_PUL21	FP929033	2449121	2470977		predicted													predicted
PULpy_PUL22	FP929033	2516068	2546950		predicted													predicted
PULpy_PUL24	FP929033	2609648	2659196		predicted													predicted
PULpy_PUL27	FP929033	2721413	2726129		predicted													predicted
PULpy_PUL28	FP929033	2737821	2746304		predicted													predicted
PULpy_PUL29	FP929033	2767927	2772820		predicted													predicted
PULpy_PUL3	FP929033	1082393	1098310		predicted													predicted
PULpy_PUL31	FP929033	2834183	2845339		predicted													predicted
PULpy_PUL33	FP929033	2947180	2952046		predicted													predicted
PULpy_PUL34	FP929033	2990042	2994674		predicted													predicted
PULpy_PUL35	FP929033	3100108	3104741		predicted													predicted
PULpy_PUL37	FP929033	3146567	3194299		predicted													predicted
PULpy_PUL38	FP929033	3226327	3249087		predicted													predicted
PULpy_PUL39	FP929033	3407608	3422458		predicted													predicted
PULpy_PUL4	FP929033	1181529	1186469		predicted													predicted
PULpy_PUL41	FP929033	3480010	3484876		predicted													predicted
PULpy_PUL42	FP929033	3510350	3521475		predicted													predicted
PULpy_PUL43	FP929033	3539894	3545210		predicted													predicted
PULpy_PUL46	FP929033	3689468	3708335		predicted													predicted
PULpy_PUL48	FP929033	3781877	3786526		predicted													predicted
PULpy_PUL49	FP929033	3807293	3822251		predicted													predicted
PULpy_PUL5	FP929033	1196472	1213715		predicted													predicted
PULpy_PUL51	FP929033	3950116	3969005		predicted													predicted
PULpy_PUL56	FP929033	4392155	4397192		predicted													predicted
PULpy_PUL57	FP929033	4465755	4470603		predicted													predicted
PULpy_PUL59	FP929033	4699472	4712336		predicted													predicted
PULpy_PUL61	FP929033	4949325	4954308		predicted													predicted
PULpy_PUL63	FP929033	5089259	5107870		predicted													predicted
PULpy_PUL66	FP929033	5221769	5226010		predicted													predicted
PULpy_PUL67	FP929033	5232634	5252458		predicted													predicted
PULpy_PUL72	FP929033	5643730	5657857		predicted													predicted
PULpy_PUL74	FP929033	5803202	5823840		predicted													predicted
PULpy_PUL9	FP929033	1400707	1405715		predicted													predicted
cblaster_239	FP929033	390803	404288		predicted													predicted
cblaster_244	FP929033	1500641	1512336		predicted													predicted
cblaster_292_293	FP929033	2096056	2109746		predicted													predicted
PULpy_PUL30_cblaster_289_290	FP929033	2785872	2816004		predicted	merged												predicted
PULpy_PUL40_cblaster_27869	FP929033	3441674	3469855		predicted	merged												predicted
cblaster_27865_PUL0325_PULpy_PUL36	FP929033	3110878	3123254		predicted	merged												predicted
cblaster_27897_PULpy_PUL62	FP929033	4962372	4974087		predicted	merged												predicted
cblaster_287_PULpy_PUL26	FP929033	2693288	2710787		predicted	merged												predicted
cblaster_304_305_PUL0420_PULpy_PUL44	FP929033	3556095	3578476		predicted	merged												predicted
cblaster_315_316_PULpy_PUL77	FP929033	5906537	5933932		predicted	merged												predicted
cblaster_PUL0178_PUL0167_275_276_PUL0565_PULpy_PUL20	FP929033	2388014	2418826		predicted	merged												predicted
PULpy_PUL1	FQ312004	296165	307440		predicted													predicted
PULpy_PUL10	FQ312004	727653	752039		predicted													predicted
PULpy_PUL11	FQ312004	759794	764367		predicted													predicted
PULpy_PUL12	FQ312004	764908	769475		predicted													predicted
PULpy_PUL13	FQ312004	771722	776075		predicted													predicted
PULpy_PUL14	FQ312004	842315	865056		predicted													predicted
PULpy_PUL15	FQ312004	877319	891266		predicted													predicted
PULpy_PUL18	FQ312004	1105461	1138111		predicted													predicted
PULpy_PUL19	FQ312004	1140940	1147467		predicted													predicted
PULpy_PUL2	FQ312004	361890	393038		predicted													predicted
PULpy_PUL20	FQ312004	1161928	1167237		predicted													predicted
PULpy_PUL21	FQ312004	1168167	1173489		predicted													predicted
PULpy_PUL22	FQ312004	1265208	1279501		predicted													predicted
PULpy_PUL23	FQ312004	1523274	1528195		predicted													predicted
PULpy_PUL25	FQ312004	1754934	1762159		predicted													predicted
PULpy_PUL27	FQ312004	2005416	2020980		predicted													predicted
PULpy_PUL29	FQ312004	2061962	2074860		predicted													predicted
PULpy_PUL30	FQ312004	2311652	2318832		predicted													predicted
PULpy_PUL31	FQ312004	2626446	2635707		predicted													predicted
PULpy_PUL32	FQ312004	2726423	2731793		predicted													predicted
PULpy_PUL33	FQ312004	3397465	3415271		predicted													predicted
PULpy_PUL34	FQ312004	3437653	3451708		predicted													predicted
PULpy_PUL35	FQ312004	3545468	3550093		predicted													predicted
PULpy_PUL36	FQ312004	3631244	3665740		predicted													predicted
PULpy_PUL37	FQ312004	3801040	3816130		predicted													predicted
PULpy_PUL38	FQ312004	3879185	3887422		predicted													predicted
PULpy_PUL39	FQ312004	3929828	3943123		predicted													predicted
PULpy_PUL4	FQ312004	471829	476404		predicted													predicted
PULpy_PUL41	FQ312004	4099249	4103761		predicted													predicted
PULpy_PUL42	FQ312004	4238656	4243908		predicted													predicted
PULpy_PUL43	FQ312004	4246576	4251655		predicted													predicted
PULpy_PUL45	FQ312004	4450742	4458387		predicted													predicted
PULpy_PUL46	FQ312004	4470628	4475626		predicted													predicted
PULpy_PUL47	FQ312004	4499336	4504418		predicted													predicted
PULpy_PUL48	FQ312004	4815853	4832157		predicted													predicted
PULpy_PUL49	FQ312004	4833303	4840023		predicted													predicted
PULpy_PUL5	FQ312004	489139	496463		predicted													predicted
PULpy_PUL50	FQ312004	4869362	4877722		predicted													predicted
PULpy_PUL51	FQ312004	4947723	4952672		predicted													predicted
PULpy_PUL52	FQ312004	4992496	5022358		predicted													predicted
PULpy_PUL53	FQ312004	5110920	5116211		predicted													predicted
PULpy_PUL54	FQ312004	5117269	5132280		predicted													predicted
PULpy_PUL55	FQ312004	5133361	5138663		predicted													predicted
PULpy_PUL56	FQ312004	5239471	5249585		predicted													predicted
PULpy_PUL57	FQ312004	5296881	5303533		predicted													predicted
PULpy_PUL7	FQ312004	626611	640266		predicted													predicted
PULpy_PUL8	FQ312004	659199	664376		predicted													predicted
PULpy_PUL9	FQ312004	685396	695958		predicted													predicted
cblaster_27892	FQ312004	4034532	4037269		predicted													predicted
PULpy_PUL2	GL882630	36316	55229		predicted													predicted
PULpy_PUL1	GL945092	370	9772		predicted													predicted
PULpy_PUL11	GL945092	393119	403568		predicted													predicted
PULpy_PUL12	GL945092	420783	425416		predicted													predicted
PULpy_PUL14	GL945092	461962	519968		predicted													predicted
PULpy_PUL6	GL945092	108714	117195		predicted													predicted
PULpy_PUL7	GL945092	139753	144646		predicted													predicted
PULpy_PUL9	GL945092	246177	257333		predicted													predicted
cblaster_269_270_271_PULpy_PUL15	GL945092	521291	566546		predicted	merged												predicted
PULpy_PUL1	HF548280	1857	6659		predicted													predicted
PULpy_PUL1	JABKKG010000003	57149	62003		predicted													predicted
PULpy_PUL2	JABKKG010000003	289913	309506		predicted													predicted
PULpy_PUL2	JABKKG010000004	60430	71931		predicted													predicted
PULpy_PUL3	JABKKG010000004	175393	185473		predicted													predicted
PULpy_PUL3	JABKKG010000005	281303	286732		predicted													predicted
PULpy_PUL4	JABKKG010000005	287405	299922		predicted													predicted
PULpy_PUL1	JABKKG010000006	131252	136152		predicted													predicted
PULpy_PUL2	JABKKG010000006	136825	148413		predicted													predicted
PULpy_PUL1	JABUUE010000008	46046	50876		predicted													predicted
PULpy_PUL1	JAPFGC010000002	450069	461594		predicted													predicted
PULpy_PUL2	JAPFGC010000002	2035129	2050070		predicted													predicted
PULpy_PUL3	JAPFGC010000002	2070356	2078720		predicted													predicted
PULpy_PUL5	JAPFGC010000002	2955322	2963473		predicted													predicted
PULpy_PUL1	JH724241	149113	167234		predicted													predicted
PULpy_PUL10	JH724241	623081	636099		predicted													predicted
PULpy_PUL11	JH724241	643890	653292		predicted													predicted
PULpy_PUL16	JH724241	826677	837470		predicted													predicted
PULpy_PUL2	JH724241	181287	189015		predicted													predicted
PULpy_PUL22	JH724241	1043160	1057144		predicted													predicted
PULpy_PUL30	JH724241	1469807	1482820		predicted													predicted
PULpy_PUL32	JH724241	1544773	1595535		predicted													predicted
PULpy_PUL40	JH724241	1882545	1887325		predicted													predicted
PULpy_PUL41	JH724241	1981818	2001459		predicted													predicted
PULpy_PUL43	JH724241	2072500	2077827		predicted													predicted
PULpy_PUL46	JH724241	2185401	2199993		predicted													predicted
PULpy_PUL53	JH724241	2816197	2821047		predicted													predicted
PULpy_PUL55	JH724241	3143726	3167456		predicted													predicted
PULpy_PUL56	JH724241	3182735	3201205		predicted													predicted
PULpy_PUL59	JH724241	3275098	3279874		predicted													predicted
PULpy_PUL61	JH724241	3389744	3400752		predicted													predicted
PULpy_PUL62	JH724241	3405785	3426401		predicted													predicted
PULpy_PUL8	JH724241	503572	528877		predicted													predicted
cblaster_PUL0326	JH724241	2971722	2980704		predicted													predicted
PULpy_PUL31_cblaster_304_305_PUL0420	JH724241	1492802	1530254		predicted	merged												predicted
cblaster_315_316_PULpy_PUL39	JH724241	1843859	1873115		predicted	merged												predicted
cblaster_PUL0178_PUL0167_275_276_PUL0565_PULpy_PUL5	JH724241	269988	300109		predicted	merged												predicted
PULpy_PUL1	JPDI01000001	770302	784340		predicted													predicted
PULpy_PUL2	JPDI01000001	1443597	1456875		predicted													predicted
PULpy_PUL2	JUET01000139	22473	34630		predicted													predicted
PULpy_PUL35	LT622246	1875623	1885582		predicted													predicted
PULpy_PUL36	LT622246	1895843	1911141		predicted													predicted
PULpy_PUL51	LT622246	2775881	2780841		predicted													predicted
PULpy_PUL8	LT622246	351346	408654		predicted													predicted
PULpy_PUL81	LT622246	5351829	5365734		predicted													predicted
PULpy_PUL94	LT622246	6229502	6234231		predicted													predicted
PULpy_PUL96	LT622246	6312060	6316708		predicted													predicted
cblaster_PUL0770_cblaster_3069_PUL0190_cblaster_PUL0532	LT622246	4042637	4059035		predicted	merged												predicted
cblaster_PUL0770_cblaster_3069_PUL0190_cblaster_PUL0532	LT622246	4042637	4059035		predicted	merged												predicted
PULpy_PUL1	LT629745	812127	827084		predicted													predicted
PULpy_PUL10	LT629745	3516972	3532279		predicted													predicted
PULpy_PUL3	LT629745	1425281	1433867		predicted													predicted
PULpy_PUL4	LT629745	1566655	1574166		predicted													predicted
PULpy_PUL5	LT629745	2003144	2007658		predicted													predicted
PULpy_PUL6	LT629745	2101443	2119722		predicted													predicted
PULpy_PUL7	LT629745	2199032	2203617		predicted													predicted
PULpy_PUL8	LT629745	2709343	2713975		predicted													predicted
PULpy_PUL9	LT629745	3469100	3473479		predicted													predicted
cblaster_24469_cblaster_31419_PUL0236	LT629745	2642028	2654075		predicted	merged												predicted
cblaster_PUL0211	NC_003919	3592672	3606539		predicted													predicted
cblaster_PUL0684	NC_004567	1565017	1568624		predicted													predicted
PULpy_PUL1	NC_008255	630646	635079		predicted													predicted
PULpy_PUL2	NC_008255	643120	647575		predicted													predicted
cblaster_PUL0140	NC_008618	529774	545626		predicted													predicted
cblaster_PUL0142	NC_008618	1977021	1981616		predicted													predicted
cblaster_PUL0347	NC_008618	409239	423106		predicted													predicted
cblaster_PUL0728	NC_010655	965904	989029		predicted													predicted
PULpy_PUL1	NC_013132	3910	8839		predicted													predicted
PULpy_PUL10	NC_013132	543042	552465		predicted													predicted
PULpy_PUL11	NC_013132	688888	693408		predicted													predicted
PULpy_PUL12	NC_013132	768636	777840		predicted													predicted
PULpy_PUL13	NC_013132	1156827	1173860		predicted													predicted
PULpy_PUL14	NC_013132	1315207	1320131		predicted													predicted
PULpy_PUL15	NC_013132	1615332	1621911		predicted													predicted
PULpy_PUL16	NC_013132	1783570	1803454		predicted													predicted
PULpy_PUL17	NC_013132	1835420	1840048		predicted													predicted
PULpy_PUL18	NC_013132	1893162	1897788		predicted													predicted
PULpy_PUL19	NC_013132	1932031	1939555		predicted													predicted
PULpy_PUL2	NC_013132	49354	54053		predicted													predicted
PULpy_PUL20	NC_013132	2078453	2092792		predicted													predicted
PULpy_PUL21	NC_013132	2152270	2164047		predicted													predicted
PULpy_PUL22	NC_013132	2186845	2221803		predicted													predicted
PULpy_PUL23	NC_013132	2289953	2303268		predicted													predicted
PULpy_PUL24	NC_013132	2307929	2320516		predicted													predicted
PULpy_PUL25	NC_013132	2543046	2548054		predicted													predicted
PULpy_PUL26	NC_013132	2568211	2572934		predicted													predicted
PULpy_PUL27	NC_013132	2583068	2608106		predicted													predicted
PULpy_PUL29	NC_013132	2790034	2794932		predicted													predicted
PULpy_PUL3	NC_013132	67214	77295		predicted													predicted
PULpy_PUL30	NC_013132	2993013	2998306		predicted													predicted
PULpy_PUL31	NC_013132	3004953	3013605		predicted													predicted
PULpy_PUL32	NC_013132	3262938	3268020		predicted													predicted
PULpy_PUL34	NC_013132	3393365	3398107		predicted													predicted
PULpy_PUL35	NC_013132	3473850	3478943		predicted													predicted
PULpy_PUL36	NC_013132	3507646	3518808		predicted													predicted
PULpy_PUL37	NC_013132	3530641	3547767		predicted													predicted
PULpy_PUL38	NC_013132	3558400	3563372		predicted													predicted
PULpy_PUL39	NC_013132	3624115	3629112		predicted													predicted
PULpy_PUL4	NC_013132	162103	169681		predicted													predicted
PULpy_PUL40	NC_013132	3759768	3764869		predicted													predicted
PULpy_PUL42	NC_013132	3878619	3883437		predicted													predicted
PULpy_PUL43	NC_013132	3898600	3903262		predicted													predicted
PULpy_PUL44	NC_013132	3938954	3946463		predicted													predicted
PULpy_PUL45	NC_013132	3955928	3960646		predicted													predicted
PULpy_PUL46	NC_013132	3964141	3969076		predicted													predicted
PULpy_PUL47	NC_013132	4048349	4053197		predicted													predicted
PULpy_PUL48	NC_013132	4401255	4409625		predicted													predicted
PULpy_PUL49	NC_013132	4421506	4430786		predicted													predicted
PULpy_PUL5	NC_013132	392229	405235		predicted													predicted
PULpy_PUL50	NC_013132	4470233	4476252		predicted													predicted
PULpy_PUL51	NC_013132	4559334	4564410		predicted													predicted
PULpy_PUL52	NC_013132	4573815	4578935		predicted													predicted
PULpy_PUL53	NC_013132	4712127	4723130		predicted													predicted
PULpy_PUL54	NC_013132	4789024	4793828		predicted													predicted
PULpy_PUL55	NC_013132	4921603	4926173		predicted													predicted
PULpy_PUL56	NC_013132	5217147	5226523		predicted													predicted
PULpy_PUL57	NC_013132	5595439	5610181		predicted													predicted
PULpy_PUL58	NC_013132	5638528	5653951		predicted													predicted
PULpy_PUL59	NC_013132	5680608	5685454		predicted													predicted
PULpy_PUL6	NC_013132	419997	427068		predicted													predicted
PULpy_PUL60	NC_013132	5693602	5701718		predicted													predicted
PULpy_PUL61	NC_013132	5746276	5755412		predicted													predicted
PULpy_PUL62	NC_013132	5785877	5790867		predicted													predicted
PULpy_PUL63	NC_013132	5999523	6033591		predicted													predicted
PULpy_PUL64	NC_013132	6049805	6064421		predicted													predicted
PULpy_PUL65	NC_013132	6219980	6231936		predicted													predicted
PULpy_PUL66	NC_013132	6238644	6249228		predicted													predicted
PULpy_PUL68	NC_013132	6421692	6430754		predicted													predicted
PULpy_PUL69	NC_013132	6571890	6580059		predicted													predicted
PULpy_PUL7	NC_013132	439523	447037		predicted													predicted
PULpy_PUL70	NC_013132	6689980	6694985		predicted													predicted
PULpy_PUL71	NC_013132	6785067	6789675		predicted													predicted
PULpy_PUL72	NC_013132	6821901	6835049		predicted													predicted
PULpy_PUL73	NC_013132	6893562	6904895		predicted													predicted
PULpy_PUL74	NC_013132	7021255	7033422		predicted													predicted
PULpy_PUL75	NC_013132	7040561	7046931		predicted													predicted
PULpy_PUL77	NC_013132	7097184	7101797		predicted													predicted
PULpy_PUL78	NC_013132	7193894	7207219		predicted													predicted
PULpy_PUL79	NC_013132	7413290	7418296		predicted													predicted
PULpy_PUL8	NC_013132	485451	489891		predicted													predicted
PULpy_PUL80	NC_013132	7748245	7753297		predicted													predicted
PULpy_PUL82	NC_013132	7778294	7793424		predicted													predicted
PULpy_PUL84	NC_013132	8073422	8078237		predicted													predicted
PULpy_PUL85	NC_013132	8099844	8104831		predicted													predicted
PULpy_PUL86	NC_013132	8122063	8127061		predicted													predicted
PULpy_PUL87	NC_013132	8233348	8238311		predicted													predicted
PULpy_PUL88	NC_013132	8351869	8356856		predicted													predicted
PULpy_PUL89	NC_013132	8378311	8383059		predicted													predicted
PULpy_PUL9	NC_013132	538080	542529		predicted													predicted
PULpy_PUL92	NC_013132	8501516	8520325		predicted													predicted
PULpy_PUL93	NC_013132	8611012	8620577		predicted													predicted
PULpy_PUL94	NC_013132	8809582	8814794		predicted													predicted
PULpy_PUL96	NC_013132	9029217	9042365		predicted													predicted
PULpy_PUL97	NC_013132	9061736	9066358		predicted													predicted
PULpy_PUL98	NC_013132	9085039	9090147		predicted													predicted
PULpy_PUL1	NC_014033	186024	193604		predicted													predicted
PULpy_PUL10	NC_014033	2342565	2355794		predicted													predicted
PULpy_PUL11	NC_014033	2497903	2516912		predicted													predicted
PULpy_PUL12	NC_014033	2609206	2630586		predicted													predicted
PULpy_PUL13	NC_014033	2667800	2693601		predicted													predicted
PULpy_PUL14	NC_014033	2738705	2748628		predicted													predicted
PULpy_PUL15	NC_014033	2936122	2954312		predicted													predicted
PULpy_PUL17	NC_014033	3159036	3170540		predicted													predicted
PULpy_PUL18	NC_014033	3241983	3299880		predicted													predicted
PULpy_PUL19	NC_014033	3300434	3328406		predicted													predicted
PULpy_PUL2	NC_014033	306614	328552		predicted													predicted
PULpy_PUL21	NC_014033	3483727	3488447		predicted													predicted
PULpy_PUL3	NC_014033	1361410	1391764		predicted													predicted
PULpy_PUL4	NC_014033	1743042	1753194		predicted													predicted
PULpy_PUL5	NC_014033	1861415	1879225		predicted													predicted
PULpy_PUL6	NC_014033	1900165	1916347		predicted													predicted
PULpy_PUL7	NC_014033	2023289	2033947		predicted													predicted
PULpy_PUL8	NC_014033	2255170	2260109		predicted													predicted
PULpy_PUL9	NC_014033	2266754	2278312		predicted													predicted
cblaster_PUL0770	NC_014033	507673	514016		predicted													predicted
PULpy_PUL1	NC_014934	506279	519939		predicted													predicted
PULpy_PUL10	NC_014934	1117308	1128287		predicted													predicted
PULpy_PUL11	NC_014934	1498508	1503559		predicted													predicted
PULpy_PUL12	NC_014934	1794292	1801688		predicted													predicted
PULpy_PUL13	NC_014934	2281222	2303240		predicted													predicted
PULpy_PUL14	NC_014934	2808701	2860969		predicted													predicted
PULpy_PUL15	NC_014934	2909186	2936910		predicted													predicted
PULpy_PUL16	NC_014934	3122164	3126781		predicted													predicted
PULpy_PUL17	NC_014934	3755946	3768307		predicted													predicted
PULpy_PUL18	NC_014934	4094538	4102593		predicted													predicted
PULpy_PUL19	NC_014934	4807160	4815133		predicted													predicted
PULpy_PUL2	NC_014934	539425	544057		predicted													predicted
PULpy_PUL3	NC_014934	551838	562773		predicted													predicted
PULpy_PUL4	NC_014934	718462	723289		predicted													predicted
PULpy_PUL5	NC_014934	842384	852202		predicted													predicted
PULpy_PUL6	NC_014934	869715	874818		predicted													predicted
PULpy_PUL7	NC_014934	888870	893748		predicted													predicted
PULpy_PUL8	NC_014934	979413	983885		predicted													predicted
PULpy_PUL9	NC_014934	1069287	1074116		predicted													predicted
cblaster_PUL0319_PUL0314	NC_014934	3497567	3507860		predicted													predicted
cblaster_PUL0298	NC_015067	444990	454595		predicted													predicted
PULpy_PUL1	NC_016610	34748	59328		predicted													predicted
PULpy_PUL10	NC_016610	1109379	1114111		predicted													predicted
PULpy_PUL11	NC_016610	1280039	1300666		predicted													predicted
PULpy_PUL12	NC_016610	1376065	1391559		predicted													predicted
PULpy_PUL13	NC_016610	1514912	1519657		predicted													predicted
PULpy_PUL14	NC_016610	1559531	1564489		predicted													predicted
PULpy_PUL15	NC_016610	1626801	1631704		predicted													predicted
PULpy_PUL16	NC_016610	1822185	1832480		predicted													predicted
PULpy_PUL17	NC_016610	1909071	1914514		predicted													predicted
PULpy_PUL18	NC_016610	2153707	2158938		predicted													predicted
PULpy_PUL19	NC_016610	2255756	2260024		predicted													predicted
PULpy_PUL2	NC_016610	210330	216243		predicted													predicted
PULpy_PUL20	NC_016610	2427184	2439345		predicted													predicted
PULpy_PUL22	NC_016610	2591967	2597178		predicted													predicted
PULpy_PUL23	NC_016610	2629182	2639597		predicted													predicted
PULpy_PUL24	NC_016610	2664768	2676515		predicted													predicted
PULpy_PUL25	NC_016610	2768335	2772926		predicted													predicted
PULpy_PUL26	NC_016610	2829027	2835607		predicted													predicted
PULpy_PUL27	NC_016610	2842358	2847481		predicted													predicted
PULpy_PUL28	NC_016610	2946614	2951638		predicted													predicted
PULpy_PUL29	NC_016610	2997528	3012497		predicted													predicted
PULpy_PUL3	NC_016610	316461	324325		predicted													predicted
PULpy_PUL30	NC_016610	3025115	3030128		predicted													predicted
PULpy_PUL31	NC_016610	3155582	3162659		predicted													predicted
PULpy_PUL32	NC_016610	3352780	3357657		predicted													predicted
PULpy_PUL4	NC_016610	417045	422113		predicted													predicted
PULpy_PUL5	NC_016610	523202	547154		predicted													predicted
PULpy_PUL6	NC_016610	641737	648538		predicted													predicted
PULpy_PUL7	NC_016610	782901	789646		predicted													predicted
PULpy_PUL8	NC_016610	1047260	1056827		predicted													predicted
PULpy_PUL9	NC_016610	1060600	1065884		predicted													predicted
PULpy_PUL2	NZ_ABJL02000006	92474	136422		predicted													predicted
PULpy_PUL3	NZ_ABJL02000006	205377	256835		predicted													predicted
PULpy_PUL4	NZ_ABJL02000006	294859	307199		predicted													predicted
PULpy_PUL7	NZ_ABJL02000006	482868	504124		predicted													predicted
PULpy_PUL8	NZ_ABJL02000006	546179	571478		predicted													predicted
PULpy_PUL5_cblaster_3773	NZ_ABJL02000006	318951	356531		predicted	merged												predicted
PULpy_PUL5_cblaster_3773	NZ_ABJL02000006	318951	356531		predicted	merged												predicted
PULpy_PUL5_cblaster_3773	NZ_ABJL02000006	318951	356531		predicted	merged												predicted
PULpy_PUL1	NZ_ABJL02000007	10985	32203		predicted													predicted
PULpy_PUL10	NZ_ABJL02000007	570252	584722		predicted													predicted
PULpy_PUL13	NZ_ABJL02000007	716780	733423		predicted													predicted
PULpy_PUL14	NZ_ABJL02000007	812709	829475		predicted													predicted
PULpy_PUL15	NZ_ABJL02000007	851352	865813		predicted													predicted
PULpy_PUL16	NZ_ABJL02000007	866349	886005		predicted													predicted
PULpy_PUL17	NZ_ABJL02000007	891725	920099		predicted													predicted
PULpy_PUL18	NZ_ABJL02000007	935927	952543		predicted													predicted
PULpy_PUL19	NZ_ABJL02000007	1010356	1026205		predicted													predicted
PULpy_PUL2	NZ_ABJL02000007	32828	60896		predicted													predicted
PULpy_PUL20	NZ_ABJL02000007	1071315	1076378		predicted													predicted
PULpy_PUL21	NZ_ABJL02000007	1101350	1117344		predicted													predicted
PULpy_PUL22	NZ_ABJL02000007	1215666	1220506		predicted													predicted
PULpy_PUL3	NZ_ABJL02000007	91315	103655		predicted													predicted
PULpy_PUL4	NZ_ABJL02000007	122984	127914		predicted													predicted
PULpy_PUL6	NZ_ABJL02000007	282713	296275		predicted													predicted
PULpy_PUL7	NZ_ABJL02000007	365702	403926		predicted													predicted
PULpy_PUL8	NZ_ABJL02000007	411984	416563		predicted													predicted
PULpy_PUL9	NZ_ABJL02000007	447228	509839		predicted													predicted
PULpy_PUL2	NZ_ABQC02000019	407771	454872		predicted													predicted
PULpy_PUL3	NZ_ABQC02000019	534647	550743		predicted													predicted
PULpy_PUL4	NZ_ABQC02000019	709257	726966		predicted													predicted
cblaster_PUL0140	NZ_AP012330	577401	591985		predicted													predicted
cblaster_PUL0212	NZ_AP012330	2068298	2074125		predicted													predicted
cblaster_PUL0232	NZ_AP012330	2241412	2249074		predicted													predicted
cblaster_PUL0232	NZ_AP012330	2265800	2273462		predicted													predicted
cblaster_PUL0285	NZ_AP012330	634128	638238		predicted													predicted
cblaster_PUL0347	NZ_AP012330	424450	436966		predicted													predicted
cblaster_PUL0298	NZ_AP022379	451179	459402		predicted													predicted
PULpy_PUL1	NZ_CAJQES010000007	8933	13439		predicted													predicted
cblaster_PUL0772	NZ_CAWLDM010000001	5140922	5149891		predicted													predicted
PULpy_PUL1	NZ_CP009976	52807	57439		predicted													predicted
PULpy_PUL11	NZ_CP009976	1007666	1018082		predicted													predicted
PULpy_PUL12	NZ_CP009976	1127362	1132119		predicted													predicted
PULpy_PUL13	NZ_CP009976	1303107	1310500		predicted													predicted
PULpy_PUL14	NZ_CP009976	1511609	1523991		predicted													predicted
PULpy_PUL15	NZ_CP009976	1722155	1744182		predicted													predicted
PULpy_PUL16	NZ_CP009976	2246777	2321691		predicted													predicted
PULpy_PUL17	NZ_CP009976	2351821	2384776		predicted													predicted
PULpy_PUL18	NZ_CP009976	2541755	2546315		predicted													predicted
PULpy_PUL19	NZ_CP009976	3149836	3154508		predicted													predicted
PULpy_PUL2	NZ_CP009976	65225	76176		predicted													predicted
PULpy_PUL20	NZ_CP009976	4045679	4053296		predicted													predicted
PULpy_PUL22	NZ_CP009976	4573288	4598156		predicted													predicted
PULpy_PUL23	NZ_CP009976	4615812	4626289		predicted													predicted
PULpy_PUL3	NZ_CP009976	262256	267029		predicted													predicted
PULpy_PUL4	NZ_CP009976	283717	297563		predicted													predicted
PULpy_PUL5	NZ_CP009976	418180	423283		predicted													predicted
PULpy_PUL6	NZ_CP009976	437118	441904		predicted													predicted
PULpy_PUL7	NZ_CP009976	442506	447305		predicted													predicted
PULpy_PUL8	NZ_CP009976	518663	534127		predicted													predicted
PULpy_PUL9	NZ_CP009976	614792	626643		predicted													predicted
cblaster_PUL0319_PUL0314	NZ_CP009976	2780419	2790641		predicted													predicted
PULpy_PUL1	NZ_CP014224	354727	378318		predicted													predicted
PULpy_PUL10	NZ_CP014224	1995887	2036407		predicted													predicted
PULpy_PUL11	NZ_CP014224	2195902	2205451		predicted													predicted
PULpy_PUL12	NZ_CP014224	2312218	2322710		predicted													predicted
PULpy_PUL13	NZ_CP014224	2512912	2531860		predicted													predicted
PULpy_PUL14	NZ_CP014224	2558654	2580077		predicted													predicted
PULpy_PUL15	NZ_CP014224	2589172	2612803		predicted													predicted
PULpy_PUL2	NZ_CP014224	673544	681523		predicted													predicted
PULpy_PUL3	NZ_CP014224	788242	852883		predicted													predicted
PULpy_PUL4	NZ_CP014224	862242	895281		predicted													predicted
PULpy_PUL5	NZ_CP014224	918975	946981		predicted													predicted
PULpy_PUL6	NZ_CP014224	1166144	1175557		predicted													predicted
PULpy_PUL7	NZ_CP014224	1393087	1499797		predicted													predicted
cblaster_PUL0635	NZ_CP022479	485212	487382		predicted													predicted
PULpy_PUL1	NZ_CP028092	136410	144433		predicted													predicted
PULpy_PUL10	NZ_CP028092	1939590	1944172		predicted													predicted
PULpy_PUL11	NZ_CP028092	2026939	2031524		predicted													predicted
PULpy_PUL12	NZ_CP028092	2048590	2064675		predicted													predicted
PULpy_PUL13	NZ_CP028092	2122116	2126817		predicted													predicted
PULpy_PUL14	NZ_CP028092	2437287	2442191		predicted													predicted
PULpy_PUL15	NZ_CP028092	2552223	2557219		predicted													predicted
PULpy_PUL16	NZ_CP028092	2602194	2606811		predicted													predicted
PULpy_PUL18	NZ_CP028092	2947130	2960499		predicted													predicted
PULpy_PUL19	NZ_CP028092	3136400	3141162		predicted													predicted
PULpy_PUL2	NZ_CP028092	209394	213872		predicted													predicted
PULpy_PUL20	NZ_CP028092	3273478	3282791		predicted													predicted
PULpy_PUL21	NZ_CP028092	3332466	3344106		predicted													predicted
PULpy_PUL22	NZ_CP028092	3389671	3394327		predicted													predicted
PULpy_PUL23	NZ_CP028092	3566516	3574426		predicted													predicted
PULpy_PUL24	NZ_CP028092	3578768	3583702		predicted													predicted
PULpy_PUL25	NZ_CP028092	3771845	3776310		predicted													predicted
PULpy_PUL26	NZ_CP028092	4570390	4575110		predicted													predicted
PULpy_PUL27	NZ_CP028092	4603291	4614102		predicted													predicted
PULpy_PUL28	NZ_CP028092	5054590	5065917		predicted													predicted
PULpy_PUL29	NZ_CP028092	5111853	5136160		predicted													predicted
PULpy_PUL3	NZ_CP028092	359421	386125		predicted													predicted
PULpy_PUL4	NZ_CP028092	567170	601569		predicted													predicted
PULpy_PUL5	NZ_CP028092	637704	642823		predicted													predicted
PULpy_PUL6	NZ_CP028092	1847319	1863167		predicted													predicted
PULpy_PUL7	NZ_CP028092	1876357	1889326		predicted													predicted
PULpy_PUL8	NZ_CP028092	1897483	1902276		predicted													predicted
PULpy_PUL9	NZ_CP028092	1919006	1928707		predicted													predicted
PULpy_PUL1	NZ_CP046176	63827	81810		predicted													predicted
PULpy_PUL10	NZ_CP046176	917133	928579		predicted													predicted
PULpy_PUL11	NZ_CP046176	972809	977560		predicted													predicted
PULpy_PUL12	NZ_CP046176	979290	990585		predicted													predicted
PULpy_PUL13	NZ_CP046176	1082324	1091457		predicted													predicted
PULpy_PUL14	NZ_CP046176	1119197	1135012		predicted													predicted
PULpy_PUL15	NZ_CP046176	1146738	1151642		predicted													predicted
PULpy_PUL16	NZ_CP046176	1154834	1173587		predicted													predicted
PULpy_PUL17	NZ_CP046176	1357884	1363411		predicted													predicted
PULpy_PUL18	NZ_CP046176	1539422	1544106		predicted													predicted
PULpy_PUL19	NZ_CP046176	1558303	1563225		predicted													predicted
PULpy_PUL2	NZ_CP046176	226507	237413		predicted													predicted
PULpy_PUL20	NZ_CP046176	1674168	1679083		predicted													predicted
PULpy_PUL22	NZ_CP046176	1843622	1877926		predicted													predicted
PULpy_PUL23	NZ_CP046176	2127520	2162450		predicted													predicted
PULpy_PUL24	NZ_CP046176	2307825	2334760		predicted													predicted
PULpy_PUL25	NZ_CP046176	2385591	2390124		predicted													predicted
PULpy_PUL26	NZ_CP046176	2634873	2640109		predicted													predicted
PULpy_PUL27	NZ_CP046176	3076581	3084757		predicted													predicted
PULpy_PUL28	NZ_CP046176	3668273	3673615		predicted													predicted
PULpy_PUL3	NZ_CP046176	535461	555507		predicted													predicted
PULpy_PUL31	NZ_CP046176	3995971	4014521		predicted													predicted
PULpy_PUL32	NZ_CP046176	4033898	4052765		predicted													predicted
PULpy_PUL33	NZ_CP046176	4055821	4078724		predicted													predicted
PULpy_PUL35	NZ_CP046176	4152930	4159452		predicted													predicted
PULpy_PUL36	NZ_CP046176	4261772	4277228		predicted													predicted
PULpy_PUL37	NZ_CP046176	4287210	4291960		predicted													predicted
PULpy_PUL38	NZ_CP046176	4365515	4373505		predicted													predicted
PULpy_PUL39	NZ_CP046176	4400245	4410437		predicted													predicted
PULpy_PUL4	NZ_CP046176	575163	602725		predicted													predicted
PULpy_PUL40	NZ_CP046176	4493709	4519657		predicted													predicted
PULpy_PUL41	NZ_CP046176	4524618	4554563		predicted													predicted
PULpy_PUL42	NZ_CP046176	4574634	4588788		predicted													predicted
PULpy_PUL44	NZ_CP046176	4671441	4694215		predicted													predicted
PULpy_PUL45	NZ_CP046176	4699438	4720263		predicted													predicted
PULpy_PUL46	NZ_CP046176	4838861	4879582		predicted													predicted
PULpy_PUL47	NZ_CP046176	4951089	4982879		predicted													predicted
PULpy_PUL48	NZ_CP046176	4991755	5028036		predicted													predicted
PULpy_PUL49	NZ_CP046176	5223497	5242770		predicted													predicted
PULpy_PUL5	NZ_CP046176	609561	653147		predicted													predicted
PULpy_PUL50	NZ_CP046176	5285611	5294870		predicted													predicted
PULpy_PUL51	NZ_CP046176	5302687	5307431		predicted													predicted
PULpy_PUL52	NZ_CP046176	5442361	5454831		predicted													predicted
PULpy_PUL53	NZ_CP046176	5465646	5486501		predicted													predicted
PULpy_PUL54	NZ_CP046176	5489394	5494355		predicted													predicted
PULpy_PUL55	NZ_CP046176	5532284	5557978		predicted													predicted
PULpy_PUL6	NZ_CP046176	661733	708046		predicted													predicted
PULpy_PUL7	NZ_CP046176	738879	748208		predicted													predicted
PULpy_PUL8	NZ_CP046176	752101	756528		predicted													predicted
PULpy_PUL9	NZ_CP046176	758380	772377		predicted													predicted
cblaster_PUL0770	NZ_CP046176	1290392	1299062		predicted													predicted
PULpy_PUL1	NZ_CP074436	68288	72918		predicted													predicted
PULpy_PUL10	NZ_CP074436	2866642	2871473		predicted													predicted
PULpy_PUL11	NZ_CP074436	3226340	3231174		predicted													predicted
PULpy_PUL12	NZ_CP074436	3508277	3513212		predicted													predicted
PULpy_PUL13	NZ_CP074436	3527707	3545087		predicted													predicted
PULpy_PUL14	NZ_CP074436	3548460	3553090		predicted													predicted
PULpy_PUL15	NZ_CP074436	3703799	3708419		predicted													predicted
PULpy_PUL16	NZ_CP074436	3741310	3745695		predicted													predicted
PULpy_PUL17	NZ_CP074436	3952209	3956881		predicted													predicted
PULpy_PUL18	NZ_CP074436	3957534	3962344		predicted													predicted
PULpy_PUL19	NZ_CP074436	4016888	4021479		predicted													predicted
PULpy_PUL2	NZ_CP074436	300456	305076		predicted													predicted
PULpy_PUL20	NZ_CP074436	4236655	4273645		predicted													predicted
PULpy_PUL21	NZ_CP074436	4280757	4312653		predicted													predicted
PULpy_PUL22	NZ_CP074436	4322164	4331049		predicted													predicted
PULpy_PUL3	NZ_CP074436	415039	442366		predicted													predicted
PULpy_PUL4	NZ_CP074436	617220	636185		predicted													predicted
PULpy_PUL5	NZ_CP074436	1488200	1492986		predicted													predicted
PULpy_PUL6	NZ_CP074436	1548920	1553884		predicted													predicted
PULpy_PUL7	NZ_CP074436	1567710	1572260		predicted													predicted
PULpy_PUL9	NZ_CP074436	2570578	2575291		predicted													predicted
cblaster_PUL0140	NZ_CP079235	579475	594063		predicted													predicted
cblaster_PUL0142	NZ_CP079235	2192141	2200101		predicted													predicted
cblaster_PUL0232	NZ_CP079235	2268497	2276266		predicted													predicted
cblaster_PUL0285	NZ_CP079235	635830	639940		predicted													predicted
cblaster_PUL0347	NZ_CP079235	420561	435433		predicted													predicted
PULpy_PUL1	NZ_CP098511	60675	70456		predicted													predicted
PULpy_PUL2	NZ_CP098511	87185	92018		predicted													predicted
PULpy_PUL3	NZ_CP098511	526692	531759		predicted													predicted
PULpy_PUL4	NZ_CP098511	669746	674393		predicted													predicted
PULpy_PUL5	NZ_CP098511	1638534	1671673		predicted													predicted
PULpy_PUL6	NZ_CP098511	1742639	1767273		predicted													predicted
PULpy_PUL7	NZ_CP098511	2052666	2062195		predicted													predicted
PULpy_PUL9	NZ_CP098511	3878220	3882651		predicted													predicted
cblaster_21143	NZ_CP098511	2790780	2797074		predicted													predicted
PULpy_PUL10	NZ_CP102288	2625419	2629663		predicted													predicted
PULpy_PUL11	NZ_CP102288	2976469	2985924		predicted													predicted
PULpy_PUL14	NZ_CP102288	3110416	3114897		predicted													predicted
PULpy_PUL2	NZ_CP102288	55158	59940		predicted													predicted
PULpy_PUL7	NZ_CP102288	2242713	2247662		predicted													predicted
PULpy_PUL11	NZ_CP113514	473852	478347		predicted													predicted
PULpy_PUL12	NZ_CP113514	573035	586701		predicted													predicted
PULpy_PUL15	NZ_CP113514	703319	718278		predicted													predicted
PULpy_PUL16	NZ_CP113514	745204	750164		predicted													predicted
PULpy_PUL17	NZ_CP113514	942802	963212		predicted													predicted
PULpy_PUL21	NZ_CP113514	1136329	1164255		predicted													predicted
PULpy_PUL23	NZ_CP113514	1344009	1349029		predicted													predicted
PULpy_PUL24	NZ_CP113514	1355404	1370073		predicted													predicted
PULpy_PUL26	NZ_CP113514	1543218	1548186		predicted													predicted
PULpy_PUL33	NZ_CP113514	2019254	2040493		predicted													predicted
PULpy_PUL34	NZ_CP113514	2054087	2058580		predicted													predicted
PULpy_PUL35	NZ_CP113514	2328071	2335370		predicted													predicted
PULpy_PUL37	NZ_CP113514	2602757	2607207		predicted													predicted
PULpy_PUL42	NZ_CP113514	3641310	3655215		predicted													predicted
PULpy_PUL46	NZ_CP113514	4113282	4131372		predicted													predicted
PULpy_PUL52	NZ_CP113514	4580108	4584690		predicted													predicted
PULpy_PUL54	NZ_CP113514	4693814	4703481		predicted													predicted
PULpy_PUL56	NZ_CP113514	4873882	4888805		predicted													predicted
PULpy_PUL6	NZ_CP113514	262787	280259		predicted													predicted
PULpy_PUL61	NZ_CP113514	5050251	5066173		predicted													predicted
PULpy_PUL62	NZ_CP113514	5399341	5406567		predicted													predicted
PULpy_PUL64	NZ_CP113514	5500135	5526715		predicted													predicted
PULpy_PUL65	NZ_CP113514	5555038	5560131		predicted													predicted
PULpy_PUL66	NZ_CP113514	5634197	5648923		predicted													predicted
PULpy_PUL67	NZ_CP113514	5679942	5691492		predicted													predicted
PULpy_PUL68	NZ_CP113514	5737887	5786798		predicted													predicted
PULpy_PUL69	NZ_CP113514	5802478	5830526		predicted													predicted
PULpy_PUL70	NZ_CP113514	5834657	5852815		predicted													predicted
PULpy_PUL71	NZ_CP113514	5899738	5908651		predicted													predicted
PULpy_PUL72	NZ_CP113514	5909287	5918153		predicted													predicted
PULpy_PUL73	NZ_CP113514	5931603	5945399		predicted													predicted
PULpy_PUL75	NZ_CP113514	6016594	6025996		predicted													predicted
PULpy_PUL78	NZ_CP113514	6084077	6099644		predicted													predicted
PULpy_PUL86	NZ_CP113514	6434561	6456925		predicted													predicted
PULpy_PUL87	NZ_CP113514	6481547	6510934		predicted													predicted
PULpy_PUL89	NZ_CP113514	6714330	6737510		predicted													predicted
PULpy_PUL3_cblaster_304_305_PUL0420_PULpy_PUL4	NZ_CP113514	109286	146877		predicted	merged												predicted
cblaster_258_259_260_PUL0745_PULpy_PUL31_PULpy_PUL32	NZ_CP113514	1924589	1969373		predicted	merged												predicted
cblaster_269_270_271_PULpy_PUL88	NZ_CP113514	6512257	6555373		predicted	merged												predicted
cblaster_27860_PULpy_PUL81	NZ_CP113514	6194249	6214502		predicted	merged												predicted
cblaster_315_316_PULpy_PUL10	NZ_CP113514	434872	464129		predicted	merged												predicted
cblaster_PUL0770_cblaster_3069_PUL0190_cblaster_PUL0532	NZ_CP113514	2176468	2192876		predicted	merged												predicted
cblaster_PUL0770_cblaster_3069_PUL0190_cblaster_PUL0532	NZ_CP113514	2176468	2192876		predicted	merged												predicted
PULpy_PUL1	NZ_DS990119	12812	17204		predicted													predicted
PULpy_PUL3	NZ_DS990119	400722	408912		predicted													predicted
PULpy_PUL2	NZ_DS990123	73100	84505		predicted													predicted
PULpy_PUL3	NZ_DS990123	115988	128184		predicted													predicted
PULpy_PUL3	NZ_DS990126	112513	122426		predicted													predicted
PULpy_PUL1	NZ_DS995511	113483	118544		predicted													predicted
PULpy_PUL10	NZ_DS995511	715922	724300		predicted													predicted
PULpy_PUL12	NZ_DS995511	755212	760572		predicted													predicted
PULpy_PUL13	NZ_DS995511	791824	805446		predicted													predicted
PULpy_PUL14	NZ_DS995511	851247	877909		predicted													predicted
PULpy_PUL15	NZ_DS995511	914930	940017		predicted													predicted
PULpy_PUL16	NZ_DS995511	965922	977720		predicted													predicted
PULpy_PUL2	NZ_DS995511	218843	223284		predicted													predicted
PULpy_PUL3	NZ_DS995511	237074	242194		predicted													predicted
PULpy_PUL4	NZ_DS995511	319169	331360		predicted													predicted
PULpy_PUL6	NZ_DS995511	427239	459032		predicted													predicted
PULpy_PUL7	NZ_DS995511	484401	488883		predicted													predicted
PULpy_PUL8	NZ_DS995511	560123	572537		predicted													predicted
PULpy_PUL9	NZ_DS995511	690837	709034		predicted													predicted
PULpy_PUL11_cblaster_3773	NZ_DS995511	734567	754062		predicted	merged												predicted
PULpy_PUL2	NZ_GL622542	292815	297853		predicted													predicted
PULpy_PUL1	NZ_GL882595	44692	63824		predicted													predicted
PULpy_PUL2	NZ_GL882595	88519	92993		predicted													predicted
PULpy_PUL3	NZ_GL882595	120622	175621		predicted													predicted
PULpy_PUL5	NZ_GL882595	242466	255669		predicted													predicted
PULpy_PUL6	NZ_GL882595	318400	323513		predicted													predicted
PULpy_PUL7	NZ_GL882595	380725	385801		predicted													predicted
PULpy_PUL1	NZ_JH815203	40636	65987		predicted													predicted
PULpy_PUL10	NZ_JH815203	1192881	1213638		predicted													predicted
PULpy_PUL2	NZ_JH815203	127423	145527		predicted													predicted
PULpy_PUL4	NZ_JH815203	518849	531294		predicted													predicted
PULpy_PUL5	NZ_JH815203	568002	581889		predicted													predicted
PULpy_PUL6	NZ_JH815203	620261	624738		predicted													predicted
PULpy_PUL7	NZ_JH815203	992895	997497		predicted													predicted
PULpy_PUL8	NZ_JH815203	1010037	1014797		predicted													predicted
PULpy_PUL9	NZ_JH815203	1128647	1133676		predicted													predicted
PULpy_PUL2	NZ_JH815204	154500	159152		predicted													predicted
PULpy_PUL3	NZ_JH815204	188498	197787		predicted													predicted
PULpy_PUL4	NZ_JH815204	491216	503184		predicted													predicted
PULpy_PUL6	NZ_JH815204	885320	906929		predicted													predicted
PULpy_PUL7	NZ_JH815204	913709	938737		predicted													predicted
PULpy_PUL13	NZ_JH992941	771765	795108		predicted													predicted
PULpy_PUL14	NZ_JH992941	824127	839263		predicted													predicted
PULpy_PUL15	NZ_JH992941	843787	893638		predicted													predicted
PULpy_PUL16	NZ_JH992941	911744	926298		predicted													predicted
PULpy_PUL17	NZ_JH992941	951909	956500		predicted													predicted
PULpy_PUL18	NZ_JH992941	962834	997223		predicted													predicted
PULpy_PUL19	NZ_JH992941	1057030	1066315		predicted													predicted
PULpy_PUL2	NZ_JH992941	144774	178566		predicted													predicted
PULpy_PUL20	NZ_JH992941	1076194	1100911		predicted													predicted
PULpy_PUL21	NZ_JH992941	1125881	1130588		predicted													predicted
PULpy_PUL22	NZ_JH992941	1206888	1211583		predicted													predicted
PULpy_PUL25	NZ_JH992941	1346363	1351209		predicted													predicted
PULpy_PUL26	NZ_JH992941	1380025	1427534		predicted													predicted
PULpy_PUL27	NZ_JH992941	1435357	1458491		predicted													predicted
PULpy_PUL28	NZ_JH992941	1465291	1482945		predicted													predicted
PULpy_PUL29	NZ_JH992941	1493708	1510284		predicted													predicted
PULpy_PUL31	NZ_JH992941	1569107	1584188		predicted													predicted
PULpy_PUL4	NZ_JH992941	281698	312725		predicted													predicted
PULpy_PUL5	NZ_JH992941	368819	381006		predicted													predicted
PULpy_PUL8	NZ_JH992941	496104	542044		predicted													predicted
PULpy_PUL9	NZ_JH992941	576207	587086		predicted													predicted
PULpy_PUL6_cblaster_3773	NZ_JH992941	383437	405392		predicted	merged												predicted
PULpy_PUL6_cblaster_3773	NZ_JH992941	383437	405392		predicted	merged												predicted
PULpy_PUL1	NZ_JQNJ01000001	61074	65537		predicted													predicted
PULpy_PUL10	NZ_JQNJ01000001	2090795	2111045		predicted													predicted
PULpy_PUL11	NZ_JQNJ01000001	2124269	2129211		predicted													predicted
PULpy_PUL12	NZ_JQNJ01000001	2138620	2143672		predicted													predicted
PULpy_PUL13	NZ_JQNJ01000001	2916096	2922110		predicted													predicted
PULpy_PUL14	NZ_JQNJ01000001	3010206	3028750		predicted													predicted
PULpy_PUL15	NZ_JQNJ01000001	3043908	3064167		predicted													predicted
PULpy_PUL16	NZ_JQNJ01000001	3098938	3116202		predicted													predicted
PULpy_PUL17	NZ_JQNJ01000001	3128336	3136051		predicted													predicted
PULpy_PUL18	NZ_JQNJ01000001	3153935	3158833		predicted													predicted
PULpy_PUL19	NZ_JQNJ01000001	3310374	3316077		predicted													predicted
PULpy_PUL2	NZ_JQNJ01000001	359115	372484		predicted													predicted
PULpy_PUL20	NZ_JQNJ01000001	4361823	4366689		predicted													predicted
PULpy_PUL3	NZ_JQNJ01000001	379301	386092		predicted													predicted
PULpy_PUL5	NZ_JQNJ01000001	520104	526591		predicted													predicted
PULpy_PUL6	NZ_JQNJ01000001	565224	569911		predicted													predicted
PULpy_PUL7	NZ_JQNJ01000001	599355	614327		predicted													predicted
PULpy_PUL9	NZ_JQNJ01000001	1752619	1793183		predicted													predicted
cblaster_PUL0612_PULpy_PUL8	NZ_JQNJ01000001	972442	987719		predicted	merged												predicted
PULpy_PUL1	NZ_JQNQ01000001	164195	168602		predicted													predicted
PULpy_PUL13	NZ_JQNQ01000001	2561798	2570444		predicted													predicted
PULpy_PUL14	NZ_JQNQ01000001	2627878	2637400		predicted													predicted
PULpy_PUL15	NZ_JQNQ01000001	2706167	2710666		predicted													predicted
PULpy_PUL2	NZ_JQNQ01000001	525946	530631		predicted													predicted
PULpy_PUL3	NZ_JQNQ01000001	995018	999404		predicted													predicted
PULpy_PUL4	NZ_JQNQ01000001	1014275	1030388		predicted													predicted
PULpy_PUL5	NZ_JQNQ01000001	1309163	1313767		predicted													predicted
PULpy_PUL6	NZ_JQNQ01000001	1395811	1400859		predicted													predicted
PULpy_PUL7	NZ_JQNQ01000001	1435269	1470528		predicted													predicted
PULpy_PUL8	NZ_JQNQ01000001	1504581	1508979		predicted													predicted
cblaster_31419_PUL0236_cblaster_24469	NZ_JQNQ01000001	3564959	3582423		predicted	merged												predicted
PULpy_PUL1	NZ_KB905472	1	9100		predicted													predicted
PULpy_PUL10	NZ_KB905472	2687308	2693885		predicted													predicted
PULpy_PUL11	NZ_KB905472	2857763	2862839		predicted													predicted
PULpy_PUL12	NZ_KB905472	2896393	2903960		predicted													predicted
PULpy_PUL13	NZ_KB905472	2904539	2911107		predicted													predicted
PULpy_PUL14	NZ_KB905472	2964790	2974154		predicted													predicted
PULpy_PUL15	NZ_KB905472	2990199	2997103		predicted													predicted
PULpy_PUL16	NZ_KB905472	3002073	3012691		predicted													predicted
PULpy_PUL17	NZ_KB905472	3073572	3087012		predicted													predicted
PULpy_PUL18	NZ_KB905472	3108550	3115600		predicted													predicted
PULpy_PUL2	NZ_KB905472	424705	444394		predicted													predicted
PULpy_PUL5	NZ_KB905472	664700	682351		predicted													predicted
PULpy_PUL6	NZ_KB905472	2241267	2248286		predicted													predicted
PULpy_PUL7	NZ_KB905472	2329884	2335344		predicted													predicted
PULpy_PUL8	NZ_KB905472	2484467	2489725		predicted													predicted
PULpy_PUL9	NZ_KB905472	2667940	2675375		predicted													predicted
PULpy_PUL1	NZ_KI912107	50680	55151		predicted													predicted
PULpy_PUL10	NZ_KI912107	1024495	1050645		predicted													predicted
PULpy_PUL11	NZ_KI912107	1349451	1358855		predicted													predicted
PULpy_PUL12	NZ_KI912107	1373962	1395301		predicted													predicted
PULpy_PUL13	NZ_KI912107	1406344	1436856		predicted													predicted
PULpy_PUL14	NZ_KI912107	1660995	1706728		predicted													predicted
PULpy_PUL15	NZ_KI912107	1790046	1804611		predicted													predicted
PULpy_PUL16	NZ_KI912107	1848683	1885966		predicted													predicted
PULpy_PUL17	NZ_KI912107	1893965	1911795		predicted													predicted
PULpy_PUL18	NZ_KI912107	2029051	2041741		predicted													predicted
PULpy_PUL19	NZ_KI912107	2107978	2112935		predicted													predicted
PULpy_PUL2	NZ_KI912107	569706	592115		predicted													predicted
PULpy_PUL20	NZ_KI912107	2193759	2198756		predicted													predicted
PULpy_PUL21	NZ_KI912107	2219572	2223978		predicted													predicted
PULpy_PUL22	NZ_KI912107	2567468	2572108		predicted													predicted
PULpy_PUL23	NZ_KI912107	3042450	3067883		predicted													predicted
PULpy_PUL24	NZ_KI912107	3380783	3386073		predicted													predicted
PULpy_PUL25	NZ_KI912107	3545890	3550969		predicted													predicted
PULpy_PUL26	NZ_KI912107	3698360	3707776		predicted													predicted
PULpy_PUL27	NZ_KI912107	4030004	4045577		predicted													predicted
PULpy_PUL28	NZ_KI912107	4160570	4168678		predicted													predicted
PULpy_PUL29	NZ_KI912107	4545195	4550002		predicted													predicted
PULpy_PUL3	NZ_KI912107	593506	598431		predicted													predicted
PULpy_PUL30	NZ_KI912107	4990205	4994927		predicted													predicted
PULpy_PUL31	NZ_KI912107	5012701	5017442		predicted													predicted
PULpy_PUL32	NZ_KI912107	5029120	5038650		predicted													predicted
PULpy_PUL33	NZ_KI912107	5156984	5189482		predicted													predicted
PULpy_PUL34	NZ_KI912107	5257099	5271136		predicted													predicted
PULpy_PUL35	NZ_KI912107	5508614	5522319		predicted													predicted
PULpy_PUL36	NZ_KI912107	5595838	5608535		predicted													predicted
PULpy_PUL37	NZ_KI912107	5661849	5686762		predicted													predicted
PULpy_PUL38	NZ_KI912107	5792934	5810880		predicted													predicted
PULpy_PUL39	NZ_KI912107	5843368	5890691		predicted													predicted
PULpy_PUL4	NZ_KI912107	602190	618668		predicted													predicted
PULpy_PUL5	NZ_KI912107	619403	634868		predicted													predicted
PULpy_PUL6	NZ_KI912107	915646	945864		predicted													predicted
PULpy_PUL9	NZ_KI912107	991137	996070		predicted													predicted
PULpy_PUL1	NZ_NFHS01000001	54204	73711		predicted													predicted
PULpy_PUL2	NZ_NFHS01000001	101277	120375		predicted													predicted
PULpy_PUL3	NZ_NFHS01000001	159798	175221		predicted													predicted
PULpy_PUL4	NZ_NFHS01000001	206669	248852		predicted													predicted
PULpy_PUL5	NZ_NFHS01000001	388909	411376		predicted													predicted
PULpy_PUL6	NZ_NFHS01000001	446841	464262		predicted													predicted
PULpy_PUL7	NZ_NFHS01000001	526125	544573		predicted													predicted
PULpy_PUL12	NZ_VISB01000001	3647822	3652717		predicted													predicted
PULpy_PUL15	NZ_VISB01000001	3990154	3994790		predicted													predicted
PULpy_PUL16	NZ_VISB01000001	4324182	4343896		predicted													predicted
PULpy_PUL2	NZ_VISB01000001	354169	366479		predicted													predicted
PULpy_PUL3	NZ_VISB01000001	850561	861214		predicted													predicted
PULpy_PUL4	NZ_VISB01000001	1129212	1138616		predicted													predicted
PULpy_PUL5	NZ_VISB01000001	1310916	1326126		predicted													predicted
PULpy_PUL6	NZ_VISB01000001	1940266	1944708		predicted													predicted
PULpy_PUL7	NZ_VISB01000001	2263644	2274620		predicted													predicted
PULpy_PUL8	NZ_VISB01000001	2862699	2867333		predicted													predicted
PULpy_PUL9	NZ_VISB01000001	3070942	3087191		predicted													predicted
PULpy_PUL2	RHLF01000001	1374710	1382629		predicted													predicted
