cluster_id	sequence_id	start	end	tax_id	database	merged	blast_status	domain	phylum	class	order	family	genus	species	length	pul_length_sum	percentage_in_puls	origin
PUL0216_PUL0445	AB011415	1	14738	28214	dbcan	merged	false								14852	14737	99.22569350929167	experimental
PUL0393	AB516430	932	22419	252514	dbcan		false	Bacteria	Pseudomonadota	Gammaproteobacteria	Pseudomonadales	Cellvibrionaceae	Microbulbifer	Microbulbifer thermotolerans	22777	21487	94.3363919743601	experimental
PUL0136	ADOP01000016	43718	80113	228	dbcan		false	Bacteria	Pseudomonadota	Gammaproteobacteria	Enterobacterales	Alteromonadaceae	Pseudoalteromonas	Pseudoalteromonas distincta	90307	36395	40.301416280022586	experimental
cblaster_PUL0016	AE005176	418875	423592	1360	cblaster		false	Bacteria	Bacillota	Bacilli	Lactobacillales	Streptococcaceae	Lactococcus	Lactococcus lactis	2365589	34349	1.4520273809186635	experimental
cblaster_PUL0520_cblaster_PUL0402	AE005176	1543237	1551460	1360	cblaster	merged	false	Bacteria	Bacillota	Bacilli	Lactobacillales	Streptococcaceae	Lactococcus	Lactococcus lactis	2365589	34349	1.4520273809186635	experimental
cblaster_PUL0520_cblaster_PUL0402	AE005176	1543237	1551460	1360	cblaster	merged	false	Bacteria	Bacillota	Bacilli	Lactobacillales	Streptococcaceae	Lactococcus	Lactococcus lactis	2365589	34349	1.4520273809186635	experimental
PUL0168	AE005176	2053080	2066266	1360	dbcan		false	Bacteria	Bacillota	Bacilli	Lactobacillales	Streptococcaceae	Lactococcus	Lactococcus lactis	2365589	34349	1.4520273809186635	experimental
cblaster_PUL0585_PUL0186	AE005672	276837	283393	1313	cblaster		false	Bacteria	Bacillota	Bacilli	Lactobacillales	Streptococcaceae	Streptococcus	Streptococcus pneumoniae	2160842	77869	3.603641543435383	experimental
cblaster_PUL0018	AE005672	287482	300940	1313	cblaster		false	Bacteria	Bacillota	Bacilli	Lactobacillales	Streptococcaceae	Streptococcus	Streptococcus pneumoniae	2160842	77869	3.603641543435383	experimental
PUL0277	AE005672	1624067	1629762	1313	dbcan		false	Bacteria	Bacillota	Bacilli	Lactobacillales	Streptococcaceae	Streptococcus	Streptococcus pneumoniae	2160842	77869	3.603641543435383	experimental
PUL0278	AE005672	1710372	1718159	1313	dbcan		false	Bacteria	Bacillota	Bacilli	Lactobacillales	Streptococcaceae	Streptococcus	Streptococcus pneumoniae	2160842	77869	3.603641543435383	experimental
cblaster_PUL0486_PUL0037	AE005672	1798265	1808537	1313	cblaster_dbcan	merged	false	Bacteria	Bacillota	Bacilli	Lactobacillales	Streptococcaceae	Streptococcus	Streptococcus pneumoniae	2160842	77869	3.603641543435383	experimental
cblaster_PUL0519	AE005672	2016398	2026317	1313	cblaster		false	Bacteria	Bacillota	Bacilli	Lactobacillales	Streptococcaceae	Streptococcus	Streptococcus pneumoniae	2160842	77869	3.603641543435383	experimental
PUL0194	AE005672	2050572	2061389	1313	dbcan		false	Bacteria	Bacillota	Bacilli	Lactobacillales	Streptococcaceae	Streptococcus	Streptococcus pneumoniae	2160842	77869	3.603641543435383	experimental
PUL0245	AE005672	2072292	2085657	1313	dbcan		false	Bacteria	Bacillota	Bacilli	Lactobacillales	Streptococcaceae	Streptococcus	Streptococcus pneumoniae	2160842	77869	3.603641543435383	experimental
PUL0571	AE006468	1390110	1397061	28901	dbcan		false	Bacteria	Pseudomonadota	Gammaproteobacteria	Enterobacterales	Enterobacteriaceae	Salmonella	Salmonella enterica	4857450	16282	0.3351964508126692	experimental
cblaster_PUL0410	AE006468	3500614	3509945	28901	cblaster		false	Bacteria	Pseudomonadota	Gammaproteobacteria	Enterobacterales	Enterobacteriaceae	Salmonella	Salmonella enterica	4857450	16282	0.3351964508126692	experimental
PUL0363	AE008922	150292	155526	340	dbcan		false	Bacteria	Pseudomonadota	Gammaproteobacteria	Xanthomonadales	Xanthomonadaceae	Xanthomonas	Xanthomonas campestris	5076188	112866	2.223440108995175	experimental
cblaster_PUL0702	AE008922	2024640	2042368	340	cblaster		false	Bacteria	Pseudomonadota	Gammaproteobacteria	Xanthomonadales	Xanthomonadaceae	Xanthomonas	Xanthomonas campestris	5076188	112866	2.223440108995175	experimental
cblaster_PUL0169	AE008922	2832163	2854388	340	cblaster		false	Bacteria	Pseudomonadota	Gammaproteobacteria	Xanthomonadales	Xanthomonadaceae	Xanthomonas	Xanthomonas campestris	5076188	112866	2.223440108995175	experimental
cblaster_PUL0719_PUL0365	AE008922	2926203	2941997	340	cblaster_dbcan	merged	false	Bacteria	Pseudomonadota	Gammaproteobacteria	Xanthomonadales	Xanthomonadaceae	Xanthomonas	Xanthomonas campestris	5076188	112866	2.223440108995175	experimental
PUL0211	AE008922	3414366	3434455	340	dbcan		false	Bacteria	Pseudomonadota	Gammaproteobacteria	Xanthomonadales	Xanthomonadaceae	Xanthomonas	Xanthomonas campestris	5076188	112866	2.223440108995175	experimental
PUL0362	AE008922	3996974	4004221	340	dbcan		false	Bacteria	Pseudomonadota	Gammaproteobacteria	Xanthomonadales	Xanthomonadaceae	Xanthomonas	Xanthomonas campestris	5076188	112866	2.223440108995175	experimental
PUL0387	AE008922	4057997	4068416	340	dbcan		false	Bacteria	Pseudomonadota	Gammaproteobacteria	Xanthomonadales	Xanthomonadaceae	Xanthomonas	Xanthomonas campestris	5076188	112866	2.223440108995175	experimental
PUL0364	AE008922	4895164	4909294	340	dbcan		false	Bacteria	Pseudomonadota	Gammaproteobacteria	Xanthomonadales	Xanthomonadaceae	Xanthomonas	Xanthomonas campestris	5076188	112866	2.223440108995175	experimental
PUL0031	AE014295	126816	130943	216816	dbcan		false	Bacteria	Actinomycetota	Actinomycetes	Actinomycetales	Bifidobacteriaceae	Bifidobacterium	Bifidobacterium longum	2256640	96704	4.285309132161089	experimental
cblaster_PUL0285	AE014295	1015666	1027327	216816	cblaster		false	Bacteria	Actinomycetota	Actinomycetes	Actinomycetales	Bifidobacteriaceae	Bifidobacterium	Bifidobacterium longum	2256640	96704	4.285309132161089	experimental
cblaster_PUL0297_cblaster_PUL0298_cblaster_PUL0283_PUL0367	AE014295	1165270	1177370	216816	cblaster_dbcan	merged	false	Bacteria	Actinomycetota	Actinomycetes	Actinomycetales	Bifidobacteriaceae	Bifidobacterium	Bifidobacterium longum	2256640	96704	4.285309132161089	experimental
cblaster_PUL0720	AE014295	1354873	1372084	216816	cblaster		false	Bacteria	Actinomycetota	Actinomycetes	Actinomycetales	Bifidobacteriaceae	Bifidobacterium	Bifidobacterium longum	2256640	96704	4.285309132161089	experimental
PUL0032	AE014295	1500956	1505431	216816	dbcan		false	Bacteria	Actinomycetota	Actinomycetes	Actinomycetales	Bifidobacteriaceae	Bifidobacterium	Bifidobacterium longum	2256640	96704	4.285309132161089	experimental
cblaster_PUL0232	AE014295	1692080	1699655	216816	cblaster		false	Bacteria	Actinomycetota	Actinomycetes	Actinomycetales	Bifidobacteriaceae	Bifidobacterium	Bifidobacterium longum	2256640	96704	4.285309132161089	experimental
cblaster_PUL0296	AE014295	1733290	1744564	216816	cblaster		false	Bacteria	Actinomycetota	Actinomycetes	Actinomycetales	Bifidobacteriaceae	Bifidobacterium	Bifidobacterium longum	2256640	96704	4.285309132161089	experimental
cblaster_PUL0300	AE014295	1787637	1806222	216816	cblaster		false	Bacteria	Actinomycetota	Actinomycetes	Actinomycetales	Bifidobacteriaceae	Bifidobacterium	Bifidobacterium longum	2256640	96704	4.285309132161089	experimental
cblaster_PUL0576	AE014295	2047897	2057593	216816	cblaster		false	Bacteria	Actinomycetota	Actinomycetes	Actinomycetales	Bifidobacteriaceae	Bifidobacterium	Bifidobacterium longum	2256640	96704	4.285309132161089	experimental
cblaster_PUL0579	AE016795	166308	170725	672	cblaster		false	Bacteria	Pseudomonadota	Gammaproteobacteria	Enterobacterales	Vibrionaceae	Vibrio	Vibrio vulnificus_B	3281866	50187	1.5292214855816781	experimental
PUL0248	AE016795	775591	796807	672	dbcan		false	Bacteria	Pseudomonadota	Gammaproteobacteria	Enterobacterales	Vibrionaceae	Vibrio	Vibrio vulnificus_B	3281866	50187	1.5292214855816781	experimental
cblaster_PUL0381	AE016795	1469145	1474895	672	cblaster		false	Bacteria	Pseudomonadota	Gammaproteobacteria	Enterobacterales	Vibrionaceae	Vibrio	Vibrio vulnificus_B	3281866	50187	1.5292214855816781	experimental
cblaster_PUL0012	AE016795	1636234	1655038	672	cblaster		false	Bacteria	Pseudomonadota	Gammaproteobacteria	Enterobacterales	Vibrionaceae	Vibrio	Vibrio vulnificus_B	3281866	50187	1.5292214855816781	experimental
PUL0653	AL645882	3831534	3854645	1902	dbcan		false	Bacteria	Actinomycetota	Actinomycetes	Streptomycetales	Streptomycetaceae	Streptomyces	Streptomyces violaceoruber	8667507	27789	0.3206112207350972	experimental
PUL0588	AL645882	5692292	5696970	1902	dbcan		false	Bacteria	Actinomycetota	Actinomycetes	Streptomycetales	Streptomycetaceae	Streptomyces	Streptomyces violaceoruber	8667507	27789	0.3206112207350972	experimental
cblaster_PUL0387	AM039952	873871	882733	456327	cblaster		false	Bacteria	Pseudomonadota	Gammaproteobacteria	Xanthomonadales	Xanthomonadaceae	Xanthomonas	Xanthomonas euvesicatoria	5178466	130504	2.5201285477205024	experimental
cblaster_PUL0702	AM039952	2022598	2036914	456327	cblaster		false	Bacteria	Pseudomonadota	Gammaproteobacteria	Xanthomonadales	Xanthomonadaceae	Xanthomonas	Xanthomonas euvesicatoria	5178466	130504	2.5201285477205024	experimental
PUL0169	AM039952	3088883	3109438	456327	dbcan		false	Bacteria	Pseudomonadota	Gammaproteobacteria	Xanthomonadales	Xanthomonadaceae	Xanthomonas	Xanthomonas euvesicatoria	5178466	130504	2.5201285477205024	experimental
cblaster_PUL0365_cblaster_PUL0719	AM039952	3176806	3191052	456327	cblaster	merged	false	Bacteria	Pseudomonadota	Gammaproteobacteria	Xanthomonadales	Xanthomonadaceae	Xanthomonas	Xanthomonas euvesicatoria	5178466	130504	2.5201285477205024	experimental
cblaster_PUL0211	AM039952	3643434	3663895	456327	cblaster		false	Bacteria	Pseudomonadota	Gammaproteobacteria	Xanthomonadales	Xanthomonadaceae	Xanthomonas	Xanthomonas euvesicatoria	5178466	130504	2.5201285477205024	experimental
cblaster_PUL0362	AM039952	4157038	4164273	456327	cblaster		false	Bacteria	Pseudomonadota	Gammaproteobacteria	Xanthomonadales	Xanthomonadaceae	Xanthomonas	Xanthomonas euvesicatoria	5178466	130504	2.5201285477205024	experimental
cblaster_PUL0701_cblaster_PUL0364	AM039952	4977435	5022264	456327	cblaster	merged	false	Bacteria	Pseudomonadota	Gammaproteobacteria	Xanthomonadales	Xanthomonadaceae	Xanthomonas	Xanthomonas euvesicatoria	5178466	130504	2.5201285477205024	experimental
PUL0396	AM260479	327968	338299	106590	dbcan		false	Bacteria	Pseudomonadota	Gammaproteobacteria	Burkholderiales	Burkholderiaceae	Cupriavidus	Cupriavidus necator_D	4052032	10331	0.2549584998341573	experimental
PUL0582	AM406671	174930	179693	1358	dbcan		false	Bacteria	Bacillota	Bacilli	Lactobacillales	Streptococcaceae	Lactococcus	Lactococcus cremoris	2529478	24909	0.9847486319311731	experimental
PUL0016	AM406671	428397	433134	1358	dbcan		false	Bacteria	Bacillota	Bacilli	Lactobacillales	Streptococcaceae	Lactococcus	Lactococcus cremoris	2529478	24909	0.9847486319311731	experimental
PUL0015	AM406671	1209752	1217592	1358	dbcan		false	Bacteria	Bacillota	Bacilli	Lactobacillales	Streptococcaceae	Lactococcus	Lactococcus cremoris	2529478	24909	0.9847486319311731	experimental
PUL0683	AM406671	1815995	1823564	1358	dbcan		false	Bacteria	Bacillota	Bacilli	Lactobacillales	Streptococcaceae	Lactococcus	Lactococcus cremoris	2529478	24909	0.9847486319311731	experimental
PUL0053	AM743169	2619918	2632750	40324	dbcan		false	Bacteria	Pseudomonadota	Gammaproteobacteria	Xanthomonadales	Xanthomonadaceae	Stenotrophomonas	Stenotrophomonas maltophilia	4851126	12832	0.26451590826542126	experimental
PUL0068	AM886293	23902	29914	562	dbcan		false								168113	6012	3.576166031181408	experimental
cblaster_PUL0351	AOMX01000002	34559	39445	562	cblaster		false	Bacteria	Pseudomonadota	Gammaproteobacteria	Enterobacterales	Enterobacteriaceae	Escherichia	Escherichia coli	2315828	11470	0.49528721476724524	experimental
PUL0410	AOMX01000002	934681	941265	562	dbcan		false	Bacteria	Pseudomonadota	Gammaproteobacteria	Enterobacterales	Enterobacteriaceae	Escherichia	Escherichia coli	2315828	11470	0.49528721476724524	experimental
PUL0144	AP006878	1552919	1569129	311400	dbcan		false								2088737	16210	0.7760670682809755	experimental
PUL0372	AP009044	2877504	2881918	1718	dbcan		false	Bacteria	Actinomycetota	Actinomycetes	Mycobacteriales	Mycobacteriaceae	Corynebacterium	Corynebacterium glutamicum	3314179	8649	0.26096960966803545	experimental
PUL0370	AP009044	3017544	3021779	1718	dbcan		false	Bacteria	Actinomycetota	Actinomycetes	Mycobacteriales	Mycobacteriaceae	Corynebacterium	Corynebacterium glutamicum	3314179	8649	0.26096960966803545	experimental
cblaster_PUL0582	AP012281	149858	154624	1046624	cblaster		false	Bacteria	Bacillota	Bacilli	Lactobacillales	Streptococcaceae	Lactococcus	Lactococcus lactis	2421471	34199	1.412323335691404	experimental
cblaster_PUL0016	AP012281	403952	408683	1046624	cblaster		false	Bacteria	Bacillota	Bacilli	Lactobacillales	Streptococcaceae	Lactococcus	Lactococcus lactis	2421471	34199	1.412323335691404	experimental
cblaster_PUL0015	AP012281	761772	769601	1046624	cblaster		false	Bacteria	Bacillota	Bacilli	Lactobacillales	Streptococcaceae	Lactococcus	Lactococcus lactis	2421471	34199	1.412323335691404	experimental
cblaster_PUL0520_PUL0402	AP012281	1563592	1571798	1046624	cblaster_dbcan	merged	false	Bacteria	Bacillota	Bacilli	Lactobacillales	Streptococcaceae	Lactococcus	Lactococcus lactis	2421471	34199	1.412323335691404	experimental
cblaster_PUL0168	AP012281	2130199	2138866	1046624	cblaster		false	Bacteria	Bacillota	Bacilli	Lactobacillales	Streptococcaceae	Lactococcus	Lactococcus lactis	2421471	34199	1.412323335691404	experimental
PUL0639	AP028031	640913	646823	649756	dbcan		false	Bacteria	Bacillota	Clostridia	Lachnospirales	Lachnospiraceae	Anaerostipes	Anaerostipes hadrus	2804089	25304	0.9023964645915304	experimental
PUL0638	AP028031	763559	771396	649756	dbcan		true	Bacteria	Bacillota	Clostridia	Lachnospirales	Lachnospiraceae	Anaerostipes	Anaerostipes hadrus	2804089	25304	0.9023964645915304	experimental
PUL0640	AP028031	2251545	2263102	649756	dbcan		false	Bacteria	Bacillota	Clostridia	Lachnospirales	Lachnospiraceae	Anaerostipes	Anaerostipes hadrus	2804089	25304	0.9023964645915304	experimental
PUL0081	BA000032	67900	82169	670	dbcan		false	Bacteria	Pseudomonadota	Gammaproteobacteria	Enterobacterales	Vibrionaceae	Vibrio	Vibrio parahaemolyticus	1877212	14269	0.7601165984449278	experimental
PUL0268	BA000043	726823	732934	1462	dbcan		false	Bacteria	Bacillota	Bacilli	Bacillales	Anoxybacillaceae	Geobacillus	Geobacillus thermoleovorans	3544776	19757	0.5573553871951288	experimental
cblaster_PUL0006	BA000043	3237448	3251094	1462	cblaster		false	Bacteria	Bacillota	Bacilli	Bacillales	Anoxybacillaceae	Geobacillus	Geobacillus thermoleovorans	3544776	19757	0.5573553871951288	experimental
cblaster_PUL0054_PUL0400	CABDWQ010000001	1087731	1111260	28108	cblaster_dbcan	merged	false	Bacteria	Pseudomonadota	Gammaproteobacteria	Enterobacterales	Alteromonadaceae	Alteromonas	Alteromonas macleodii	4672348	81800	1.7507257592970387	experimental
PUL0404	CABDWQ010000001	2755697	2777573	28108	dbcan		false	Bacteria	Pseudomonadota	Gammaproteobacteria	Enterobacterales	Alteromonadaceae	Alteromonas	Alteromonas macleodii	4672348	81800	1.7507257592970387	experimental
PUL0401	CABDWQ010000001	4308631	4326179	28108	dbcan		false	Bacteria	Pseudomonadota	Gammaproteobacteria	Enterobacterales	Alteromonadaceae	Alteromonas	Alteromonas macleodii	4672348	81800	1.7507257592970387	experimental
PUL0405	CABDWQ010000001	4433602	4444984	28108	dbcan		false	Bacteria	Pseudomonadota	Gammaproteobacteria	Enterobacterales	Alteromonadaceae	Alteromonas	Alteromonas macleodii	4672348	81800	1.7507257592970387	experimental
PUL0403	CABDWQ010000001	4637792	4645257	28108	dbcan		false	Bacteria	Pseudomonadota	Gammaproteobacteria	Enterobacterales	Alteromonadaceae	Alteromonas	Alteromonas macleodii	4672348	81800	1.7507257592970387	experimental
PUL0771	CAWLDL010000001	6731951	6765929	595460	dbcan		false	Bacteria	Planctomycetota	Planctomycetia	Pirellulales	Pirellulaceae	Rhodopirellula	Rhodopirellula sp000346425	9109604	169096	1.8562387563718468	experimental
PUL0772	CAWLDL010000001	7739220	7751801	595460	dbcan		false	Bacteria	Planctomycetota	Planctomycetia	Pirellulales	Pirellulaceae	Rhodopirellula	Rhodopirellula sp000346425	9109604	169096	1.8562387563718468	experimental
PUL0773	CAWLDL010000001	7900164	7920634	595460	dbcan		false	Bacteria	Planctomycetota	Planctomycetia	Pirellulales	Pirellulaceae	Rhodopirellula	Rhodopirellula sp000346425	9109604	169096	1.8562387563718468	experimental
PUL0774	CAWLDL010000001	8246839	8283270	595460	dbcan		false	Bacteria	Planctomycetota	Planctomycetia	Pirellulales	Pirellulaceae	Rhodopirellula	Rhodopirellula sp000346425	9109604	169096	1.8562387563718468	experimental
PUL0775	CAWLDL010000001	8412786	8431923	595460	dbcan		false	Bacteria	Planctomycetota	Planctomycetia	Pirellulales	Pirellulaceae	Rhodopirellula	Rhodopirellula sp000346425	9109604	169096	1.8562387563718468	experimental
PUL0776	CAWLDL010000001	8830237	8876736	595460	dbcan		false	Bacteria	Planctomycetota	Planctomycetia	Pirellulales	Pirellulaceae	Rhodopirellula	Rhodopirellula sp000346425	9109604	169096	1.8562387563718468	experimental
PUL0267	CP000033	665968	680930	1579	dbcan		false	Bacteria	Bacillota	Bacilli	Lactobacillales	Lactobacillaceae	Lactobacillus	Lactobacillus acidophilus	1993560	46571	2.3360721523305044	experimental
PUL0399	CP000033	1437361	1453914	1579	dbcan		false	Bacteria	Bacillota	Bacilli	Lactobacillales	Lactobacillaceae	Lactobacillus	Lactobacillus acidophilus	1993560	46571	2.3360721523305044	experimental
PUL0230	CP000033	1872452	1887508	1579	dbcan		false	Bacteria	Bacillota	Bacilli	Lactobacillales	Lactobacillaceae	Lactobacillus	Lactobacillus acidophilus	1993560	46571	2.3360721523305044	experimental
PUL0687	CP000139	52180	64275	821	dbcan		false	Bacteria	Bacteroidota	Bacteroidia	Bacteroidales	Bacteroidaceae	Phocaeicola	Phocaeicola vulgatus	5163189	82741	1.6025173589423125	experimental
PUL0724_cblaster_PUL0723	CP000139	266736	296905	821	dbcan_cblaster	merged	false	Bacteria	Bacteroidota	Bacteroidia	Bacteroidales	Bacteroidaceae	Phocaeicola	Phocaeicola vulgatus	5163189	82741	1.6025173589423125	experimental
cblaster_PUL0667	CP000139	850618	853879	821	cblaster	merged	false	Bacteria	Bacteroidota	Bacteroidia	Bacteroidales	Bacteroidaceae	Phocaeicola	Phocaeicola vulgatus	5163189	82741	1.6025173589423125	experimental
cblaster_27824	CP000139	4345200	4350138	821	cblaster	merged	false	Bacteria	Bacteroidota	Bacteroidia	Bacteroidales	Bacteroidaceae	Phocaeicola	Phocaeicola vulgatus	5163189	82741	1.6025173589423125	experimental
cblaster_PUL0097_PUL0096_PUL0091_PUL0092_cblaster_PUL0721	CP000139	5078306	5110584	821	cblaster_dbcan_cblaster	merged	false	Bacteria	Bacteroidota	Bacteroidia	Bacteroidales	Bacteroidaceae	Phocaeicola	Phocaeicola vulgatus	5163189	82741	1.6025173589423125	experimental
cblaster_PUL0032	CP000303	144520	149008	1685	cblaster		false	Bacteria	Actinomycetota	Actinomycetes	Actinomycetales	Bifidobacteriaceae	Bifidobacterium	Bifidobacterium breve	2422684	55070	2.273098761538855	experimental
PUL0578	CP000303	153080	159234	1685	dbcan		false	Bacteria	Actinomycetota	Actinomycetes	Actinomycetales	Bifidobacteriaceae	Bifidobacterium	Bifidobacterium breve	2422684	55070	2.273098761538855	experimental
PUL0606	CP000303	389206	393826	1685	dbcan		false	Bacteria	Actinomycetota	Actinomycetes	Actinomycetales	Bifidobacteriaceae	Bifidobacterium	Bifidobacterium breve	2422684	55070	2.273098761538855	experimental
cblaster_PUL0297_cblaster_PUL0298_PUL0283_cblaster_PUL0367	CP000303	555378	567551	1685	cblaster_dbcan_cblaster	merged	false	Bacteria	Actinomycetota	Actinomycetes	Actinomycetales	Bifidobacteriaceae	Bifidobacterium	Bifidobacterium breve	2422684	55070	2.273098761538855	experimental
PUL0285	CP000303	707814	714874	1685	dbcan		false	Bacteria	Actinomycetota	Actinomycetes	Actinomycetales	Bifidobacteriaceae	Bifidobacterium	Bifidobacterium breve	2422684	55070	2.273098761538855	experimental
PUL0284	CP000303	1928568	1934764	1685	dbcan		false	Bacteria	Actinomycetota	Actinomycetes	Actinomycetales	Bifidobacteriaceae	Bifidobacterium	Bifidobacterium breve	2422684	55070	2.273098761538855	experimental
PUL0233	CP000303	2325349	2332210	1685	dbcan		false	Bacteria	Actinomycetota	Actinomycetes	Actinomycetales	Bifidobacteriaceae	Bifidobacterium	Bifidobacterium breve	2422684	55070	2.273098761538855	experimental
PUL0232	CP000303	2337397	2344915	1685	dbcan		false	Bacteria	Actinomycetota	Actinomycetes	Actinomycetales	Bifidobacteriaceae	Bifidobacterium	Bifidobacterium breve	2422684	55070	2.273098761538855	experimental
PUL0706	CP000388	929370	998729	288	dbcan		false	Bacteria	Pseudomonadota	Gammaproteobacteria	Enterobacterales	Alteromonadaceae	Paraglaciecola	Paraglaciecola atlantica_A	5187005	266556	5.138919280008405	experimental
PUL0146	CP000388	1036849	1074395	288	dbcan		false	Bacteria	Pseudomonadota	Gammaproteobacteria	Enterobacterales	Alteromonadaceae	Paraglaciecola	Paraglaciecola atlantica_A	5187005	266556	5.138919280008405	experimental
PUL0707	CP000388	2345055	2410403	288	dbcan		false	Bacteria	Pseudomonadota	Gammaproteobacteria	Enterobacterales	Alteromonadaceae	Paraglaciecola	Paraglaciecola atlantica_A	5187005	266556	5.138919280008405	experimental
PUL0708	CP000388	2803538	2853937	288	dbcan		false	Bacteria	Pseudomonadota	Gammaproteobacteria	Enterobacterales	Alteromonadaceae	Paraglaciecola	Paraglaciecola atlantica_A	5187005	266556	5.138919280008405	experimental
PUL0709	CP000388	3084705	3118892	288	dbcan		false	Bacteria	Pseudomonadota	Gammaproteobacteria	Enterobacterales	Alteromonadaceae	Paraglaciecola	Paraglaciecola atlantica_A	5187005	266556	5.138919280008405	experimental
PUL0152	CP000388	4406812	4416529	288	dbcan		false	Bacteria	Pseudomonadota	Gammaproteobacteria	Enterobacterales	Alteromonadaceae	Paraglaciecola	Paraglaciecola atlantica_A	5187005	266556	5.138919280008405	experimental
PUL0585_PUL0186	CP000410	274549	281092	1313	dbcan	merged	false	Bacteria	Bacillota	Bacilli	Lactobacillales	Streptococcaceae	Streptococcus	Streptococcus pneumoniae	2038615	77785	3.815580676096271	experimental
PUL0018	CP000410	285154	298903	1313	dbcan		false	Bacteria	Bacillota	Bacilli	Lactobacillales	Streptococcaceae	Streptococcus	Streptococcus pneumoniae	2038615	77785	3.815580676096271	experimental
cblaster_PUL0277	CP000410	1552999	1558696	1313	cblaster		false	Bacteria	Bacillota	Bacilli	Lactobacillales	Streptococcaceae	Streptococcus	Streptococcus pneumoniae	2038615	77785	3.815580676096271	experimental
PUL0279	CP000410	1598353	1605802	1313	dbcan		false	Bacteria	Bacillota	Bacilli	Lactobacillales	Streptococcaceae	Streptococcus	Streptococcus pneumoniae	2038615	77785	3.815580676096271	experimental
cblaster_PUL0037_PUL0486	CP000410	1687191	1697463	1313	cblaster_dbcan	merged	false	Bacteria	Bacillota	Bacilli	Lactobacillales	Streptococcaceae	Streptococcus	Streptococcus pneumoniae	2038615	77785	3.815580676096271	experimental
PUL0519	CP000410	1903270	1913187	1313	dbcan		false	Bacteria	Bacillota	Bacilli	Lactobacillales	Streptococcaceae	Streptococcus	Streptococcus pneumoniae	2038615	77785	3.815580676096271	experimental
cblaster_PUL0194	CP000410	1937402	1948220	1313	cblaster		false	Bacteria	Bacillota	Bacilli	Lactobacillales	Streptococcaceae	Streptococcus	Streptococcus pneumoniae	2038615	77785	3.815580676096271	experimental
cblaster_PUL0245	CP000410	1959132	1972472	1313	cblaster		false	Bacteria	Bacillota	Bacilli	Lactobacillales	Streptococcaceae	Streptococcus	Streptococcus pneumoniae	2038615	77785	3.815580676096271	experimental
PUL0052	CP000449	288889	301419	74318	dbcan		false	Bacteria	Pseudomonadota	Alphaproteobacteria	Caulobacterales	Maricaulaceae	Maricaulis	Maricaulis maris_A	3368780	12530	0.37194473963868224	experimental
PUL0795_4083	CP000685	850019	874685	986	dbcan_puldb	merged	false	Bacteria	Bacteroidota	Bacteroidia	Flavobacteriales	Flavobacteriaceae	Flavobacterium	Flavobacterium johnsoniae	6096872	658150	10.794879735051023	experimental
4084_PUL0473	CP000685	1372643	1390113	986	puldb_dbcan	merged	false	Bacteria	Bacteroidota	Bacteroidia	Flavobacteriales	Flavobacteriaceae	Flavobacterium	Flavobacterium johnsoniae	6096872	658150	10.794879735051023	experimental
4085	CP000685	1591291	1614134		puldb		false	Bacteria	Bacteroidota	Bacteroidia	Flavobacteriales	Flavobacteriaceae	Flavobacterium	Flavobacterium johnsoniae	6096872	658150	10.794879735051023	experimental
4086_PUL0474	CP000685	1803386	1823482	986	puldb_dbcan	merged	false	Bacteria	Bacteroidota	Bacteroidia	Flavobacteriales	Flavobacteriaceae	Flavobacterium	Flavobacterium johnsoniae	6096872	658150	10.794879735051023	experimental
4087	CP000685	2339980	2354614		puldb		false	Bacteria	Bacteroidota	Bacteroidia	Flavobacteriales	Flavobacteriaceae	Flavobacterium	Flavobacterium johnsoniae	6096872	658150	10.794879735051023	experimental
4088_PUL0476_4089	CP000685	2360555	2415232	986	puldb_dbcan_puldb	merged	false	Bacteria	Bacteroidota	Bacteroidia	Flavobacteriales	Flavobacteriaceae	Flavobacterium	Flavobacterium johnsoniae	6096872	658150	10.794879735051023	experimental
4090	CP000685	2455043	2471923		puldb		false	Bacteria	Bacteroidota	Bacteroidia	Flavobacteriales	Flavobacteriaceae	Flavobacterium	Flavobacterium johnsoniae	6096872	658150	10.794879735051023	experimental
4091_PUL0477	CP000685	2908489	2922156	986	puldb_dbcan	merged	false	Bacteria	Bacteroidota	Bacteroidia	Flavobacteriales	Flavobacteriaceae	Flavobacterium	Flavobacterium johnsoniae	6096872	658150	10.794879735051023	experimental
4092_PUL0478	CP000685	3223740	3241308	986	puldb_dbcan	merged	false	Bacteria	Bacteroidota	Bacteroidia	Flavobacteriales	Flavobacteriaceae	Flavobacterium	Flavobacterium johnsoniae	6096872	658150	10.794879735051023	experimental
4093	CP000685	3429465	3441043		puldb		false	Bacteria	Bacteroidota	Bacteroidia	Flavobacteriales	Flavobacteriaceae	Flavobacterium	Flavobacterium johnsoniae	6096872	658150	10.794879735051023	experimental
4094	CP000685	3587528	3597571		puldb		false	Bacteria	Bacteroidota	Bacteroidia	Flavobacteriales	Flavobacteriaceae	Flavobacterium	Flavobacterium johnsoniae	6096872	658150	10.794879735051023	experimental
4095_PUL0479	CP000685	3676164	3719458	986	puldb_dbcan	merged	false	Bacteria	Bacteroidota	Bacteroidia	Flavobacteriales	Flavobacteriaceae	Flavobacterium	Flavobacterium johnsoniae	6096872	658150	10.794879735051023	experimental
4096	CP000685	3881936	3893153		puldb		false	Bacteria	Bacteroidota	Bacteroidia	Flavobacteriales	Flavobacteriaceae	Flavobacterium	Flavobacterium johnsoniae	6096872	658150	10.794879735051023	experimental
4097	CP000685	3984951	3995021		puldb		false	Bacteria	Bacteroidota	Bacteroidia	Flavobacteriales	Flavobacteriaceae	Flavobacterium	Flavobacterium johnsoniae	6096872	658150	10.794879735051023	experimental
4098	CP000685	4189623	4209635		puldb		false	Bacteria	Bacteroidota	Bacteroidia	Flavobacteriales	Flavobacteriaceae	Flavobacterium	Flavobacterium johnsoniae	6096872	658150	10.794879735051023	experimental
4099	CP000685	4242737	4251779		puldb		false	Bacteria	Bacteroidota	Bacteroidia	Flavobacteriales	Flavobacteriaceae	Flavobacterium	Flavobacterium johnsoniae	6096872	658150	10.794879735051023	experimental
4100	CP000685	4501483	4513550		puldb		false	Bacteria	Bacteroidota	Bacteroidia	Flavobacteriales	Flavobacteriaceae	Flavobacterium	Flavobacterium johnsoniae	6096872	658150	10.794879735051023	experimental
4101_PUL0480_4102_PUL0289	CP000685	4576233	4631944	986	puldb_dbcan_puldb_dbcan	merged	false	Bacteria	Bacteroidota	Bacteroidia	Flavobacteriales	Flavobacteriaceae	Flavobacterium	Flavobacterium johnsoniae	6096872	658150	10.794879735051023	experimental
4103	CP000685	4693722	4710084		puldb		false	Bacteria	Bacteroidota	Bacteroidia	Flavobacteriales	Flavobacteriaceae	Flavobacterium	Flavobacterium johnsoniae	6096872	658150	10.794879735051023	experimental
4104_PUL0482	CP000685	4876994	4936368	986	puldb_dbcan	merged	false	Bacteria	Bacteroidota	Bacteroidia	Flavobacteriales	Flavobacteriaceae	Flavobacterium	Flavobacterium johnsoniae	6096872	658150	10.794879735051023	experimental
4105	CP000685	4992716	5003247		puldb		false	Bacteria	Bacteroidota	Bacteroidia	Flavobacteriales	Flavobacteriaceae	Flavobacterium	Flavobacterium johnsoniae	6096872	658150	10.794879735051023	experimental
4106	CP000685	5033626	5051242		puldb		false	Bacteria	Bacteroidota	Bacteroidia	Flavobacteriales	Flavobacteriaceae	Flavobacterium	Flavobacterium johnsoniae	6096872	658150	10.794879735051023	experimental
4107_PUL0483	CP000685	5084429	5106641	986	puldb_dbcan	merged	false	Bacteria	Bacteroidota	Bacteroidia	Flavobacteriales	Flavobacteriaceae	Flavobacterium	Flavobacterium johnsoniae	6096872	658150	10.794879735051023	experimental
4108_PUL0484	CP000685	5123512	5143865	986	puldb_dbcan	merged	false	Bacteria	Bacteroidota	Bacteroidia	Flavobacteriales	Flavobacteriaceae	Flavobacterium	Flavobacterium johnsoniae	6096872	658150	10.794879735051023	experimental
4109	CP000685	5224256	5235961		puldb		false	Bacteria	Bacteroidota	Bacteroidia	Flavobacteriales	Flavobacteriaceae	Flavobacterium	Flavobacterium johnsoniae	6096872	658150	10.794879735051023	experimental
4110	CP000685	5273970	5284273		puldb		false	Bacteria	Bacteroidota	Bacteroidia	Flavobacteriales	Flavobacteriaceae	Flavobacterium	Flavobacterium johnsoniae	6096872	658150	10.794879735051023	experimental
4111_PUL0485	CP000685	5336222	5359507	986	puldb_dbcan	merged	false	Bacteria	Bacteroidota	Bacteroidia	Flavobacteriales	Flavobacteriaceae	Flavobacterium	Flavobacterium johnsoniae	6096872	658150	10.794879735051023	experimental
4112_4116_PUL0344	CP000685	5498208	5524115	986	puldb_dbcan	merged	false	Bacteria	Bacteroidota	Bacteroidia	Flavobacteriales	Flavobacteriaceae	Flavobacterium	Flavobacterium johnsoniae	6096872	658150	10.794879735051023	experimental
4113	CP000685	5642692	5658239		puldb		false	Bacteria	Bacteroidota	Bacteroidia	Flavobacteriales	Flavobacteriaceae	Flavobacterium	Flavobacterium johnsoniae	6096872	658150	10.794879735051023	experimental
4114	CP000685	5821483	5838144		puldb		false	Bacteria	Bacteroidota	Bacteroidia	Flavobacteriales	Flavobacteriaceae	Flavobacterium	Flavobacterium johnsoniae	6096872	658150	10.794879735051023	experimental
4115_PUL0488	CP000685	5973734	5996493	986	puldb_dbcan	merged	false	Bacteria	Bacteroidota	Bacteroidia	Flavobacteriales	Flavobacteriaceae	Flavobacterium	Flavobacterium johnsoniae	6096872	658150	10.794879735051023	experimental
cblaster_PUL0606	CP001095	314771	319392	1682	cblaster		false	Bacteria	Actinomycetota	Actinomycetes	Actinomycetales	Bifidobacteriaceae	Bifidobacterium	Bifidobacterium infantis	2832748	84696	2.9898882639754754	experimental
PUL0742	CP001095	395169	402861	216816	dbcan		false	Bacteria	Actinomycetota	Actinomycetes	Actinomycetales	Bifidobacteriaceae	Bifidobacterium	Bifidobacterium infantis	2832748	84696	2.9898882639754754	experimental
cblaster_PUL0031	CP001095	912482	916783	1682	cblaster		false	Bacteria	Actinomycetota	Actinomycetes	Actinomycetales	Bifidobacteriaceae	Bifidobacterium	Bifidobacterium infantis	2832748	84696	2.9898882639754754	experimental
cblaster_PUL0576	CP001095	2404196	2413894	1682	cblaster		false	Bacteria	Actinomycetota	Actinomycetes	Actinomycetales	Bifidobacteriaceae	Bifidobacterium	Bifidobacterium infantis	2832748	84696	2.9898882639754754	experimental
PUL0740	CP001095	2442411	2445795	216816	dbcan		false	Bacteria	Actinomycetota	Actinomycetes	Actinomycetales	Bifidobacteriaceae	Bifidobacterium	Bifidobacterium infantis	2832748	84696	2.9898882639754754	experimental
PUL0741	CP001095	2558878	2565276	216816	dbcan		false	Bacteria	Actinomycetota	Actinomycetes	Actinomycetales	Bifidobacteriaceae	Bifidobacterium	Bifidobacterium infantis	2832748	84696	2.9898882639754754	experimental
PUL0368	CP001095	2595574	2636747	1682	dbcan		false	Bacteria	Actinomycetota	Actinomycetes	Actinomycetales	Bifidobacteriaceae	Bifidobacterium	Bifidobacterium infantis	2832748	84696	2.9898882639754754	experimental
cblaster_PUL0232	CP001095	2773011	2780440	1682	cblaster		false	Bacteria	Actinomycetota	Actinomycetes	Actinomycetales	Bifidobacteriaceae	Bifidobacterium	Bifidobacterium infantis	2832748	84696	2.9898882639754754	experimental
PUL0042	CP001340	1311323	1319129	155892	dbcan		false	Bacteria	Pseudomonadota	Alphaproteobacteria	Caulobacterales	Caulobacteraceae	Caulobacter	Caulobacter vibrioides	4042929	7806	0.19307784034792597	experimental
PUL0385_PUL0040_cblaster_PUL0083	CP001348	838275	864108	1521	dbcan_cblaster	merged	false	Bacteria	Bacillota	Clostridia	Acetivibrionales	DSM-27016	Ruminiclostridium	Ruminiclostridium cellulolyticum	4068724	102307	2.5144738252090826	experimental
cblaster_PUL0085	CP001348	878564	886518	1521	cblaster		false	Bacteria	Bacillota	Clostridia	Acetivibrionales	DSM-27016	Ruminiclostridium	Ruminiclostridium cellulolyticum	4068724	102307	2.5144738252090826	experimental
PUL0224_PUL0114_cblaster_PUL0084	CP001348	1502003	1537237	1521	dbcan_cblaster	merged	false	Bacteria	Bacillota	Clostridia	Acetivibrionales	DSM-27016	Ruminiclostridium	Ruminiclostridium cellulolyticum	4068724	102307	2.5144738252090826	experimental
PUL0743	CP001348	1548963	1567460	1521	dbcan		false	Bacteria	Bacillota	Clostridia	Acetivibrionales	DSM-27016	Ruminiclostridium	Ruminiclostridium cellulolyticum	4068724	102307	2.5144738252090826	experimental
PUL0017	CP001348	2466252	2481041	1521	dbcan		false	Bacteria	Bacillota	Clostridia	Acetivibrionales	DSM-27016	Ruminiclostridium	Ruminiclostridium cellulolyticum	4068724	102307	2.5144738252090826	experimental
PUL0694	CP001393	212375	236250	31899	dbcan		false	Bacteria	Bacillota	Thermoanaerobacteria	Caldicellulosiruptorales	Caldicellulosiruptoraceae	Caldicellulosiruptor	Caldicellulosiruptor bescii	2919718	105424	3.6107596692557293	experimental
PUL0695	CP001393	697213	703783	31899	dbcan		false	Bacteria	Bacillota	Thermoanaerobacteria	Caldicellulosiruptorales	Caldicellulosiruptoraceae	Caldicellulosiruptor	Caldicellulosiruptor bescii	2919718	105424	3.6107596692557293	experimental
PUL0696	CP001393	939000	956668	31899	dbcan		false	Bacteria	Bacillota	Thermoanaerobacteria	Caldicellulosiruptorales	Caldicellulosiruptoraceae	Caldicellulosiruptor	Caldicellulosiruptor bescii	2919718	105424	3.6107596692557293	experimental
cblaster_PUL0322_PUL0320	CP001393	1929396	1982736	31899	cblaster_dbcan	merged	false	Bacteria	Bacillota	Thermoanaerobacteria	Caldicellulosiruptorales	Caldicellulosiruptoraceae	Caldicellulosiruptor	Caldicellulosiruptor bescii	2919718	105424	3.6107596692557293	experimental
PUL0697	CP001393	2873292	2877263	31899	dbcan		false	Bacteria	Bacillota	Thermoanaerobacteria	Caldicellulosiruptorales	Caldicellulosiruptoraceae	Caldicellulosiruptor	Caldicellulosiruptor bescii	2919718	105424	3.6107596692557293	experimental
cblaster_PUL0209	CP001655	1444799	1456412	556	cblaster		false	Bacteria	Pseudomonadota	Gammaproteobacteria	Enterobacterales	Enterobacteriaceae	Dickeya	Dickeya chrysanthemi	4813854	30784	0.6394876122125848	experimental
PUL0034	CP001655	2245522	2247504	556	dbcan		false	Bacteria	Pseudomonadota	Gammaproteobacteria	Enterobacterales	Enterobacteriaceae	Dickeya	Dickeya chrysanthemi	4813854	30784	0.6394876122125848	experimental
PUL0035	CP001655	2247754	2253663	556	dbcan		false	Bacteria	Pseudomonadota	Gammaproteobacteria	Enterobacterales	Enterobacteriaceae	Dickeya	Dickeya chrysanthemi	4813854	30784	0.6394876122125848	experimental
cblaster_PUL0374	CP001655	3013522	3018146	556	cblaster		false	Bacteria	Pseudomonadota	Gammaproteobacteria	Enterobacterales	Enterobacteriaceae	Dickeya	Dickeya chrysanthemi	4813854	30784	0.6394876122125848	experimental
cblaster_PUL0373	CP001655	4246303	4252959	556	cblaster		false	Bacteria	Pseudomonadota	Gammaproteobacteria	Enterobacterales	Enterobacteriaceae	Dickeya	Dickeya chrysanthemi	4813854	30784	0.6394876122125848	experimental
PUL0176	CP001736	1994155	2001711	182640	dbcan		false	Bacteria	Actinomycetota	Actinomycetes	Propionibacteriales	Kribbellaceae	Kribbella	Kribbella flavida	7579488	15023	0.19820600019420836	experimental
PUL0174	CP001736	4338948	4346415	182640	dbcan		false	Bacteria	Actinomycetota	Actinomycetes	Propionibacteriales	Kribbellaceae	Kribbella	Kribbella flavida	7579488	15023	0.19820600019420836	experimental
cblaster_PUL0582	CP001834	168627	173394	1358	cblaster		false	Bacteria	Bacillota	Bacilli	Lactobacillales	Streptococcaceae	Lactococcus	Lactococcus lactis	2598144	54685	2.104771713961967	experimental
cblaster_PUL0016	CP001834	463185	467916	1358	cblaster		false	Bacteria	Bacillota	Bacilli	Lactobacillales	Streptococcaceae	Lactococcus	Lactococcus lactis	2598144	54685	2.104771713961967	experimental
cblaster_PUL0520_cblaster_PUL0402	CP001834	1685851	1694057	1358	cblaster	merged	false	Bacteria	Bacillota	Bacilli	Lactobacillales	Streptococcaceae	Lactococcus	Lactococcus lactis	2598144	54685	2.104771713961967	experimental
cblaster_PUL0520_cblaster_PUL0402	CP001834	1685851	1694057	1358	cblaster	merged	false	Bacteria	Bacillota	Bacilli	Lactobacillales	Streptococcaceae	Lactococcus	Lactococcus lactis	2598144	54685	2.104771713961967	experimental
cblaster_PUL0168	CP001834	2227805	2241135	1358	cblaster		false	Bacteria	Bacillota	Bacilli	Lactobacillales	Streptococcaceae	Lactococcus	Lactococcus lactis	2598144	54685	2.104771713961967	experimental
PUL0584	CP001834	2317224	2332669	1358	dbcan		false	Bacteria	Bacillota	Bacilli	Lactobacillales	Streptococcaceae	Lactococcus	Lactococcus lactis	2598144	54685	2.104771713961967	experimental
PUL0576	CP001840	1236100	1248439	1681	dbcan		false	Bacteria	Actinomycetota	Actinomycetes	Actinomycetales	Bifidobacteriaceae	Bifidobacterium	Bifidobacterium bifidum	2214656	18853	0.8512834498901861	experimental
cblaster_PUL0284	CP001840	1720473	1726987	1681	cblaster		false	Bacteria	Actinomycetota	Actinomycetes	Actinomycetales	Bifidobacteriaceae	Bifidobacterium	Bifidobacterium bifidum	2214656	18853	0.8512834498901861	experimental
PUL0373	CP002038	406834	413500	204038	dbcan		false	Bacteria	Pseudomonadota	Gammaproteobacteria	Enterobacterales	Enterobacteriaceae	Dickeya	Dickeya dadantii	4922802	30758	0.6248067665528697	experimental
PUL0374	CP002038	1781030	1785659	204038	dbcan		false	Bacteria	Pseudomonadota	Gammaproteobacteria	Enterobacterales	Enterobacteriaceae	Dickeya	Dickeya dadantii	4922802	30758	0.6248067665528697	experimental
cblaster_PUL0035	CP002038	2575541	2581451	204038	cblaster		false	Bacteria	Pseudomonadota	Gammaproteobacteria	Enterobacterales	Enterobacteriaceae	Dickeya	Dickeya dadantii	4922802	30758	0.6248067665528697	experimental
cblaster_PUL0034	CP002038	2581700	2583651	204038	cblaster		false	Bacteria	Pseudomonadota	Gammaproteobacteria	Enterobacterales	Enterobacteriaceae	Dickeya	Dickeya dadantii	4922802	30758	0.6248067665528697	experimental
PUL0209	CP002038	3416624	3428226	204038	dbcan		false	Bacteria	Pseudomonadota	Gammaproteobacteria	Enterobacterales	Enterobacteriaceae	Dickeya	Dickeya dadantii	4922802	30758	0.6248067665528697	experimental
4160	CP002113	9230	19749		puldb		false	Bacteria	Bacteroidota	Bacteroidia	Flavobacteriales	Flavobacteriaceae	Capnocytophaga	Capnocytophaga canimorsus	2571406	177495	6.90264392320777	experimental
4161	CP002113	41274	55928		puldb		false	Bacteria	Bacteroidota	Bacteroidia	Flavobacteriales	Flavobacteriaceae	Capnocytophaga	Capnocytophaga canimorsus	2571406	177495	6.90264392320777	experimental
4162_4173	CP002113	398052	419913		puldb	merged	false	Bacteria	Bacteroidota	Bacteroidia	Flavobacteriales	Flavobacteriaceae	Capnocytophaga	Capnocytophaga canimorsus	2571406	177495	6.90264392320777	experimental
4163	CP002113	576787	586097		puldb		false	Bacteria	Bacteroidota	Bacteroidia	Flavobacteriales	Flavobacteriaceae	Capnocytophaga	Capnocytophaga canimorsus	2571406	177495	6.90264392320777	experimental
4164_PUL0397	CP002113	930942	941427	28188	puldb_dbcan	merged	false	Bacteria	Bacteroidota	Bacteroidia	Flavobacteriales	Flavobacteriaceae	Capnocytophaga	Capnocytophaga canimorsus	2571406	177495	6.90264392320777	experimental
4165	CP002113	1187403	1201665		puldb		false	Bacteria	Bacteroidota	Bacteroidia	Flavobacteriales	Flavobacteriaceae	Capnocytophaga	Capnocytophaga canimorsus	2571406	177495	6.90264392320777	experimental
4166	CP002113	1490660	1513946		puldb		false	Bacteria	Bacteroidota	Bacteroidia	Flavobacteriales	Flavobacteriaceae	Capnocytophaga	Capnocytophaga canimorsus	2571406	177495	6.90264392320777	experimental
4167	CP002113	1842680	1849772		puldb		false	Bacteria	Bacteroidota	Bacteroidia	Flavobacteriales	Flavobacteriaceae	Capnocytophaga	Capnocytophaga canimorsus	2571406	177495	6.90264392320777	experimental
4168_4174_PUL0398	CP002113	1882302	1901134	28188	puldb_dbcan	merged	false	Bacteria	Bacteroidota	Bacteroidia	Flavobacteriales	Flavobacteriaceae	Capnocytophaga	Capnocytophaga canimorsus	2571406	177495	6.90264392320777	experimental
4169	CP002113	2090062	2098680		puldb		false	Bacteria	Bacteroidota	Bacteroidia	Flavobacteriales	Flavobacteriaceae	Capnocytophaga	Capnocytophaga canimorsus	2571406	177495	6.90264392320777	experimental
4170	CP002113	2153442	2169471		puldb		false	Bacteria	Bacteroidota	Bacteroidia	Flavobacteriales	Flavobacteriaceae	Capnocytophaga	Capnocytophaga canimorsus	2571406	177495	6.90264392320777	experimental
4171	CP002113	2385673	2400879		puldb		false	Bacteria	Bacteroidota	Bacteroidia	Flavobacteriales	Flavobacteriaceae	Capnocytophaga	Capnocytophaga canimorsus	2571406	177495	6.90264392320777	experimental
4172	CP002113	2418762	2426103		puldb		false	Bacteria	Bacteroidota	Bacteroidia	Flavobacteriales	Flavobacteriaceae	Capnocytophaga	Capnocytophaga canimorsus	2571406	177495	6.90264392320777	experimental
PUL0598	CP002160	731364	737408	573061	dbcan		false	Bacteria	Bacillota	Clostridia	Clostridiales	Clostridiaceae	Clostridium_K	Clostridium_K cellulovorans	5262222	64511	1.2259269943381332	experimental
PUL0601	CP002160	2667794	2686941	1493	dbcan		false	Bacteria	Bacillota	Clostridia	Clostridiales	Clostridiaceae	Clostridium_K	Clostridium_K cellulovorans	5262222	64511	1.2259269943381332	experimental
PUL0599	CP002160	3141436	3150824	1493	dbcan		false	Bacteria	Bacillota	Clostridia	Clostridiales	Clostridiaceae	Clostridium_K	Clostridium_K cellulovorans	5262222	64511	1.2259269943381332	experimental
PUL0434	CP002160	3447553	3461646	1493	dbcan		true	Bacteria	Bacillota	Clostridia	Clostridiales	Clostridiaceae	Clostridium_K	Clostridium_K cellulovorans	5262222	64511	1.2259269943381332	experimental
PUL0600	CP002160	3925850	3941689	1493	dbcan		false	Bacteria	Bacillota	Clostridia	Clostridiales	Clostridiaceae	Clostridium_K	Clostridium_K cellulovorans	5262222	64511	1.2259269943381332	experimental
PUL0051	CP002534	303130	314951	979	dbcan		false	Bacteria	Bacteroidota	Bacteroidia	Flavobacteriales	Flavobacteriaceae	Cellulophaga	Cellulophaga lytica	3765936	43907	1.165898730089943	experimental
PUL0734	CP002534	1997203	2029289	979	dbcan		false	Bacteria	Bacteroidota	Bacteroidia	Flavobacteriales	Flavobacteriaceae	Cellulophaga	Cellulophaga lytica	3765936	43907	1.165898730089943	experimental
PUL0303	CP002745	3093918	3103118	158899	dbcan		true	Bacteria	Pseudomonadota	Gammaproteobacteria	Burkholderiales	Burkholderiaceae	Collimonas	Collimonas fungivorans_A	5186898	25643	0.49438026350238623	experimental
PUL0292	CP002745	3513314	3529757	158899	dbcan		true	Bacteria	Pseudomonadota	Gammaproteobacteria	Burkholderiales	Burkholderiaceae	Collimonas	Collimonas fungivorans_A	5186898	25643	0.49438026350238623	experimental
cblaster_PUL0542_PUL0602	CP002835	2158670	2196700	1426	cblaster_dbcan	merged	false	Bacteria	Bacillota	Bacilli	Bacillales	Anoxybacillaceae	Parageobacillus	Parageobacillus thermoglucosidasius	3893306	38030	0.9768048029104314	experimental
PUL0454	CP003170	4053711	4085799	134676	dbcan		false	Bacteria	Actinomycetota	Actinomycetes	Mycobacteriales	Micromonosporaceae	Actinoplanes	Actinoplanes sp900119315	9239851	32088	0.34727832732367653	experimental
PUL0054_cblaster_PUL0400	CP003873	1019219	1042766	28108	dbcan_cblaster	merged	false	Bacteria	Pseudomonadota	Gammaproteobacteria	Enterobacterales	Alteromonadaceae	Alteromonas	Alteromonas macleodii	4629479	62989	1.3606066686985727	experimental
cblaster_PUL0404	CP003873	2770752	2792610	28108	cblaster		false	Bacteria	Pseudomonadota	Gammaproteobacteria	Enterobacterales	Alteromonadaceae	Alteromonas	Alteromonas macleodii	4629479	62989	1.3606066686985727	experimental
cblaster_PUL0401	CP003873	4339574	4357158	28108	cblaster		false	Bacteria	Pseudomonadota	Gammaproteobacteria	Enterobacterales	Alteromonadaceae	Alteromonas	Alteromonas macleodii	4629479	62989	1.3606066686985727	experimental
cblaster_PUL0032	CP006712	147936	152424	1685	cblaster		false	Bacteria	Actinomycetota	Actinomycetes	Actinomycetales	Bifidobacteriaceae	Bifidobacterium	Bifidobacterium breve	2288919	65280	2.852001315905019	experimental
cblaster_PUL0578	CP006712	156542	162697	1685	cblaster		false	Bacteria	Actinomycetota	Actinomycetes	Actinomycetales	Bifidobacteriaceae	Bifidobacterium	Bifidobacterium breve	2288919	65280	2.852001315905019	experimental
cblaster_PUL0283_cblaster_PUL0297_cblaster_PUL0298_cblaster_PUL0367	CP006712	461636	473770	1685	cblaster	merged	false	Bacteria	Actinomycetota	Actinomycetes	Actinomycetales	Bifidobacteriaceae	Bifidobacterium	Bifidobacterium breve	2288919	65280	2.852001315905019	experimental
cblaster_PUL0285	CP006712	612503	619564	1685	cblaster		false	Bacteria	Actinomycetota	Actinomycetes	Actinomycetales	Bifidobacteriaceae	Bifidobacterium	Bifidobacterium breve	2288919	65280	2.852001315905019	experimental
cblaster_PUL0031	CP006712	1543883	1548175	1685	cblaster		false	Bacteria	Actinomycetota	Actinomycetes	Actinomycetales	Bifidobacteriaceae	Bifidobacterium	Bifidobacterium breve	2288919	65280	2.852001315905019	experimental
cblaster_PUL0284	CP006712	1808387	1814582	1685	cblaster		false	Bacteria	Actinomycetota	Actinomycetes	Actinomycetales	Bifidobacteriaceae	Bifidobacterium	Bifidobacterium breve	2288919	65280	2.852001315905019	experimental
PUL0347	CP006712	1904821	1922254	1685	dbcan		false	Bacteria	Actinomycetota	Actinomycetes	Actinomycetales	Bifidobacteriaceae	Bifidobacterium	Bifidobacterium breve	2288919	65280	2.852001315905019	experimental
cblaster_PUL0232	CP006712	2203645	2211167	1685	cblaster		false	Bacteria	Actinomycetota	Actinomycetes	Actinomycetales	Bifidobacteriaceae	Bifidobacterium	Bifidobacterium breve	2288919	65280	2.852001315905019	experimental
PUL0390	CP007013	864165	893990	2336	dbcan		false	Bacteria	Thermotogota	Thermotogae	Thermotogales	Thermotogaceae	Thermotoga	Thermotoga maritima	1869644	50072	2.6781569111552788	experimental
PUL0361	CP007013	997862	1008239	2336	dbcan		false	Bacteria	Thermotogota	Thermotogae	Thermotogales	Thermotogaceae	Thermotoga	Thermotoga maritima	1869644	50072	2.6781569111552788	experimental
PUL0122	CP007013	1598265	1608135	2336	dbcan		false	Bacteria	Thermotogota	Thermotogae	Thermotogales	Thermotogaceae	Thermotoga	Thermotoga maritima	1869644	50072	2.6781569111552788	experimental
PUL0572	CP007224	1516668	1533320	287	dbcan		false	Bacteria	Pseudomonadota	Gammaproteobacteria	Pseudomonadales	Pseudomonadaceae	Pseudomonas	Pseudomonas aeruginosa	6444091	16652	0.25840727575076144	experimental
24469_cblaster_31419_PUL0236	CP016359	228516	249102		puldb_cblaster	merged	false	Bacteria	Bacteroidota	Bacteroidia	Flavobacteriales	Flavobacteriaceae	Christiangramia	Christiangramia flava	4007868	294672	7.352337951249892	experimental
24470_24471_PUL0328	CP016359	326512	381160	1486245	puldb_dbcan	merged	false	Bacteria	Bacteroidota	Bacteroidia	Flavobacteriales	Flavobacteriaceae	Christiangramia	Christiangramia flava	4007868	294672	7.352337951249892	experimental
24472_PUL0329	CP016359	397120	435831	1486245	puldb_dbcan	merged	false	Bacteria	Bacteroidota	Bacteroidia	Flavobacteriales	Flavobacteriaceae	Christiangramia	Christiangramia flava	4007868	294672	7.352337951249892	experimental
24473	CP016359	1091860	1110518		puldb		false	Bacteria	Bacteroidota	Bacteroidia	Flavobacteriales	Flavobacteriaceae	Christiangramia	Christiangramia flava	4007868	294672	7.352337951249892	experimental
24474	CP016359	1614973	1648031		puldb		false	Bacteria	Bacteroidota	Bacteroidia	Flavobacteriales	Flavobacteriaceae	Christiangramia	Christiangramia flava	4007868	294672	7.352337951249892	experimental
24475	CP016359	1650974	1691598		puldb		false	Bacteria	Bacteroidota	Bacteroidia	Flavobacteriales	Flavobacteriaceae	Christiangramia	Christiangramia flava	4007868	294672	7.352337951249892	experimental
24476	CP016359	1800952	1817291		puldb		false	Bacteria	Bacteroidota	Bacteroidia	Flavobacteriales	Flavobacteriaceae	Christiangramia	Christiangramia flava	4007868	294672	7.352337951249892	experimental
24477_PUL0330	CP016359	2418903	2462893	1486245	puldb_dbcan	merged	false	Bacteria	Bacteroidota	Bacteroidia	Flavobacteriales	Flavobacteriaceae	Christiangramia	Christiangramia flava	4007868	294672	7.352337951249892	experimental
24478	CP016359	2554976	2583034		puldb		false	Bacteria	Bacteroidota	Bacteroidia	Flavobacteriales	Flavobacteriaceae	Christiangramia	Christiangramia flava	4007868	294672	7.352337951249892	experimental
10363_PUL0587	CP019300	699265	706680	28131	puldb_dbcan	merged	false	Bacteria	Bacteroidota	Bacteroidia	Bacteroidales	Bacteroidaceae	Prevotella	Prevotella intermedia	1965935	7415	0.37717421990045447	experimental
PUL0139	CP028460	61377	75411	302912	dbcan		false	Bacteria	Actinomycetota	Actinomycetes	Actinomycetales	Bifidobacteriaceae	Bifidobacterium	Bifidobacterium animalis	1932687	60037	3.106400570811518	experimental
PUL0141	CP028460	153312	158539	302912	dbcan		false	Bacteria	Actinomycetota	Actinomycetes	Actinomycetales	Bifidobacteriaceae	Bifidobacterium	Bifidobacterium animalis	1932687	60037	3.106400570811518	experimental
PUL0137	CP028460	589943	596176	302912	dbcan		false	Bacteria	Actinomycetota	Actinomycetes	Actinomycetales	Bifidobacteriaceae	Bifidobacterium	Bifidobacterium animalis	1932687	60037	3.106400570811518	experimental
PUL0140	CP028460	622448	639066	302912	dbcan		false	Bacteria	Actinomycetota	Actinomycetes	Actinomycetales	Bifidobacteriaceae	Bifidobacterium	Bifidobacterium animalis	1932687	60037	3.106400570811518	experimental
PUL0142	CP028460	1843829	1850807	302912	dbcan		false	Bacteria	Actinomycetota	Actinomycetes	Actinomycetales	Bifidobacteriaceae	Bifidobacterium	Bifidobacterium animalis	1932687	60037	3.106400570811518	experimental
PUL0138	CP028460	1879108	1890055	302912	dbcan		false	Bacteria	Actinomycetota	Actinomycetes	Actinomycetales	Bifidobacteriaceae	Bifidobacterium	Bifidobacterium animalis	1932687	60037	3.106400570811518	experimental
PUL0153	CP067366	5514	10079	47715	dbcan		true	Bacteria	Bacillota	Bacilli	Lactobacillales	Lactobacillaceae	Lacticaseibacillus	Lacticaseibacillus casei	63181	4565	7.2252734208068885	experimental
cblaster_PUL0456_2_PUL0411	CP091797	103330	120866	77095	cblaster_dbcan	merged	true	Bacteria	Bacteroidota	Bacteroidia	Bacteroidales	Bacteroidaceae	Prevotella	Prevotella bryantii	1104623	19952	1.8062271019162195	experimental
cblaster_PUL0456_1	CP091797	486335	488751	77095	cblaster		true	Bacteria	Bacteroidota	Bacteroidia	Bacteroidales	Bacteroidaceae	Prevotella	Prevotella bryantii	1104623	19952	1.8062271019162195	experimental
PUL0456_2_cblaster_PUL0411	CP091800	49194	67389	77095	dbcan_cblaster	merged	false	Bacteria	Bacteroidota	Bacteroidia	Bacteroidales	Bacteroidaceae	Prevotella	Prevotella bryantii	1144609	24154	2.1102402654530934	experimental
PUL0456_1	CP091800	811569	817528	77095	dbcan		false	Bacteria	Bacteroidota	Bacteroidia	Bacteroidales	Bacteroidaceae	Prevotella	Prevotella bryantii	1144609	24154	2.1102402654530934	experimental
cblaster_PUL0751	CP098927	1080870	1087132	562	cblaster		true	Bacteria	Pseudomonadota	Gammaproteobacteria	Enterobacterales	Enterobacteriaceae	Escherichia	Escherichia coli	5310763	30896	0.5817619803406779	experimental
cblaster_PUL0321	CP098927	2474375	2480553	562	cblaster		true	Bacteria	Pseudomonadota	Gammaproteobacteria	Enterobacterales	Enterobacteriaceae	Escherichia	Escherichia coli	5310763	30896	0.5817619803406779	experimental
cblaster_PUL0571	CP098927	2655980	2662889	562	cblaster		true	Bacteria	Pseudomonadota	Gammaproteobacteria	Enterobacterales	Enterobacteriaceae	Escherichia	Escherichia coli	5310763	30896	0.5817619803406779	experimental
PUL0351	CP098927	3322685	3327569	562	dbcan		true	Bacteria	Pseudomonadota	Gammaproteobacteria	Enterobacterales	Enterobacteriaceae	Escherichia	Escherichia coli	5310763	30896	0.5817619803406779	experimental
cblaster_PUL0410	CP098927	4483198	4489861	562	cblaster		true	Bacteria	Pseudomonadota	Gammaproteobacteria	Enterobacterales	Enterobacteriaceae	Escherichia	Escherichia coli	5310763	30896	0.5817619803406779	experimental
PUL0508	CP109280	2338086	2344759	1952	dbcan		true	Bacteria	Actinomycetota	Actinomycetes	Streptomycetales	Streptomycetaceae	Streptomyces	Streptomyces thermoviolaceus	6066002	13480	0.22222214895412168	experimental
cblaster_PUL0573	CP109280	3956311	3963118	1952	cblaster		true	Bacteria	Actinomycetota	Actinomycetes	Streptomycetales	Streptomycetaceae	Streptomyces	Streptomyces thermoviolaceus	6066002	13480	0.22222214895412168	experimental
cblaster_PUL0224_PUL0114_PUL0084	CP119677	1149419	1178123	29362	cblaster_dbcan	merged	true	Bacteria	Bacillota	Clostridia	Acetivibrionales	DSM-27016	Ruminiclostridium	Ruminiclostridium papyrosolvens	5027861	104989	2.088144441542835	experimental
PUL0086	CP119677	1180643	1186505	29362	dbcan		false	Bacteria	Bacillota	Clostridia	Acetivibrionales	DSM-27016	Ruminiclostridium	Ruminiclostridium papyrosolvens	5027861	104989	2.088144441542835	experimental
cblaster_PUL0743	CP119677	1193260	1210461	29362	cblaster		true	Bacteria	Bacillota	Clostridia	Acetivibrionales	DSM-27016	Ruminiclostridium	Ruminiclostridium papyrosolvens	5027861	104989	2.088144441542835	experimental
PUL0083_cblaster_PUL0385_PUL0040	CP119677	2232181	2256834	29362	dbcan_cblaster	merged	true	Bacteria	Bacillota	Clostridia	Acetivibrionales	DSM-27016	Ruminiclostridium	Ruminiclostridium papyrosolvens	5027861	104989	2.088144441542835	experimental
PUL0085	CP119677	2269358	2275495	29362	dbcan		true	Bacteria	Bacillota	Clostridia	Acetivibrionales	DSM-27016	Ruminiclostridium	Ruminiclostridium papyrosolvens	5027861	104989	2.088144441542835	experimental
PUL0087	CP119677	2499288	2505211	29362	dbcan		false	Bacteria	Bacillota	Clostridia	Acetivibrionales	DSM-27016	Ruminiclostridium	Ruminiclostridium papyrosolvens	5027861	104989	2.088144441542835	experimental
cblaster_PUL0017	CP119677	3144099	3158092	29362	cblaster		true	Bacteria	Bacillota	Clostridia	Acetivibrionales	DSM-27016	Ruminiclostridium	Ruminiclostridium papyrosolvens	5027861	104989	2.088144441542835	experimental
PUL0089	CP119677	3808139	3810655	29362	dbcan		false	Bacteria	Bacillota	Clostridia	Acetivibrionales	DSM-27016	Ruminiclostridium	Ruminiclostridium papyrosolvens	5027861	104989	2.088144441542835	experimental
31418_PUL0235	CU207366	1203786	1228271	411153	puldb_dbcan	merged	false	Bacteria	Bacteroidota	Bacteroidia	Flavobacteriales	Flavobacteriaceae	Christiangramia	Christiangramia forsetii	3798465	61450	1.617758752548727	experimental
31419_PUL0236_cblaster_24469	CU207366	2257233	2278112	411153	puldb_dbcan_cblaster	merged	false	Bacteria	Bacteroidota	Bacteroidia	Flavobacteriales	Flavobacteriaceae	Christiangramia	Christiangramia forsetii	3798465	61450	1.617758752548727	experimental
PUL0234_31420	CU207366	3621545	3637631	411153	dbcan_puldb	merged	false	Bacteria	Bacteroidota	Bacteroidia	Flavobacteriales	Flavobacteriaceae	Christiangramia	Christiangramia forsetii	3798465	61450	1.617758752548727	experimental
PUL0395_cblaster_PUL0602_PUL0542	DQ868502	1562	76554	1422	dbcan_cblaster_dbcan	merged	false	Bacteria	Bacillota	Bacilli	Bacillales	Anoxybacillaceae	Geobacillus	Geobacillus thermoleovorans_A	77747	74992	96.45645491144353	experimental
PUL0159	FM179324	40411	43234	47715	dbcan		false								64508	16527	25.62007812984436	experimental
cblaster_PUL0153_cblaster_PUL0407	FM179324	50298	54866	47715	cblaster	merged	false								64508	16527	25.62007812984436	experimental
cblaster_PUL0153_cblaster_PUL0407	FM179324	50298	54866	47715	cblaster	merged	false								64508	16527	25.62007812984436	experimental
cblaster_PUL0153_cblaster_PUL0407	FM179324	50298	54866	47715	cblaster	merged	false								64508	16527	25.62007812984436	experimental
21119	FP476056	174877	188546		puldb		false	Bacteria	Bacteroidota	Bacteroidia	Flavobacteriales	Flavobacteriaceae	Zobellia	Zobellia galactanivorans	5521712	929780	16.838618167698712	experimental
21120	FP476056	214864	230540		puldb		false	Bacteria	Bacteroidota	Bacteroidia	Flavobacteriales	Flavobacteriaceae	Zobellia	Zobellia galactanivorans	5521712	929780	16.838618167698712	experimental
21121_21122_PUL0132	FP476056	230679	268488	63186	puldb_dbcan	merged	false	Bacteria	Bacteroidota	Bacteroidia	Flavobacteriales	Flavobacteriaceae	Zobellia	Zobellia galactanivorans	5521712	929780	16.838618167698712	experimental
21123_PUL0318_21124	FP476056	275509	307872	63186	puldb_dbcan_puldb	merged	false	Bacteria	Bacteroidota	Bacteroidia	Flavobacteriales	Flavobacteriaceae	Zobellia	Zobellia galactanivorans	5521712	929780	16.838618167698712	experimental
21125	FP476056	340985	350666		puldb		false	Bacteria	Bacteroidota	Bacteroidia	Flavobacteriales	Flavobacteriaceae	Zobellia	Zobellia galactanivorans	5521712	929780	16.838618167698712	experimental
21126_21127	FP476056	398989	466536		puldb	merged	false	Bacteria	Bacteroidota	Bacteroidia	Flavobacteriales	Flavobacteriaceae	Zobellia	Zobellia galactanivorans	5521712	929780	16.838618167698712	experimental
21128	FP476056	472111	481243		puldb		false	Bacteria	Bacteroidota	Bacteroidia	Flavobacteriales	Flavobacteriaceae	Zobellia	Zobellia galactanivorans	5521712	929780	16.838618167698712	experimental
21129_21130	FP476056	484942	508227		puldb	merged	false	Bacteria	Bacteroidota	Bacteroidia	Flavobacteriales	Flavobacteriaceae	Zobellia	Zobellia galactanivorans	5521712	929780	16.838618167698712	experimental
21131	FP476056	576319	592323		puldb		false	Bacteria	Bacteroidota	Bacteroidia	Flavobacteriales	Flavobacteriaceae	Zobellia	Zobellia galactanivorans	5521712	929780	16.838618167698712	experimental
21132	FP476056	1085930	1101326		puldb		false	Bacteria	Bacteroidota	Bacteroidia	Flavobacteriales	Flavobacteriaceae	Zobellia	Zobellia galactanivorans	5521712	929780	16.838618167698712	experimental
21133	FP476056	1190929	1208012		puldb		false	Bacteria	Bacteroidota	Bacteroidia	Flavobacteriales	Flavobacteriaceae	Zobellia	Zobellia galactanivorans	5521712	929780	16.838618167698712	experimental
21134	FP476056	1223179	1246806		puldb		false	Bacteria	Bacteroidota	Bacteroidia	Flavobacteriales	Flavobacteriaceae	Zobellia	Zobellia galactanivorans	5521712	929780	16.838618167698712	experimental
21135_21136	FP476056	1250098	1281471		puldb	merged	false	Bacteria	Bacteroidota	Bacteroidia	Flavobacteriales	Flavobacteriaceae	Zobellia	Zobellia galactanivorans	5521712	929780	16.838618167698712	experimental
21137	FP476056	1479049	1491997		puldb		false	Bacteria	Bacteroidota	Bacteroidia	Flavobacteriales	Flavobacteriaceae	Zobellia	Zobellia galactanivorans	5521712	929780	16.838618167698712	experimental
21138	FP476056	1769357	1777496		puldb		false	Bacteria	Bacteroidota	Bacteroidia	Flavobacteriales	Flavobacteriaceae	Zobellia	Zobellia galactanivorans	5521712	929780	16.838618167698712	experimental
21139	FP476056	2420111	2441113		puldb		false	Bacteria	Bacteroidota	Bacteroidia	Flavobacteriales	Flavobacteriaceae	Zobellia	Zobellia galactanivorans	5521712	929780	16.838618167698712	experimental
21140	FP476056	2504916	2518507		puldb		false	Bacteria	Bacteroidota	Bacteroidia	Flavobacteriales	Flavobacteriaceae	Zobellia	Zobellia galactanivorans	5521712	929780	16.838618167698712	experimental
PUL0149_21141_21142	FP476056	2560055	2608025	63186	dbcan_puldb_puldb	merged	false	Bacteria	Bacteroidota	Bacteroidia	Flavobacteriales	Flavobacteriaceae	Zobellia	Zobellia galactanivorans	5521712	929780	16.838618167698712	experimental
21143	FP476056	2610665	2619786		puldb		false	Bacteria	Bacteroidota	Bacteroidia	Flavobacteriales	Flavobacteriaceae	Zobellia	Zobellia galactanivorans	5521712	929780	16.838618167698712	experimental
21144	FP476056	2681750	2690170		puldb		false	Bacteria	Bacteroidota	Bacteroidia	Flavobacteriales	Flavobacteriaceae	Zobellia	Zobellia galactanivorans	5521712	929780	16.838618167698712	experimental
21145	FP476056	2695784	2707616		puldb		false	Bacteria	Bacteroidota	Bacteroidia	Flavobacteriales	Flavobacteriaceae	Zobellia	Zobellia galactanivorans	5521712	929780	16.838618167698712	experimental
21146	FP476056	2875504	2888080		puldb		false	Bacteria	Bacteroidota	Bacteroidia	Flavobacteriales	Flavobacteriaceae	Zobellia	Zobellia galactanivorans	5521712	929780	16.838618167698712	experimental
21147_PUL0151	FP476056	3065129	3084329	63186	puldb_dbcan	merged	false	Bacteria	Bacteroidota	Bacteroidia	Flavobacteriales	Flavobacteriaceae	Zobellia	Zobellia galactanivorans	5521712	929780	16.838618167698712	experimental
21148	FP476056	3125872	3141960		puldb		false	Bacteria	Bacteroidota	Bacteroidia	Flavobacteriales	Flavobacteriaceae	Zobellia	Zobellia galactanivorans	5521712	929780	16.838618167698712	experimental
PUL0319_PUL0314	FP476056	3465709	3478173	63186	dbcan	merged	false	Bacteria	Bacteroidota	Bacteroidia	Flavobacteriales	Flavobacteriaceae	Zobellia	Zobellia galactanivorans	5521712	929780	16.838618167698712	experimental
21149	FP476056	3552451	3560830		puldb		false	Bacteria	Bacteroidota	Bacteroidia	Flavobacteriales	Flavobacteriaceae	Zobellia	Zobellia galactanivorans	5521712	929780	16.838618167698712	experimental
21150	FP476056	3603808	3617045		puldb		false	Bacteria	Bacteroidota	Bacteroidia	Flavobacteriales	Flavobacteriaceae	Zobellia	Zobellia galactanivorans	5521712	929780	16.838618167698712	experimental
21169_PUL0148	FP476056	3633325	3658429	63186	puldb_dbcan	merged	false	Bacteria	Bacteroidota	Bacteroidia	Flavobacteriales	Flavobacteriaceae	Zobellia	Zobellia galactanivorans	5521712	929780	16.838618167698712	experimental
21151	FP476056	3848117	3864900		puldb		false	Bacteria	Bacteroidota	Bacteroidia	Flavobacteriales	Flavobacteriaceae	Zobellia	Zobellia galactanivorans	5521712	929780	16.838618167698712	experimental
21152_21153	FP476056	3938479	4000085		puldb	merged	false	Bacteria	Bacteroidota	Bacteroidia	Flavobacteriales	Flavobacteriaceae	Zobellia	Zobellia galactanivorans	5521712	929780	16.838618167698712	experimental
21154_21155	FP476056	4018270	4054164		puldb	merged	false	Bacteria	Bacteroidota	Bacteroidia	Flavobacteriales	Flavobacteriaceae	Zobellia	Zobellia galactanivorans	5521712	929780	16.838618167698712	experimental
21156_21157	FP476056	4070820	4102585		puldb	merged	false	Bacteria	Bacteroidota	Bacteroidia	Flavobacteriales	Flavobacteriaceae	Zobellia	Zobellia galactanivorans	5521712	929780	16.838618167698712	experimental
21158_PUL0315	FP476056	4125495	4143881	63186	puldb_dbcan	merged	false	Bacteria	Bacteroidota	Bacteroidia	Flavobacteriales	Flavobacteriaceae	Zobellia	Zobellia galactanivorans	5521712	929780	16.838618167698712	experimental
21159	FP476056	4157067	4186737		puldb		false	Bacteria	Bacteroidota	Bacteroidia	Flavobacteriales	Flavobacteriaceae	Zobellia	Zobellia galactanivorans	5521712	929780	16.838618167698712	experimental
21160	FP476056	4234954	4251611		puldb		false	Bacteria	Bacteroidota	Bacteroidia	Flavobacteriales	Flavobacteriaceae	Zobellia	Zobellia galactanivorans	5521712	929780	16.838618167698712	experimental
21161	FP476056	4483050	4501301		puldb		false	Bacteria	Bacteroidota	Bacteroidia	Flavobacteriales	Flavobacteriaceae	Zobellia	Zobellia galactanivorans	5521712	929780	16.838618167698712	experimental
21162	FP476056	4575941	4589508		puldb		false	Bacteria	Bacteroidota	Bacteroidia	Flavobacteriales	Flavobacteriaceae	Zobellia	Zobellia galactanivorans	5521712	929780	16.838618167698712	experimental
21163	FP476056	4619396	4635730		puldb		false	Bacteria	Bacteroidota	Bacteroidia	Flavobacteriales	Flavobacteriaceae	Zobellia	Zobellia galactanivorans	5521712	929780	16.838618167698712	experimental
21164	FP476056	4638393	4653877		puldb		false	Bacteria	Bacteroidota	Bacteroidia	Flavobacteriales	Flavobacteriaceae	Zobellia	Zobellia galactanivorans	5521712	929780	16.838618167698712	experimental
21165	FP476056	4684230	4704981		puldb		false	Bacteria	Bacteroidota	Bacteroidia	Flavobacteriales	Flavobacteriaceae	Zobellia	Zobellia galactanivorans	5521712	929780	16.838618167698712	experimental
PUL0313	FP476056	4847515	4853424	63186	dbcan		false	Bacteria	Bacteroidota	Bacteroidia	Flavobacteriales	Flavobacteriaceae	Zobellia	Zobellia galactanivorans	5521712	929780	16.838618167698712	experimental
PUL0317	FP476056	4920036	4924412	63186	dbcan		false	Bacteria	Bacteroidota	Bacteroidia	Flavobacteriales	Flavobacteriaceae	Zobellia	Zobellia galactanivorans	5521712	929780	16.838618167698712	experimental
21166	FP476056	5323242	5338568		puldb		false	Bacteria	Bacteroidota	Bacteroidia	Flavobacteriales	Flavobacteriaceae	Zobellia	Zobellia galactanivorans	5521712	929780	16.838618167698712	experimental
21167_PUL0316	FP476056	5363176	5389576	63186	puldb_dbcan	merged	false	Bacteria	Bacteroidota	Bacteroidia	Flavobacteriales	Flavobacteriaceae	Zobellia	Zobellia galactanivorans	5521712	929780	16.838618167698712	experimental
21168	FP476056	5406314	5436219		puldb		false	Bacteria	Bacteroidota	Bacteroidia	Flavobacteriales	Flavobacteriaceae	Zobellia	Zobellia galactanivorans	5521712	929780	16.838618167698712	experimental
PUL0596	FP929042	196460	202017	39491	dbcan		false	Bacteria	Bacillota	Clostridia	Lachnospirales	Lachnospiraceae	Agathobacter	Agathobacter rectalis	3344951	20080	0.600307747407959	experimental
PUL0595	FP929042	2173768	2180902	39491	dbcan		false	Bacteria	Bacillota	Clostridia	Lachnospirales	Lachnospiraceae	Agathobacter	Agathobacter rectalis	3344951	20080	0.600307747407959	experimental
cblaster_PUL0394_PUL0632_cblaster_PUL0634	FP929042	3230561	3237950	39491	cblaster	merged	false	Bacteria	Bacillota	Clostridia	Lachnospirales	Lachnospiraceae	Agathobacter	Agathobacter rectalis	3344951	20080	0.600307747407959	experimental
PUL0067	GL891979	376649	402405	156974	dbcan		false	Bacteria	Bacteroidota	Bacteroidia	Bacteroidales	Dysgonomonadaceae	Dysgonomonas	Dysgonomonas gadei	1016930	25756	2.5327210329127867	experimental
PUL0024	HE717008	1	14712	77133	dbcan		false	Bacteria	Bacillota	Clostridia	Lachnospirales	Lachnospiraceae	Dorea_A	Dorea_A longicatena	14714	14711	99.97961125458747	experimental
PUL0218_cblaster_PUL0794	HF548278	1	41173	433724	dbcan_cblaster	merged	false								41175	41172	99.99271402550092	experimental
PUL0630	HF548280	18604	35744	433724	dbcan		false								36811	17140	46.56216891689984	experimental
PUL0626	JAATOH010000049	5342	40541	47770	dbcan		false	Bacteria	Bacillota	Bacilli	Lactobacillales	Lactobacillaceae	Lactobacillus	Lactobacillus sp945980025	40541	35199	86.82321600355196	experimental
PUL0728	JABDHV010000033	5144	33037	239935	dbcan		false	Bacteria	Verrucomicrobiota	Verrucomicrobiia	Verrucomicrobiales	Akkermansiaceae	Akkermansia	Akkermansia biwaensis	33560	27893	83.11382598331348	experimental
PUL0621	JABKKE010000002	129359	150740	2736291	dbcan		false	Bacteria	Bacteroidota	Bacteroidia	Bacteroidales	Bacteroidaceae	Prevotella	Prevotella rodentium	253660	21381	8.428999448080107	experimental
PUL0620	JABKKE010000016	24466	52842	2736291	dbcan		false	Bacteria	Bacteroidota	Bacteroidia	Bacteroidales	Bacteroidaceae	Prevotella	Prevotella rodentium	91913	28376	30.872673071273923	experimental
PUL0622	JABKKE010000021	12378	52329	2736291	dbcan		false	Bacteria	Bacteroidota	Bacteroidia	Bacteroidales	Bacteroidaceae	Prevotella	Prevotella rodentium	60972	39951	65.52351899232434	experimental
PUL0623	JABKKF010000001	275500	306619	2736291	dbcan		false	Bacteria	Bacteroidota	Bacteroidia	Bacteroidales	Bacteroidaceae	Prevotella	Prevotella muris	586828	61158	10.421793097807194	experimental
PUL0624	JABKKF010000001	437271	467310	2736291	dbcan		false	Bacteria	Bacteroidota	Bacteroidia	Bacteroidales	Bacteroidaceae	Prevotella	Prevotella muris	586828	61158	10.421793097807194	experimental
PUL0625	JABKKF010000013	29296	73074	2736291	dbcan		false	Bacteria	Bacteroidota	Bacteroidia	Bacteroidales	Bacteroidaceae	Prevotella	Prevotella muris	76661	43778	57.105960005739554	experimental
PUL0613	JABKKG010000003	315037	327406	2736291	dbcan		false	Bacteria	Bacteroidota	Bacteroidia	Bacteroidales	Bacteroidaceae	Prevotella	Prevotella intestinalis	491845	12369	2.514816659720034	experimental
PUL0614	JABKKG010000004	10910	19195	2736291	dbcan		false	Bacteria	Bacteroidota	Bacteroidia	Bacteroidales	Bacteroidaceae	Prevotella	Prevotella intestinalis	403616	19594	4.854614286846904	experimental
PUL0615	JABKKG010000004	347323	358632	2736291	dbcan		false	Bacteria	Bacteroidota	Bacteroidia	Bacteroidales	Bacteroidaceae	Prevotella	Prevotella intestinalis	403616	19594	4.854614286846904	experimental
PUL0616	JABKKG010000005	52557	72877	2736291	dbcan		false	Bacteria	Bacteroidota	Bacteroidia	Bacteroidales	Bacteroidaceae	Prevotella	Prevotella intestinalis	319247	45418	14.226601972767167	experimental
PUL0617	JABKKG010000005	106573	131671	2736291	dbcan		false	Bacteria	Bacteroidota	Bacteroidia	Bacteroidales	Bacteroidaceae	Prevotella	Prevotella intestinalis	319247	45418	14.226601972767167	experimental
PUL0618	JABKKG010000006	163785	179147	2736291	dbcan		false	Bacteria	Bacteroidota	Bacteroidia	Bacteroidales	Bacteroidaceae	Prevotella	Prevotella intestinalis	217139	15362	7.074730932720516	experimental
PUL0681	JABUTP010000015	7177	23063	2212467	dbcan		false	Bacteria	Bacteroidota	Bacteroidia	Bacteroidales	UBA932	Equibacterium	Equibacterium sp021443625	32695	15886	48.588469184890656	experimental
PUL0682	JABUUE010000008	60606	67086	2212467	dbcan		false	Bacteria	Bacteroidota	Bacteroidia	Bacteroidales	Bacteroidaceae	Prevotella	Prevotella sp021443335	104757	6480	6.185744150748876	experimental
PUL0679	JAHNZS010000043	498	9566	1590	dbcan		false								18145	9068	49.9751997795536	experimental
PUL0716	JAPFGC010000002	2829899	2854950	2708110	dbcan		false	Bacteria	Bacteroidota	Bacteroidia	Flavobacteriales	Flavobacteriaceae	Mesoflavibacter	Mesoflavibacter profundi	3065842	25051	0.8171001636744489	experimental
PUL0414	JN903693	25	31062	1194347	dbcan		false								31148	31037	99.64363683061512	experimental
PUL0220	JPDI01000001	2291648	2313366	1336803	dbcan		false	Bacteria	Bacteroidota	Bacteroidia	Flavobacteriales	Flavobacteriaceae	Polaribacter	Polaribacter sp900106075	2894172	21718	0.750404606222436	experimental
PUL0704	JPOL01000002	485437	525817	1392488	dbcan		false	Bacteria	Bacteroidota	Bacteroidia	Flavobacteriales	Flavobacteriaceae	Leeuwenhoekiella	Leeuwenhoekiella sp000733945	3672893	129560	3.5274645899022925	experimental
PUL0705	JPOL01000002	858730	891783	1392488	dbcan		false	Bacteria	Bacteroidota	Bacteroidia	Flavobacteriales	Flavobacteriaceae	Leeuwenhoekiella	Leeuwenhoekiella sp000733945	3672893	129560	3.5274645899022925	experimental
19759	JPOL01000002	1841012	1857426		puldb		false	Bacteria	Bacteroidota	Bacteroidia	Flavobacteriales	Flavobacteriaceae	Leeuwenhoekiella	Leeuwenhoekiella sp000733945	3672893	129560	3.5274645899022925	experimental
19760	JPOL01000002	3220310	3260023		puldb		false	Bacteria	Bacteroidota	Bacteroidia	Flavobacteriales	Flavobacteriaceae	Leeuwenhoekiella	Leeuwenhoekiella sp000733945	3672893	129560	3.5274645899022925	experimental
19761	JPOL01000003	83824	112265		puldb		false	Bacteria	Bacteroidota	Bacteroidia	Flavobacteriales	Flavobacteriaceae	Leeuwenhoekiella	Leeuwenhoekiella sp000733945	361944	28441	7.857845412550008	experimental
PUL0413	JQ844187	25	31062	1181542	dbcan		false								31215	31037	99.42976133269262	experimental
cblaster_PUL0700	JUET01000139	787	16685	28112	cblaster		false	Bacteria	Bacteroidota	Bacteroidia	Bacteroidales	Tannerellaceae	Tannerella	Tannerella forsythia	112114	31293	27.911768378614624	experimental
PUL0244	JUET01000139	87387	102782	28112	dbcan		false	Bacteria	Bacteroidota	Bacteroidia	Bacteroidales	Tannerellaceae	Tannerella	Tannerella forsythia	112114	31293	27.911768378614624	experimental
PUL0227	JX087428	0	18201	44256	dbcan		false	Bacteria	Bacillota	Thermoanaerobacteria	Thermoanaerobacterales	Caldanaerobiaceae	Caldanaerobius	Caldanaerobius polysaccharolyticus	18410	18201	98.8647474198805	experimental
PUL0239	JX424618	10820	37418	1231727	dbcan		false	Bacteria	Bacteroidota	Bacteroidia	Bacteroidales	Bacteroidaceae	Prevotella	Prevotella bryantii	37675	26598	70.5985401459854	experimental
PUL0240	JX424621	4621	24098	1231728	dbcan		false								37939	19477	51.33767363399141	experimental
PUL0241	JX424622	7409	20096	1231729	dbcan		false								49907	12687	25.4212835874727	experimental
PUL0242	JX424627	4542	17611	1231730	dbcan		false								22810	13069	57.29504603244191	experimental
PUL0243	JX424628	13465	32307	1231731	dbcan		false	Bacteria	Bacteroidota	Bacteroidia	Bacteroidales	Bacteroidaceae	Prevotella	Prevotella sp902788605	32307	18842	58.32172594174637	experimental
PUL0221	KC246798	14700	34417	1393449	dbcan		false								35040	19717	56.26997716894977	experimental
PUL0222	KC246824	16752	27980	1393527	dbcan		false								27980	11228	40.12866333095068	experimental
PUL0006	KF840174	236	13867	1422	dbcan		false	Bacteria	Bacillota	Bacilli	Bacillales	Anoxybacillaceae	Geobacillus	Geobacillus stearothermophilus_A	14067	13631	96.90054738039383	experimental
PUL0030	KU644713	1	16598	122631	dbcan		false	Bacteria	Bacillota	Bacilli	Bacillales_H	Salisediminibacteriaceae	Salipaludibacillus	Salipaludibacillus agaradhaerens	16598	16597	99.99397517773225	experimental
PUL0007	LN890332	5399	15957	1244	dbcan		false								35714	10558	29.56263650109201	experimental
PUL0475	LN997842	3957983	3965681	1926	dbcan		false	Bacteria	Actinomycetota	Actinomycetes	Streptomycetales	Streptomycetaceae	Streptomyces	Streptomyces tricolor	8353915	12397	0.14839748788442306	experimental
cblaster_PUL0588	LN997842	7410227	7414926	1926	cblaster		false	Bacteria	Actinomycetota	Actinomycetes	Streptomycetales	Streptomycetaceae	Streptomyces	Streptomyces tricolor	8353915	12397	0.14839748788442306	experimental
PUL0107_cblaster_PUL0113	LR131275	175	27831	77133	dbcan_cblaster	merged	false	Bacteria	Bacillota	Clostridia	Oscillospirales	Ruminococcaceae	Faecalibacterium	Faecalibacterium duncaniae	27897	27656	99.13610782521418	experimental
PUL0094	LR131279	41	41664	77133	dbcan		false	Bacteria	Bacteroidota	Bacteroidia	Bacteroidales	Bacteroidaceae	Phocaeicola	Phocaeicola vulgatus	41855	41623	99.44570541153983	experimental
PUL0105_PUL0103_cblaster_PUL0098_cblaster_PUL0101	LR131284	577	44510	77133	dbcan_cblaster_cblaster	merged	false	Bacteria	Bacteroidota	Bacteroidia	Bacteroidales	Bacteroidaceae	Phocaeicola	Phocaeicola plebeius	44544	43933	98.62832255747126	experimental
PUL0126	LR136958	1950044	1962304	2358187	dbcan		false	Bacteria	Pseudomonadota	Gammaproteobacteria	Enterobacterales	Alteromonadaceae	Alteromonas	Alteromonas naphthalenivorans	4731105	39283	0.8303134257218979	experimental
PUL0127	LR136958	3936797	3956397	2358187	dbcan		false	Bacteria	Pseudomonadota	Gammaproteobacteria	Enterobacterales	Alteromonadaceae	Alteromonas	Alteromonas naphthalenivorans	4731105	39283	0.8303134257218979	experimental
cblaster_PUL0403	LR136958	4697485	4704908	2358187	cblaster		false	Bacteria	Pseudomonadota	Gammaproteobacteria	Enterobacterales	Alteromonadaceae	Alteromonas	Alteromonas naphthalenivorans	4731105	39283	0.8303134257218979	experimental
PUL0112_PUL0106	LR594814	6931	42882	77133	dbcan	merged	true	Bacteria	Bacteroidota	Bacteroidia	Bacteroidales	Bacteroidaceae	Phocaeicola	Phocaeicola plebeius	42594	35951	84.40390665351927	experimental
24087	LT629745	1394780	1414040		puldb		false	Bacteria	Bacteroidota	Bacteroidia	Flavobacteriales	Flavobacteriaceae	Christiangramia	Christiangramia echinicola	3545181	19260	0.5432726848079125	experimental
PUL0334	LT674124	1	40228	77133	dbcan		false								40408	40227	99.55206889724806	experimental
PUL0340	LT674130	36	29087	77133	dbcan		false	Bacteria	Bacillota	Clostridia	Lachnospirales	Lachnospiraceae	Lachnospira	Lachnospira eligens	29180	29051	99.55791638108293	experimental
PUL0341	LT674131	1	35638	77133	dbcan		false								35820	35637	99.48911222780569	experimental
PUL0049	LT796702	173	31111	1861841	dbcan		false								31149	30938	99.32261067771036	experimental
PUL0050	LT796703	70	23956	1861841	dbcan		false								24131	23886	98.98470846628818	experimental
PUL0150	LT965928	1244357	1267465	227	dbcan		false	Bacteria	Pseudomonadota	Gammaproteobacteria	Enterobacterales	Alteromonadaceae	Pseudoalteromonas	Pseudoalteromonas carrageenovora	3620649	23108	0.6382281187709717	experimental
PUL0135	MH687413	1	27138	53249	dbcan		false	Bacteria	Pseudomonadota	Gammaproteobacteria	Enterobacterales	Alteromonadaceae	Pseudoalteromonas	Pseudoalteromonas fuliginea	27138	27137	99.99631513007591	experimental
PUL0012	NC_002505	642814	661623	666	dbcan		false	Bacteria	Pseudomonadota	Gammaproteobacteria	Enterobacterales	Vibrionaceae	Vibrio	Vibrio cholerae	2961149	31644	1.0686392342972273	experimental
PUL0579	NC_002505	1058502	1062895	666	dbcan		false	Bacteria	Pseudomonadota	Gammaproteobacteria	Enterobacterales	Vibrionaceae	Vibrio	Vibrio cholerae	2961149	31644	1.0686392342972273	experimental
PUL0381	NC_002505	1355388	1361117	666	dbcan		false	Bacteria	Pseudomonadota	Gammaproteobacteria	Enterobacterales	Vibrionaceae	Vibrio	Vibrio cholerae	2961149	31644	1.0686392342972273	experimental
PUL0580	NC_002505	1930173	1932886	666	dbcan		false	Bacteria	Pseudomonadota	Gammaproteobacteria	Enterobacterales	Vibrionaceae	Vibrio	Vibrio cholerae	2961149	31644	1.0686392342972273	experimental
PUL0574	NC_002737	1312429	1324390	1314	dbcan		false	Bacteria	Bacillota	Bacilli	Lactobacillales	Streptococcaceae	Streptococcus	Streptococcus pyogenes	1852433	11961	0.6456913691345382	experimental
cblaster_PUL0387	NC_003919	845032	853970	346	cblaster		false	Bacteria	Pseudomonadota	Gammaproteobacteria	Xanthomonadales	Xanthomonadaceae	Xanthomonas	Xanthomonas cissicola	5175554	113130	2.1858529540992135	experimental
PUL0702	NC_003919	2024740	2042333	346	dbcan		false	Bacteria	Pseudomonadota	Gammaproteobacteria	Xanthomonadales	Xanthomonadaceae	Xanthomonas	Xanthomonas cissicola	5175554	113130	2.1858529540992135	experimental
cblaster_PUL0169	NC_003919	2967982	2988543	346	cblaster		false	Bacteria	Pseudomonadota	Gammaproteobacteria	Xanthomonadales	Xanthomonadaceae	Xanthomonas	Xanthomonas cissicola	5175554	113130	2.1858529540992135	experimental
cblaster_PUL0365_PUL0719	NC_003919	3056085	3070365	346	cblaster_dbcan	merged	false	Bacteria	Pseudomonadota	Gammaproteobacteria	Xanthomonadales	Xanthomonadaceae	Xanthomonas	Xanthomonas cissicola	5175554	113130	2.1858529540992135	experimental
cblaster_PUL0362	NC_003919	4120820	4128017	346	cblaster		false	Bacteria	Pseudomonadota	Gammaproteobacteria	Xanthomonadales	Xanthomonadaceae	Xanthomonas	Xanthomonas cissicola	5175554	113130	2.1858529540992135	experimental
PUL0701_cblaster_PUL0364	NC_003919	4984490	5029051	346	dbcan_cblaster	merged	false	Bacteria	Pseudomonadota	Gammaproteobacteria	Xanthomonadales	Xanthomonadaceae	Xanthomonas	Xanthomonas cissicola	5175554	113130	2.1858529540992135	experimental
PUL0207	NC_004368	1951803	1958763	1311	dbcan		false	Bacteria	Bacillota	Bacilli	Lactobacillales	Streptococcaceae	Streptococcus	Streptococcus agalactiae	2211485	6960	0.3147206515079234	experimental
PUL0577	NC_006370	541673	560134	74109	dbcan		false	Bacteria	Pseudomonadota	Gammaproteobacteria	Enterobacterales	Vibrionaceae	Photobacterium	Photobacterium profundum_A	4085304	18461	0.45188803574960396	experimental
PUL0331	NC_006840	662465	667978	668	dbcan		false	Bacteria	Pseudomonadota	Gammaproteobacteria	Enterobacterales	Vibrionaceae	Aliivibrio	Aliivibrio fischeri_B	2897536	19860	0.685409948314706	experimental
cblaster_PUL0012	NC_006840	2391188	2405535	668	cblaster		false	Bacteria	Pseudomonadota	Gammaproteobacteria	Enterobacterales	Vibrionaceae	Aliivibrio	Aliivibrio fischeri_B	2897536	19860	0.685409948314706	experimental
PUL0199	NC_007912	4176251	4200317	86304	dbcan		false	Bacteria	Pseudomonadota	Gammaproteobacteria	Pseudomonadales	Cellvibrionaceae	Saccharophagus	Saccharophagus degradans	5057531	24066	0.4758448341690837	experimental
cblaster_PUL0751	NC_007946	387134	393396	562	cblaster		false	Bacteria	Pseudomonadota	Gammaproteobacteria	Enterobacterales	Enterobacteriaceae	Escherichia	Escherichia coli	5065741	24821	0.4899776755266406	experimental
PUL0321	NC_007946	1676979	1683154	562	dbcan		false	Bacteria	Pseudomonadota	Gammaproteobacteria	Enterobacterales	Enterobacteriaceae	Escherichia	Escherichia coli	5065741	24821	0.4899776755266406	experimental
cblaster_PUL0571	NC_007946	1849839	1856747	562	cblaster		false	Bacteria	Pseudomonadota	Gammaproteobacteria	Enterobacterales	Enterobacteriaceae	Escherichia	Escherichia coli	5065741	24821	0.4899776755266406	experimental
cblaster_PUL0410	NC_007946	3580361	3585837	562	cblaster		false	Bacteria	Pseudomonadota	Gammaproteobacteria	Enterobacterales	Enterobacteriaceae	Escherichia	Escherichia coli	5065741	24821	0.4899776755266406	experimental
PUL0671	NC_008255	1051545	1060308	985	dbcan		false	Bacteria	Bacteroidota	Bacteroidia	Cytophagales	Cytophagaceae	Cytophaga	Cytophaga hutchinsonii	4433218	8763	0.19766679644447893	experimental
PUL0210	NC_008261	473690	487358	1502	dbcan		false	Bacteria	Bacillota	Clostridia	Clostridiales	Clostridiaceae	Sarcina	Sarcina perfringens	3256683	13668	0.4196908326662435	experimental
cblaster_PUL0679	NC_008526	551920	557730	1582	cblaster		false	Bacteria	Bacillota	Bacilli	Lactobacillales	Lactobacillaceae	Lacticaseibacillus	Lacticaseibacillus paracasei	2895264	22401	0.7737118273152293	experimental
PUL0021	NC_008526	2647312	2663903	1582	dbcan		false	Bacteria	Bacillota	Bacilli	Lactobacillales	Lactobacillaceae	Lacticaseibacillus	Lacticaseibacillus paracasei	2895264	22401	0.7737118273152293	experimental
cblaster_PUL0031	NC_008618	1419722	1424203	1680	cblaster		false	Bacteria	Actinomycetota	Actinomycetes	Actinomycetales	Bifidobacteriaceae	Bifidobacterium	Bifidobacterium adolescentis	2089645	40495	1.9378889715717262	experimental
PUL0214	NC_008618	1763016	1778475	1680	dbcan		false	Bacteria	Actinomycetota	Actinomycetes	Actinomycetales	Bifidobacteriaceae	Bifidobacterium	Bifidobacterium adolescentis	2089645	40495	1.9378889715717262	experimental
PUL0212	NC_008618	2006567	2020309	1680	dbcan		false	Bacteria	Actinomycetota	Actinomycetes	Actinomycetales	Bifidobacteriaceae	Bifidobacterium	Bifidobacterium adolescentis	2089645	40495	1.9378889715717262	experimental
PUL0213	NC_008618	2044437	2051250	1680	dbcan		false	Bacteria	Actinomycetota	Actinomycetes	Actinomycetales	Bifidobacteriaceae	Bifidobacterium	Bifidobacterium adolescentis	2089645	40495	1.9378889715717262	experimental
PUL0573	NC_010572	5564640	5570805	1911	dbcan		false	Bacteria	Actinomycetota	Actinomycetes	Streptomycetales	Streptomycetaceae	Streptomyces	Streptomyces griseus	8545929	6165	0.07213961173793978	experimental
PUL0710	NC_010655	641820	650608	239935	dbcan		false	Bacteria	Verrucomicrobiota	Verrucomicrobiia	Verrucomicrobiales	Akkermansiaceae	Akkermansia	Akkermansia muciniphila	2664102	16216	0.6086854031865147	experimental
PUL0711	NC_010655	1310567	1317995	239935	dbcan		false	Bacteria	Verrucomicrobiota	Verrucomicrobiia	Verrucomicrobiales	Akkermansiaceae	Akkermansia	Akkermansia muciniphila	2664102	16216	0.6086854031865147	experimental
cblaster_PUL0175	NC_010995	311103	316386	155077	cblaster		false	Bacteria	Pseudomonadota	Gammaproteobacteria	Pseudomonadales	Cellvibrionaceae	Cellvibrio	Cellvibrio japonicus	4576573	15552	0.33981758840075316	experimental
PUL0215	NC_010995	3175359	3185628	155077	dbcan		false	Bacteria	Pseudomonadota	Gammaproteobacteria	Pseudomonadales	Cellvibrionaceae	Cellvibrio	Cellvibrio japonicus	4576573	15552	0.33981758840075316	experimental
PUL0196	NC_010999	288852	300044	1582	dbcan		false	Bacteria	Bacillota	Bacilli	Lactobacillales	Lactobacillaceae	Lacticaseibacillus	Lacticaseibacillus paracasei	3079196	32365	1.0510860627254648	experimental
PUL0407_cblaster_PUL0153	NC_010999	723908	728489	1582	dbcan_cblaster	merged	false	Bacteria	Bacillota	Bacilli	Lactobacillales	Lactobacillaceae	Lacticaseibacillus	Lacticaseibacillus paracasei	3079196	32365	1.0510860627254648	experimental
cblaster_PUL0021	NC_010999	2812096	2828688	1582	cblaster		false	Bacteria	Bacillota	Bacilli	Lactobacillales	Lactobacillaceae	Lacticaseibacillus	Lacticaseibacillus paracasei	3079196	32365	1.0510860627254648	experimental
PUL0266	NC_012028	114293	135268	2247	dbcan		false								525943	20975	3.9880747533477963	experimental
cblaster_PUL0394_PUL0632_PUL0634	NC_012781	236958	244278	39491	cblaster_dbcan	merged	false	Bacteria	Bacillota	Clostridia	Lachnospirales	Lachnospiraceae	Agathobacter	Agathobacter rectalis	3449685	15712	0.45546187550457506	experimental
cblaster_PUL0596	NC_012781	501346	506902	39491	cblaster		false	Bacteria	Bacillota	Clostridia	Lachnospirales	Lachnospiraceae	Agathobacter	Agathobacter rectalis	3449685	15712	0.45546187550457506	experimental
cblaster_PUL0595	NC_012781	992039	994875	39491	cblaster		false	Bacteria	Bacillota	Clostridia	Lachnospirales	Lachnospiraceae	Agathobacter	Agathobacter rectalis	3449685	15712	0.45546187550457506	experimental
PUL0349	NC_013192	1609965	1613940	40542	dbcan		false	Bacteria	Fusobacteriota	Fusobacteriia	Fusobacteriales	Leptotrichiaceae	Leptotrichia	Leptotrichia buccalis	2465610	3975	0.16121771083017997	experimental
cblaster_PUL0241	NC_014033	3035726	3048451	839	cblaster		false	Bacteria	Bacteroidota	Bacteroidia	Bacteroidales	Bacteroidaceae	Prevotella	Prevotella ruminicola	3619559	25560	0.7061633751515033	experimental
PUL0342	NC_014033	3346598	3359433	839	dbcan		false	Bacteria	Bacteroidota	Bacteroidia	Bacteroidales	Bacteroidaceae	Prevotella	Prevotella ruminicola	3619559	25560	0.7061633751515033	experimental
cblaster_PUL0732_PUL0730	NC_014934	473913	500825	59600	cblaster_dbcan	merged	false	Bacteria	Bacteroidota	Bacteroidia	Flavobacteriales	Flavobacteriaceae	Cellulophaga	Cellulophaga algicola	4888353	26912	0.5505330732048197	experimental
cblaster_PUL0032	NC_015067	137700	142189	216816	cblaster		false	Bacteria	Actinomycetota	Actinomycetes	Actinomycetales	Bifidobacteriaceae	Bifidobacterium	Bifidobacterium longum	2385164	123753	5.188448257646015	experimental
PUL0720	NC_015067	266861	284077	216816	dbcan		false	Bacteria	Actinomycetota	Actinomycetes	Actinomycetales	Bifidobacteriaceae	Bifidobacterium	Bifidobacterium longum	2385164	123753	5.188448257646015	experimental
cblaster_PUL0285	NC_015067	567931	579571	216816	cblaster		false	Bacteria	Actinomycetota	Actinomycetes	Actinomycetales	Bifidobacteriaceae	Bifidobacterium	Bifidobacterium longum	2385164	123753	5.188448257646015	experimental
cblaster_PUL0031	NC_015067	1586203	1590362	216816	cblaster		false	Bacteria	Actinomycetota	Actinomycetes	Actinomycetales	Bifidobacteriaceae	Bifidobacterium	Bifidobacterium longum	2385164	123753	5.188448257646015	experimental
cblaster_PUL0576	NC_015067	1930178	1940121	216816	cblaster		false	Bacteria	Actinomycetota	Actinomycetes	Actinomycetales	Bifidobacteriaceae	Bifidobacterium	Bifidobacterium longum	2385164	123753	5.188448257646015	experimental
PUL0029_cblaster_PUL0295	NC_015067	2209677	2271573	216816	dbcan_cblaster	merged	false	Bacteria	Actinomycetota	Actinomycetes	Actinomycetales	Bifidobacteriaceae	Bifidobacterium	Bifidobacterium longum	2385164	123753	5.188448257646015	experimental
cblaster_PUL0233	NC_015067	2300611	2307473	216816	cblaster		false	Bacteria	Actinomycetota	Actinomycetes	Actinomycetales	Bifidobacteriaceae	Bifidobacterium	Bifidobacterium longum	2385164	123753	5.188448257646015	experimental
cblaster_PUL0232	NC_015067	2312659	2320207	216816	cblaster		false	Bacteria	Actinomycetota	Actinomycetes	Actinomycetales	Bifidobacteriaceae	Bifidobacterium	Bifidobacterium longum	2385164	123753	5.188448257646015	experimental
PUL0608	NC_015977	885483	897323	301301	dbcan		false	Bacteria	Bacillota	Clostridia	Lachnospirales	Lachnospiraceae	Roseburia	Roseburia hominis	3592125	31254	0.8700699446706337	experimental
PUL0699	NC_015977	2480616	2500030	585394	dbcan		false	Bacteria	Bacillota	Clostridia	Lachnospirales	Lachnospiraceae	Roseburia	Roseburia hominis	3592125	31254	0.8700699446706337	experimental
9088	NC_016610	2353086	2370434		puldb		false	Bacteria	Bacteroidota	Bacteroidia	Bacteroidales	Tannerellaceae	Tannerella	Tannerella forsythia	3405521	33250	0.9763557470354757	experimental
PUL0700	NC_016610	2445130	2461032	203275	dbcan		false	Bacteria	Bacteroidota	Bacteroidia	Bacteroidales	Tannerellaceae	Tannerella	Tannerella forsythia	3405521	33250	0.9763557470354757	experimental
PUL0269	NC_017943	25887	44810	2252	dbcan		false								321908	18923	5.878387613852405	experimental
PUL0729	NC_020238	5336873	5346552	1428	dbcan		false	Bacteria	Bacillota	Bacilli	Bacillales	Bacillaceae_G	Bacillus_A	Bacillus_A cereus	5646799	9679	0.17140684483368365	experimental
PUL0659	NC_021020	989705	995264	853	dbcan		false	Bacteria	Bacillota	Clostridia	Oscillospirales	Ruminococcaceae	Faecalibacterium	Faecalibacterium prausnitzii	3214418	23132	0.7196326053425535	experimental
PUL0658	NC_021020	1747686	1765259	853	dbcan		false	Bacteria	Bacillota	Clostridia	Oscillospirales	Ruminococcaceae	Faecalibacterium	Faecalibacterium prausnitzii	3214418	23132	0.7196326053425535	experimental
PUL0725	NZGN01000053	366	10437	2024839	dbcan		false	Bacteria	Pseudomonadota	Alphaproteobacteria	Rhodobacterales	Rhodobacteraceae	Salinivivens	Salinivivens sp002691045	14394	10071	69.96665277198832	experimental
PUL0028	NZ_AAYG02000020	134626	149292	33038	dbcan		false	Bacteria	Bacillota	Clostridia	Lachnospirales	Lachnospiraceae	Ruminococcus_B	Ruminococcus_B gnavus	167462	14666	8.757807741457764	experimental
3602_PUL0225	NZ_ABQC02000019	71558	133837	310297	puldb_dbcan	merged	false	Bacteria	Bacteroidota	Bacteroidia	Bacteroidales	Bacteroidaceae	Phocaeicola	Phocaeicola plebeius	760260	62279	8.19180280430379	experimental
PUL0609	NZ_ACFY01000084	45466	61920	360807	dbcan		false	Bacteria	Bacillota	Clostridia	Lachnospirales	Lachnospiraceae	Roseburia	Roseburia inulinivorans	110525	16454	14.887129608685818	experimental
PUL0394_PUL0632	NZ_ACFY01000156	29140	36513	360807	dbcan	merged	false	Bacteria	Bacillota	Clostridia	Lachnospirales	Lachnospiraceae	Roseburia	Roseburia inulinivorans	7858	7373	93.82794604224993	experimental
cblaster_PUL0720	NZ_AP012330	163873	170871	28026	cblaster		false	Bacteria	Actinomycetota	Actinomycetes	Actinomycetales	Bifidobacteriaceae	Bifidobacterium	Bifidobacterium pseudocatenulatum	2313752	44715	1.9325753148997817	experimental
cblaster_PUL0792	NZ_AP012330	551964	571315	28026	cblaster		false	Bacteria	Actinomycetota	Actinomycetes	Actinomycetales	Bifidobacteriaceae	Bifidobacterium	Bifidobacterium pseudocatenulatum	2313752	44715	1.9325753148997817	experimental
cblaster_PUL0031	NZ_AP012330	1589102	1593462	28026	cblaster		false	Bacteria	Actinomycetota	Actinomycetes	Actinomycetales	Bifidobacteriaceae	Bifidobacterium	Bifidobacterium pseudocatenulatum	2313752	44715	1.9325753148997817	experimental
cblaster_PUL0367	NZ_AP012330	1894973	1899315	28026	cblaster		false	Bacteria	Actinomycetota	Actinomycetes	Actinomycetales	Bifidobacteriaceae	Bifidobacterium	Bifidobacterium pseudocatenulatum	2313752	44715	1.9325753148997817	experimental
PUL0673_cblaster_PUL0740	NZ_AP012330	2208139	2217803	28026	dbcan_cblaster	merged	false	Bacteria	Actinomycetota	Actinomycetes	Actinomycetales	Bifidobacteriaceae	Bifidobacterium	Bifidobacterium pseudocatenulatum	2313752	44715	1.9325753148997817	experimental
PUL0650	NZ_AP022379	35557	47456	216816	dbcan		false	Bacteria	Actinomycetota	Actinomycetes	Actinomycetales	Bifidobacteriaceae	Bifidobacterium	Bifidobacterium longum	2273627	117269	5.157794132458842	experimental
cblaster_PUL0032	NZ_AP022379	127929	132418	216816	cblaster		false	Bacteria	Actinomycetota	Actinomycetes	Actinomycetales	Bifidobacteriaceae	Bifidobacterium	Bifidobacterium longum	2273627	117269	5.157794132458842	experimental
cblaster_PUL0720	NZ_AP022379	253173	270382	216816	cblaster		false	Bacteria	Actinomycetota	Actinomycetes	Actinomycetales	Bifidobacteriaceae	Bifidobacterium	Bifidobacterium longum	2273627	117269	5.157794132458842	experimental
cblaster_PUL0285	NZ_AP022379	575758	587419	216816	cblaster		false	Bacteria	Actinomycetota	Actinomycetes	Actinomycetales	Bifidobacteriaceae	Bifidobacterium	Bifidobacterium longum	2273627	117269	5.157794132458842	experimental
cblaster_PUL0031	NZ_AP022379	1473983	1478142	216816	cblaster		false	Bacteria	Actinomycetota	Actinomycetes	Actinomycetales	Bifidobacteriaceae	Bifidobacterium	Bifidobacterium longum	2273627	117269	5.157794132458842	experimental
cblaster_PUL0576	NZ_AP022379	1815259	1825202	216816	cblaster		false	Bacteria	Actinomycetota	Actinomycetes	Actinomycetales	Bifidobacteriaceae	Bifidobacterium	Bifidobacterium longum	2273627	117269	5.157794132458842	experimental
cblaster_PUL0029_cblaster_PUL0295	NZ_AP022379	2122713	2166213	216816	cblaster	merged	false	Bacteria	Actinomycetota	Actinomycetes	Actinomycetales	Bifidobacteriaceae	Bifidobacterium	Bifidobacterium longum	2273627	117269	5.157794132458842	experimental
cblaster_PUL0233	NZ_AP022379	2185042	2191903	216816	cblaster		false	Bacteria	Actinomycetota	Actinomycetes	Actinomycetales	Bifidobacteriaceae	Bifidobacterium	Bifidobacterium longum	2273627	117269	5.157794132458842	experimental
cblaster_PUL0232	NZ_AP022379	2197089	2204637	216816	cblaster		false	Bacteria	Actinomycetota	Actinomycetes	Actinomycetales	Bifidobacteriaceae	Bifidobacterium	Bifidobacterium longum	2273627	117269	5.157794132458842	experimental
PUL0635	NZ_BLYL01000002	70950	76292	33043	dbcan		false	Bacteria	Bacillota	Clostridia	Lachnospirales	Lachnospiraceae	Coprococcus	Coprococcus aceti	261617	5342	2.041916236330208	experimental
PUL0636	NZ_BLYL01000009	14990	22272	33043	dbcan		false	Bacteria	Bacillota	Clostridia	Lachnospirales	Lachnospiraceae	Coprococcus	Coprococcus aceti	141654	7282	5.140694932723396	experimental
PUL0755	NZ_BTHI01000008	50227	64778	418240	dbcan		false	Bacteria	Bacillota	Clostridia	Lachnospirales	Lachnospiraceae	Blautia_A	Blautia_A wexlerae_B	135822	14551	10.71328650734049	experimental
PUL0654	NZ_CAJQES010000007	56564	116108	320912	dbcan		false	Bacteria	Bacteroidota	Bacteroidia	Flavobacteriales	Flavobacteriaceae	Maribacter	Maribacter dokdonensis	132542	59544	44.92462766519292	experimental
PUL0655	NZ_CAJQES010000017	10692	25936	320912	dbcan		false	Bacteria	Bacteroidota	Bacteroidia	Flavobacteriales	Flavobacteriaceae	Maribacter	Maribacter dokdonensis	80886	15244	18.84627747694286	experimental
PUL0327	NZ_CAWH010000143	18754	27639	1351	dbcan		false	Bacteria	Bacillota	Bacilli	Lactobacillales	Enterococcaceae	Enterococcus	Enterococcus faecalis	54473	8885	16.31083288968847	experimental
PUL0777	NZ_CAWLDM010000001	825302	866107	445327	dbcan		false	Bacteria	Planctomycetota	Planctomycetia	Pirellulales	Pirellulaceae	Rhodopirellula	Rhodopirellula lusitana	7962739	288137	3.618566425447324	experimental
PUL0778	NZ_CAWLDM010000001	1354823	1382854	445327	dbcan		false	Bacteria	Planctomycetota	Planctomycetia	Pirellulales	Pirellulaceae	Rhodopirellula	Rhodopirellula lusitana	7962739	288137	3.618566425447324	experimental
PUL0779	NZ_CAWLDM010000001	1497165	1524265	445327	dbcan		false	Bacteria	Planctomycetota	Planctomycetia	Pirellulales	Pirellulaceae	Rhodopirellula	Rhodopirellula lusitana	7962739	288137	3.618566425447324	experimental
PUL0780	NZ_CAWLDM010000001	2673596	2721482	445327	dbcan		false	Bacteria	Planctomycetota	Planctomycetia	Pirellulales	Pirellulaceae	Rhodopirellula	Rhodopirellula lusitana	7962739	288137	3.618566425447324	experimental
PUL0781	NZ_CAWLDM010000001	4971656	5000661	445327	dbcan		false	Bacteria	Planctomycetota	Planctomycetia	Pirellulales	Pirellulaceae	Rhodopirellula	Rhodopirellula lusitana	7962739	288137	3.618566425447324	experimental
PUL0782	NZ_CAWLDM010000001	5325807	5350204	445327	dbcan		false	Bacteria	Planctomycetota	Planctomycetia	Pirellulales	Pirellulaceae	Rhodopirellula	Rhodopirellula lusitana	7962739	288137	3.618566425447324	experimental
PUL0783	NZ_CAWLDM010000001	6350456	6389301	445327	dbcan		false	Bacteria	Planctomycetota	Planctomycetia	Pirellulales	Pirellulaceae	Rhodopirellula	Rhodopirellula lusitana	7962739	288137	3.618566425447324	experimental
PUL0784	NZ_CAWLDM010000001	6897268	6909411	445327	dbcan		false	Bacteria	Planctomycetota	Planctomycetia	Pirellulales	Pirellulaceae	Rhodopirellula	Rhodopirellula lusitana	7962739	288137	3.618566425447324	experimental
PUL0785	NZ_CAWLDM010000001	7257044	7296969	445327	dbcan		false	Bacteria	Planctomycetota	Planctomycetia	Pirellulales	Pirellulaceae	Rhodopirellula	Rhodopirellula lusitana	7962739	288137	3.618566425447324	experimental
cblaster_21137	NZ_CP009976	673497	684533	76594	cblaster		false	Bacteria	Bacteroidota	Bacteroidia	Flavobacteriales	Flavobacteriaceae	Cellulophaga	Cellulophaga baltica	4635105	39744	0.8574563035788834	experimental
PUL0732_cblaster_PUL0730	NZ_CP009976	4522759	4551467	76594	dbcan_cblaster	merged	false	Bacteria	Bacteroidota	Bacteroidia	Flavobacteriales	Flavobacteriaceae	Cellulophaga	Cellulophaga baltica	4635105	39744	0.8574563035788834	experimental
PUL0568	NZ_CP010086	6311368	6316315	1520	dbcan		false	Bacteria	Bacillota	Clostridia	Clostridiales	Clostridiaceae	Clostridium	Clostridium beijerinckii	6485394	4947	0.07627909730696393	experimental
PUL0607	NZ_CP014224	1677698	1717015	1790137	dbcan		false	Bacteria	Bacteroidota	Bacteroidia	Flavobacteriales	Flavobacteriaceae	Wenyingzhuangia	Wenyingzhuangia fucanilytica	3427057	109007	3.180775808514419	experimental
PUL0727	NZ_CP014224	1788619	1841724	1790137	dbcan		false	Bacteria	Bacteroidota	Bacteroidia	Flavobacteriales	Flavobacteriaceae	Wenyingzhuangia	Wenyingzhuangia fucanilytica	3427057	109007	3.180775808514419	experimental
PUL0715	NZ_CP014224	2761835	2778420	1790137	dbcan		false	Bacteria	Bacteroidota	Bacteroidia	Flavobacteriales	Flavobacteriaceae	Wenyingzhuangia	Wenyingzhuangia fucanilytica	3427057	109007	3.180775808514419	experimental
PUL0684	NZ_CP016797	2087543	2092403	1580	dbcan		false	Bacteria	Bacillota	Bacilli	Lactobacillales	Lactobacillaceae	Levilactobacillus	Levilactobacillus brevis	2488939	4860	0.19526392571292425	experimental
cblaster_PUL0268	NZ_CP020030	763155	769267	33940	cblaster		false	Bacteria	Bacillota	Bacilli	Bacillales	Anoxybacillaceae	Geobacillus	Geobacillus thermodenitrificans	3640707	92870	2.550878167344969	experimental
cblaster_PUL0583	NZ_CP020030	1367495	1373087	33940	cblaster		false	Bacteria	Bacillota	Bacilli	Bacillales	Anoxybacillaceae	Geobacillus	Geobacillus thermodenitrificans	3640707	92870	2.550878167344969	experimental
cblaster_PUL0602_cblaster_PUL0542_PUL0010	NZ_CP020030	1946332	2001314	33940	cblaster_dbcan	merged	false	Bacteria	Bacillota	Bacilli	Bacillales	Anoxybacillaceae	Geobacillus	Geobacillus thermodenitrificans	3640707	92870	2.550878167344969	experimental
PUL0014	NZ_CP020030	2035523	2046640	33940	dbcan		false	Bacteria	Bacillota	Bacilli	Bacillales	Anoxybacillaceae	Geobacillus	Geobacillus thermodenitrificans	3640707	92870	2.550878167344969	experimental
cblaster_PUL0006	NZ_CP020030	3267676	3282743	33940	cblaster		false	Bacteria	Bacillota	Bacilli	Bacillales	Anoxybacillaceae	Geobacillus	Geobacillus thermodenitrificans	3640707	92870	2.550878167344969	experimental
PUL0753	NZ_CP022413	515673	529175	1322	dbcan		false	Bacteria	Bacillota	Clostridia	Lachnospirales	Lachnospiraceae	Blautia	Blautia hansenii	3065949	13502	0.44038566851568633	experimental
PUL0637	NZ_CP022479	1869091	1875620	853	dbcan		false	Bacteria	Bacillota	Clostridia	Oscillospirales	Ruminococcaceae	Faecalibacterium	Faecalibacterium duncaniae	3110044	32704	1.051560685315063	experimental
cblaster_PUL0107_PUL0113	NZ_CP022479	2470854	2497029	853	cblaster_dbcan	merged	false	Bacteria	Bacillota	Clostridia	Oscillospirales	Ruminococcaceae	Faecalibacterium	Faecalibacterium duncaniae	3110044	32704	1.051560685315063	experimental
cblaster_27824	NZ_CP046176	1709663	1714601	357276	cblaster		false	Bacteria	Bacteroidota	Bacteroidia	Bacteroidales	Bacteroidaceae	Phocaeicola	Phocaeicola dorei	832081	98617	11.85185096162513	experimental
cblaster_PUL0091_PUL0092_PUL0721	NZ_CP046176	3701355	3728620	357276	cblaster_dbcan	merged	false	Bacteria	Bacteroidota	Bacteroidia	Bacteroidales	Bacteroidaceae	Phocaeicola	Phocaeicola dorei	832081	98617	11.85185096162513	experimental
PUL0662	NZ_CP046176	3797500	3812868	357276	dbcan		false	Bacteria	Bacteroidota	Bacteroidia	Bacteroidales	Bacteroidaceae	Phocaeicola	Phocaeicola dorei	832081	98617	11.85185096162513	experimental
cblaster_PUL0687	NZ_CP046176	3865340	3876133	357276	cblaster		false	Bacteria	Bacteroidota	Bacteroidia	Bacteroidales	Bacteroidaceae	Phocaeicola	Phocaeicola dorei	832081	98617	11.85185096162513	experimental
cblaster_PUL0724_PUL0723	NZ_CP046176	4092287	4124046	357276	cblaster_dbcan	merged	false	Bacteria	Bacteroidota	Bacteroidia	Bacteroidales	Bacteroidaceae	Phocaeicola	Phocaeicola dorei	832081	98617	11.85185096162513	experimental
cblaster_298	NZ_CP046176	4616401	4621630	357276	cblaster		false	Bacteria	Bacteroidota	Bacteroidia	Bacteroidales	Bacteroidaceae	Phocaeicola	Phocaeicola dorei	832081	98617	11.85185096162513	experimental
cblaster_PUL0667	NZ_CP046176	4667219	4670484	357276	cblaster		false	Bacteria	Bacteroidota	Bacteroidia	Bacteroidales	Bacteroidaceae	Phocaeicola	Phocaeicola dorei	832081	98617	11.85185096162513	experimental
PUL0631	NZ_CP060437	182863	192114	1537215	dbcan		false	Bacteria	Pseudomonadota	Alphaproteobacteria	Rhodobacterales	Rhodobacteraceae	Pseudooceanicola	Pseudooceanicola algae	202410	9251	4.570426362333877	experimental
PUL0722	NZ_CP074436	2331852	2376746	2806551	dbcan		false	Bacteria	Bacteroidota	Bacteroidia	Flavobacteriales	Flavobacteriaceae	Polaribacter	Polaribacter sp016858305	4423854	44894	1.0148164925876848	experimental
cblaster_PUL0720	NZ_CP079235	160846	167828	28026	cblaster		false	Bacteria	Actinomycetota	Actinomycetes	Actinomycetales	Bifidobacteriaceae	Bifidobacterium	Bifidobacterium pseudocatenulatum	2316707	39243	1.6939129548967564	experimental
PUL0792	NZ_CP079235	549827	573387	28026	dbcan		false	Bacteria	Actinomycetota	Actinomycetes	Actinomycetales	Bifidobacteriaceae	Bifidobacterium	Bifidobacterium pseudocatenulatum	2316707	39243	1.6939129548967564	experimental
cblaster_PUL0031	NZ_CP079235	1674724	1679083	28026	cblaster		false	Bacteria	Actinomycetota	Actinomycetes	Actinomycetales	Bifidobacteriaceae	Bifidobacterium	Bifidobacterium pseudocatenulatum	2316707	39243	1.6939129548967564	experimental
cblaster_PUL0367	NZ_CP079235	1949247	1953589	28026	cblaster		false	Bacteria	Actinomycetota	Actinomycetes	Actinomycetales	Bifidobacteriaceae	Bifidobacterium	Bifidobacterium pseudocatenulatum	2316707	39243	1.6939129548967564	experimental
PUL0752	NZ_CP084061	2698236	2712112	2877527	dbcan		false	Bacteria	Bacillota	Clostridia	Lachnospirales	Lachnospiraceae	Blautia	Blautia celeris	6247046	13876	0.22212098326152874	experimental
PUL0691	NZ_CP090614	182893	204524	28169	dbcan		false	Bacteria	Pseudomonadota	Gammaproteobacteria	Enterobacterales	Vibrionaceae	Vibrio	Vibrio pelagius	3057872	46111	1.5079440866066336	experimental
cblaster_PUL0012	NZ_CP090614	2159272	2179361	28169	cblaster		false	Bacteria	Pseudomonadota	Gammaproteobacteria	Enterobacterales	Vibrionaceae	Vibrio	Vibrio pelagius	3057872	46111	1.5079440866066336	experimental
cblaster_PUL0579	NZ_CP090614	2425828	2430219	28169	cblaster		false	Bacteria	Pseudomonadota	Gammaproteobacteria	Enterobacterales	Vibrionaceae	Vibrio	Vibrio pelagius	3057872	46111	1.5079440866066336	experimental
PUL0692	NZ_CP090615	881004	916339	28169	dbcan		false	Bacteria	Pseudomonadota	Gammaproteobacteria	Enterobacterales	Vibrionaceae	Vibrio	Vibrio pelagius	1309572	35335	2.698209796788569	experimental
PUL0693	NZ_CP090616	203954	225503	28169	dbcan		false	Bacteria	Pseudomonadota	Gammaproteobacteria	Enterobacterales	Vibrionaceae	Vibrio	Vibrio pelagius	241480	21549	8.923720390922643	experimental
PUL0703	NZ_CP098511	2147167	2215680	2949996	dbcan		false	Bacteria	Bacteroidota	Bacteroidia	Flavobacteriales	Flavobacteriaceae	Aquimarina	Aquimarina sp026222555	4431522	68513	1.5460376818618975	experimental
PUL0764	NZ_CP102288	2782	11969	537011	dbcan		false	Bacteria	Bacteroidota	Bacteroidia	Bacteroidales	Bacteroidaceae	Prevotella	Prevotella copri	3325514	211696	6.3658129239570185	experimental
PUL0765	NZ_CP102288	24235	42294	537011	dbcan		false	Bacteria	Bacteroidota	Bacteroidia	Bacteroidales	Bacteroidaceae	Prevotella	Prevotella copri	3325514	211696	6.3658129239570185	experimental
PUL0750	NZ_CP102288	243976	266452	165179	dbcan		false	Bacteria	Bacteroidota	Bacteroidia	Bacteroidales	Bacteroidaceae	Prevotella	Prevotella copri	3325514	211696	6.3658129239570185	experimental
PUL0759	NZ_CP102288	355831	365545	537011	dbcan		false	Bacteria	Bacteroidota	Bacteroidia	Bacteroidales	Bacteroidaceae	Prevotella	Prevotella copri	3325514	211696	6.3658129239570185	experimental
PUL0767	NZ_CP102288	434338	466766	537011	dbcan		false	Bacteria	Bacteroidota	Bacteroidia	Bacteroidales	Bacteroidaceae	Prevotella	Prevotella copri	3325514	211696	6.3658129239570185	experimental
PUL0760	NZ_CP102288	546421	560634	537011	dbcan		false	Bacteria	Bacteroidota	Bacteroidia	Bacteroidales	Bacteroidaceae	Prevotella	Prevotella copri	3325514	211696	6.3658129239570185	experimental
PUL0770	NZ_CP102288	864253	876017	537011	dbcan		false	Bacteria	Bacteroidota	Bacteroidia	Bacteroidales	Bacteroidaceae	Prevotella	Prevotella copri	3325514	211696	6.3658129239570185	experimental
PUL0766	NZ_CP102288	2366674	2377238	537011	dbcan		false	Bacteria	Bacteroidota	Bacteroidia	Bacteroidales	Bacteroidaceae	Prevotella	Prevotella copri	3325514	211696	6.3658129239570185	experimental
PUL0769	NZ_CP102288	2453316	2471587	537011	dbcan		false	Bacteria	Bacteroidota	Bacteroidia	Bacteroidales	Bacteroidaceae	Prevotella	Prevotella copri	3325514	211696	6.3658129239570185	experimental
PUL0761	NZ_CP102288	3016180	3034875	537011	dbcan		false	Bacteria	Bacteroidota	Bacteroidia	Bacteroidales	Bacteroidaceae	Prevotella	Prevotella copri	3325514	211696	6.3658129239570185	experimental
PUL0768	NZ_CP102288	3094181	3109415	537011	dbcan		false	Bacteria	Bacteroidota	Bacteroidia	Bacteroidales	Bacteroidaceae	Prevotella	Prevotella copri	3325514	211696	6.3658129239570185	experimental
PUL0762	NZ_CP102288	3278053	3299246	537011	dbcan		false	Bacteria	Bacteroidota	Bacteroidia	Bacteroidales	Bacteroidaceae	Prevotella	Prevotella copri	3325514	211696	6.3658129239570185	experimental
PUL0763	NZ_CP102288	3309626	3319524	537011	dbcan		false	Bacteria	Bacteroidota	Bacteroidia	Bacteroidales	Bacteroidaceae	Prevotella	Prevotella copri	3325514	211696	6.3658129239570185	experimental
PUL0641	NZ_DS499729	73694	81982	105841	dbcan		false	Bacteria	Bacillota	Clostridia	Lachnospirales	Lachnospiraceae	Anaerostipes	Anaerostipes caccae	107816	8288	7.687170735326853	experimental
PUL0664	NZ_DS990119	268931	297885	310297	dbcan		false	Bacteria	Bacteroidota	Bacteroidia	Bacteroidales	Bacteroidaceae	Phocaeicola	Phocaeicola plebeius	571288	28954	5.068196776406996	experimental
PUL0663	NZ_DS990123	30514	46197	310297	dbcan		false	Bacteria	Bacteroidota	Bacteroidia	Bacteroidales	Bacteroidaceae	Phocaeicola	Phocaeicola plebeius	147256	15683	10.650160265116531	experimental
PUL0098	NZ_DS990126	30380	44393	310297	dbcan		false	Bacteria	Bacteroidota	Bacteroidia	Bacteroidales	Bacteroidaceae	Phocaeicola	Phocaeicola plebeius	123012	44334	36.04038630377524	experimental
PUL0101	NZ_DS990126	54056	84377	310297	dbcan		false	Bacteria	Bacteroidota	Bacteroidia	Bacteroidales	Bacteroidaceae	Phocaeicola	Phocaeicola plebeius	123012	44334	36.04038630377524	experimental
PUL0754	NZ_GG657685	174321	185015	53443	dbcan		false	Bacteria	Bacillota	Clostridia	Lachnospirales	Lachnospiraceae	Blautia_A	Blautia_A hydrogenotrophica	474463	10694	2.2539165330067887	experimental
PUL0686	NZ_GG694015	628137	645739	46124	dbcan		false	Bacteria	Bacillota	Bacilli	Lactobacillales	Aerococcaceae	Granulicatella	Granulicatella adiacens	760519	23540	3.095254687917067	experimental
cblaster_PUL0278	NZ_GG694015	691729	697667	46124	cblaster		false	Bacteria	Bacillota	Bacilli	Lactobacillales	Aerococcaceae	Granulicatella	Granulicatella adiacens	760519	23540	3.095254687917067	experimental
PUL0648	NZ_GL892007	234463	309097	163665	dbcan		false	Bacteria	Bacteroidota	Bacteroidia	Bacteroidales	Dysgonomonadaceae	Dysgonomonas	Dysgonomonas mossii	404348	74634	18.457863028876115	experimental
PUL0531	NZ_HG326223	172559	177453	615	dbcan		false	Bacteria	Pseudomonadota	Gammaproteobacteria	Enterobacterales	Enterobacteriaceae	Serratia	Serratia bockelmannii	5113802	9429	0.1843833609514017	experimental
PUL0307	NZ_HG326223	3032487	3037022	615	dbcan		false	Bacteria	Pseudomonadota	Gammaproteobacteria	Enterobacterales	Enterobacteriaceae	Serratia	Serratia bockelmannii	5113802	9429	0.1843833609514017	experimental
cblaster_PUL0410	NZ_JAEFCJ010000001	519646	525122	562	cblaster		false	Bacteria	Pseudomonadota	Gammaproteobacteria	Enterobacterales	Enterobacteriaceae	Escherichia	Escherichia coli	5176680	29709	0.5739006467465634	experimental
cblaster_PUL0351	NZ_JAEFCJ010000001	1439249	1444135	562	cblaster		false	Bacteria	Pseudomonadota	Gammaproteobacteria	Enterobacterales	Enterobacteriaceae	Escherichia	Escherichia coli	5176680	29709	0.5739006467465634	experimental
cblaster_PUL0571	NZ_JAEFCJ010000001	2347169	2354078	562	cblaster		false	Bacteria	Pseudomonadota	Gammaproteobacteria	Enterobacterales	Enterobacteriaceae	Escherichia	Escherichia coli	5176680	29709	0.5739006467465634	experimental
cblaster_PUL0321	NZ_JAEFCJ010000001	2521782	2527959	562	cblaster		false	Bacteria	Pseudomonadota	Gammaproteobacteria	Enterobacterales	Enterobacteriaceae	Escherichia	Escherichia coli	5176680	29709	0.5739006467465634	experimental
PUL0751	NZ_JAEFCJ010000001	3865119	3871380	562	dbcan		false	Bacteria	Pseudomonadota	Gammaproteobacteria	Enterobacterales	Enterobacteriaceae	Escherichia	Escherichia coli	5176680	29709	0.5739006467465634	experimental
PUL0756	NZ_JH815203	384150	410513	742726	dbcan		false	Bacteria	Bacteroidota	Bacteroidia	Bacteroidales	Barnesiellaceae	Barnesiella	Barnesiella intestinihominis	1217791	26363	2.1648213856072185	experimental
PUL0757	NZ_JH815204	116612	129267	742726	dbcan		false	Bacteria	Bacteroidota	Bacteroidia	Bacteroidales	Barnesiellaceae	Barnesiella	Barnesiella intestinihominis	979427	20908	2.134717544033399	experimental
PUL0758	NZ_JH815204	771118	779371	742726	dbcan		false	Bacteria	Bacteroidota	Bacteroidia	Bacteroidales	Barnesiellaceae	Barnesiella	Barnesiella intestinihominis	979427	20908	2.134717544033399	experimental
PUL0164	NZ_JHZY01000004	1690359	1719497	1392489	dbcan		false	Bacteria	Bacteroidota	Bacteroidia	Flavobacteriales	Flavobacteriaceae	Leeuwenhoekiella	Leeuwenhoekiella sp000687915	2318059	29138	1.2569999296825491	experimental
PUL0698	NZ_JQNJ01000001	479375	519385	111500	dbcan		false	Bacteria	Bacteroidota	Bacteroidia	Flavobacteriales	Flavobacteriaceae	Flagellimonas	Flagellimonas sp000745185	4424696	40010	0.904242912959444	experimental
19097_PUL0160	NZ_JQNQ01000001	1814119	1877793	1250278	puldb_dbcan	merged	false	Bacteria	Bacteroidota	Bacteroidia	Flavobacteriales	Flavobacteriaceae	Salegentibacter	Salegentibacter sp000745315	4212161	110825	2.631072269079933	experimental
19098	NZ_JQNQ01000001	2147638	2164970		puldb		false	Bacteria	Bacteroidota	Bacteroidia	Flavobacteriales	Flavobacteriaceae	Salegentibacter	Salegentibacter sp000745315	4212161	110825	2.631072269079933	experimental
19099_PUL0165	NZ_JQNQ01000001	2250021	2279840	1250278	puldb_dbcan	merged	false	Bacteria	Bacteroidota	Bacteroidia	Flavobacteriales	Flavobacteriaceae	Salegentibacter	Salegentibacter sp000745315	4212161	110825	2.631072269079933	experimental
PUL0733	NZ_KB890760	14002	39447	346377	dbcan		false	Bacteria	Bacteroidota	Bacteroidia	Cytophagales	Cyclobacteriaceae	Echinicola	Echinicola pacifica	148935	25445	17.08463423641186	experimental
PUL0651	NZ_KB898707	82900	184489	396005	dbcan		false	Bacteria	Pseudomonadota	Gammaproteobacteria	Pseudomonadales	Cellvibrionaceae	Gilvimarinus	Gilvimarinus chinensis	774481	101589	13.117042251520695	experimental
PUL0097_PUL0096_cblaster_PUL0091_PUL0092_cblaster_PUL0721	NZ_KB905472	535723	570461	204516	dbcan_cblaster_cblaster	merged	false	Bacteria	Bacteroidota	Bacteroidia	Bacteroidales	Bacteroidaceae	Phocaeicola	Phocaeicola massiliensis	3116102	34738	1.1147902090496395	experimental
cblaster_PUL0227	NZ_KE386494	333960	351825	44256	cblaster		false	Bacteria	Bacillota	Thermoanaerobacteria	Thermoanaerobacterales	Caldanaerobiaceae	Caldanaerobius	Caldanaerobius polysaccharolyticus	1071729	41662	3.887363316659342	experimental
PUL0309	NZ_KE386494	723442	739979	44256	dbcan		false	Bacteria	Bacillota	Thermoanaerobacteria	Thermoanaerobacterales	Caldanaerobiaceae	Caldanaerobius	Caldanaerobius polysaccharolyticus	1071729	41662	3.887363316659342	experimental
PUL0217	NZ_KE386494	1052130	1059390	44256	dbcan		false	Bacteria	Bacillota	Thermoanaerobacteria	Thermoanaerobacterales	Caldanaerobiaceae	Caldanaerobius	Caldanaerobius polysaccharolyticus	1071729	41662	3.887363316659342	experimental
cblaster_PUL0697	NZ_LACM01000001	182415	186416	1387557	cblaster		false	Bacteria	Bacillota	Thermoanaerobacteria	Caldicellulosiruptorales	Caldicellulosiruptoraceae	Caldicellulosiruptor	Caldicellulosiruptor danielii	2834482	87915	3.101624917709832	experimental
cblaster_PUL0695	NZ_LACM01000001	899159	905667	1387557	cblaster		false	Bacteria	Bacillota	Thermoanaerobacteria	Caldicellulosiruptorales	Caldicellulosiruptoraceae	Caldicellulosiruptor	Caldicellulosiruptor danielii	2834482	87915	3.101624917709832	experimental
cblaster_PUL0696	NZ_LACM01000001	1142130	1159840	1387557	cblaster		false	Bacteria	Bacillota	Thermoanaerobacteria	Caldicellulosiruptorales	Caldicellulosiruptoraceae	Caldicellulosiruptor	Caldicellulosiruptor danielii	2834482	87915	3.101624917709832	experimental
PUL0322	NZ_LACM01000001	2094992	2154688	1387557	dbcan		false	Bacteria	Bacillota	Thermoanaerobacteria	Caldicellulosiruptorales	Caldicellulosiruptoraceae	Caldicellulosiruptor	Caldicellulosiruptor danielii	2834482	87915	3.101624917709832	experimental
PUL0099	NZ_LR027880	217565	227092	166486	dbcan		false	Bacteria	Bacillota	Clostridia	Lachnospirales	Lachnospiraceae	Roseburia	Roseburia intestinalis	254337	48587	19.10339431541616	experimental
PUL0001	NZ_LR027880	1162413	1181577	166486	dbcan		false	Bacteria	Bacillota	Clostridia	Lachnospirales	Lachnospiraceae	Roseburia	Roseburia intestinalis	254337	48587	19.10339431541616	experimental
PUL0642	NZ_LR027880	4318380	4338276	166486	dbcan		false	Bacteria	Bacillota	Clostridia	Lachnospirales	Lachnospiraceae	Roseburia	Roseburia intestinalis	254337	48587	19.10339431541616	experimental
PUL0460	NZ_LSNE01000005	77024	114972	1799789	dbcan		false	Bacteria	Pseudomonadota	Gammaproteobacteria	Enterobacterales	Alteromonadaceae	Paraglaciecola	Paraglaciecola hydrolytica	925268	89045	9.623698215003653	experimental
PUL0796	NZ_LSNE01000005	187809	238906	1799789	dbcan		false	Bacteria	Pseudomonadota	Gammaproteobacteria	Enterobacterales	Alteromonadaceae	Paraglaciecola	Paraglaciecola hydrolytica	925268	89045	9.623698215003653	experimental
cblaster_PUL0264_PUL0147	NZ_LT965930	17039	67290	227	cblaster_dbcan	merged	false	Bacteria	Pseudomonadota	Gammaproteobacteria	Enterobacterales	Alteromonadaceae	Pseudoalteromonas	Pseudoalteromonas carrageenovora	143981	50251	34.90113278835402	experimental
PUL0675	NZ_MWQX02000053	2616	8450	573	dbcan		false	Bacteria	Pseudomonadota	Gammaproteobacteria	Pseudomonadales	Marinomonadaceae	Marinomonas	Marinomonas foliarum	12562	5834	46.44164941888234	experimental
PUL0677	NZ_MYFN02000025	10359	16112	1967501	dbcan		false	Bacteria	Pseudomonadota	Alphaproteobacteria	Rhizobiales	Rhizobiaceae	Shinella	Shinella sumterensis	33819	5753	17.011147579762856	experimental
PUL0676	NZ_MYFP02000002	307028	312828	1963027	dbcan		false	Bacteria	Actinomycetota	Actinomycetes	Actinomycetales	Microbacteriaceae	Microbacterium	Microbacterium sp001426925	326526	5800	1.7762750898856445	experimental
PUL0459	NZ_PJAI02000001	312861	400633	1982103	dbcan		false	Bacteria	Pseudomonadota	Gammaproteobacteria	Enterobacterales	Alteromonadaceae	Colwellia	Colwellia echini	664069	87772	13.217301214181056	experimental
PUL0458	NZ_PJAI02000005	97665	174649	1982103	dbcan		false	Bacteria	Pseudomonadota	Gammaproteobacteria	Enterobacterales	Alteromonadaceae	Colwellia	Colwellia echini	230662	76984	33.37524169564124	experimental
PUL0300	NZ_PJDO01000018	15593	34141	216816	dbcan		false	Bacteria	Actinomycetota	Actinomycetes	Actinomycetales	Bifidobacteriaceae	Bifidobacterium	Bifidobacterium longum	117618	72754	61.85617847608359	experimental
cblaster_PUL0029_PUL0295	NZ_PJDO01000018	55039	109245	216816	cblaster_dbcan	merged	false	Bacteria	Actinomycetota	Actinomycetes	Actinomycetales	Bifidobacteriaceae	Bifidobacterium	Bifidobacterium longum	117618	72754	61.85617847608359	experimental
cblaster_PUL0720	NZ_PJDX01000003	52839	70215	216816	cblaster		false	Bacteria	Actinomycetota	Actinomycetes	Actinomycetales	Bifidobacteriaceae	Bifidobacterium	Bifidobacterium longum	210964	34104	16.16579131984604	experimental
PUL0299_cblaster_PUL0673_cblaster_PUL0740	NZ_PJDX01000003	147509	164237	216816	dbcan_cblaster_cblaster	merged	false	Bacteria	Actinomycetota	Actinomycetes	Actinomycetales	Bifidobacteriaceae	Bifidobacterium	Bifidobacterium longum	210964	34104	16.16579131984604	experimental
cblaster_PUL0032	NZ_PJEE01000001	112315	116804	216816	cblaster		false	Bacteria	Actinomycetota	Actinomycetes	Actinomycetales	Bifidobacteriaceae	Bifidobacterium	Bifidobacterium longum	454785	33761	7.423507811383401	experimental
cblaster_PUL0720	NZ_PJEE01000001	239702	257069	216816	cblaster		false	Bacteria	Actinomycetota	Actinomycetes	Actinomycetales	Bifidobacteriaceae	Bifidobacterium	Bifidobacterium longum	454785	33761	7.423507811383401	experimental
cblaster_PUL0283_cblaster_PUL0297_PUL0298_cblaster_PUL0367	NZ_PJEE01000001	419369	431274	216816	cblaster_dbcan_cblaster	merged	false	Bacteria	Actinomycetota	Actinomycetes	Actinomycetales	Bifidobacteriaceae	Bifidobacterium	Bifidobacterium longum	454785	33761	7.423507811383401	experimental
cblaster_PUL0283_cblaster_PUL0298_PUL0297_cblaster_PUL0367	NZ_PJEG01000006	13105	25205	216816	cblaster_dbcan_cblaster	merged	false	Bacteria	Actinomycetota	Actinomycetes	Actinomycetales	Bifidobacteriaceae	Bifidobacterium	Bifidobacterium sp959020155	36295	12100	33.33792533406805	experimental
PUL0406	NZ_PXJC01000002	246468	268868	35786	dbcan		false	Bacteria	Coprothermobacterota	Coprothermobacteria	Coprothermobacterales	Coprothermobacteraceae	Coprothermobacter	Coprothermobacter proteolyticus	323931	22400	6.915052897067586	experimental
cblaster_PUL0147_PUL0264	NZ_SEUH01000010	50630	99413	77608	cblaster_dbcan	merged	false	Bacteria	Pseudomonadota	Gammaproteobacteria	Enterobacterales	Alteromonadaceae	Pseudoalteromonas	Pseudoalteromonas carrageenovora	111950	48783	43.57570343903529	experimental
PUL0737	NZ_VISB01000001	216319	247401	1250050	dbcan		false	Bacteria	Bacteroidota	Bacteroidia	Flavobacteriales	Flavobacteriaceae	Maribacter	Maribacter sedimenticola	4347041	183411	4.219214863627926	experimental
PUL0738	NZ_VISB01000001	3238797	3314997	1250050	dbcan		false	Bacteria	Bacteroidota	Bacteroidia	Flavobacteriales	Flavobacteriaceae	Maribacter	Maribacter sedimenticola	4347041	183411	4.219214863627926	experimental
PUL0739	NZ_VISB01000001	3898483	3974612	1250050	dbcan		false	Bacteria	Bacteroidota	Bacteroidia	Flavobacteriales	Flavobacteriaceae	Maribacter	Maribacter sedimenticola	4347041	183411	4.219214863627926	experimental
PUL0749	OZ022674	14403	20763	77133	dbcan		false								22594	6360	28.14906612374967	experimental
cblaster_PUL0300	PJDT01000028	94524	113123	216816	cblaster		false	Bacteria	Actinomycetota	Actinomycetes	Actinomycetales	Bifidobacteriaceae	Bifidobacterium	Bifidobacterium longum	178408	26029	14.589592394959867	experimental
PUL0296	PJDT01000028	157706	165136	216816	dbcan		false	Bacteria	Actinomycetota	Actinomycetes	Actinomycetales	Bifidobacteriaceae	Bifidobacterium	Bifidobacterium longum	178408	26029	14.589592394959867	experimental
cblaster_PUL0031	PJEE01000011	32559	36718	216816	cblaster		false	Bacteria	Actinomycetota	Actinomycetes	Actinomycetales	Bifidobacteriaceae	Bifidobacterium	Bifidobacterium longum	519233	28807	5.54799097900172	experimental
PUL0294	PJEE01000011	293988	308944	216816	dbcan		false	Bacteria	Actinomycetota	Actinomycetes	Actinomycetales	Bifidobacteriaceae	Bifidobacterium	Bifidobacterium longum	519233	28807	5.54799097900172	experimental
cblaster_PUL0576	PJEE01000011	376643	386335	216816	cblaster		false	Bacteria	Actinomycetota	Actinomycetes	Actinomycetales	Bifidobacteriaceae	Bifidobacterium	Bifidobacterium longum	519233	28807	5.54799097900172	experimental
PUL0612	RHLF01000001	1252462	1269410	192149	dbcan		false	Bacteria	Bacteroidota	Bacteroidia	Flavobacteriales	Flavobacteriaceae	Flagellimonas_A	Flagellimonas_A sp003712125	1487548	16948	1.139324579778266	experimental
PUL0611	RHLG01000001	87985	112122	1883156	dbcan		false	Bacteria	Bacteroidota	Bacteroidia	Flavobacteriales	Flavobacteriaceae	Winogradskyella	Winogradskyella sp003712105	984888	24137	2.4507355151042556	experimental
cblaster_PUL0282	SIWZ01000001	835742	842374	1423	cblaster		false	Bacteria	Bacillota	Bacilli	Bacillales	Bacillaceae	Bacillus	Bacillus subtilis	4063450	13146	0.3235181926687913	experimental
PUL0082	SIWZ01000001	3978451	3984965	1423	dbcan		false	Bacteria	Bacillota	Bacilli	Bacillales	Bacillaceae	Bacillus	Bacillus subtilis	4063450	13146	0.3235181926687913	experimental
cblaster_PUL0582	AE005176	176337	181104		predicted													predicted
cblaster_PUL0142	AE014295	1728550	1733232		predicted													predicted
cblaster_PUL0475	AL645882	3049836	3057653		predicted													predicted
cblaster_PUL0168	AM406671	2194373	2202023		predicted													predicted
cblaster_PUL0387	AM743169	4123181	4127762		predicted													predicted
cblaster_PUL0365_cblaster_PUL0719	AM743169	1216834	1227585		predicted	merged												predicted
PULpy_PUL10	CP000139	678281	704733		predicted													predicted
PULpy_PUL11	CP000139	709692	733859		predicted													predicted
PULpy_PUL12	CP000139	753893	768048		predicted													predicted
PULpy_PUL13	CP000139	808837	818941		predicted													predicted
PULpy_PUL14	CP000139	831491	841951		predicted													predicted
PULpy_PUL15	CP000139	854692	890582		predicted													predicted
PULpy_PUL16	CP000139	891106	908346		predicted													predicted
PULpy_PUL17	CP000139	1006513	1011282		predicted													predicted
PULpy_PUL18	CP000139	1013984	1058707		predicted													predicted
PULpy_PUL19	CP000139	1068185	1073113		predicted													predicted
PULpy_PUL2	CP000139	138127	154278		predicted													predicted
PULpy_PUL20	CP000139	1139855	1147862		predicted													predicted
PULpy_PUL21	CP000139	1245420	1256947		predicted													predicted
PULpy_PUL22	CP000139	1264336	1269097		predicted													predicted
PULpy_PUL23	CP000139	1324232	1343516		predicted													predicted
PULpy_PUL24	CP000139	1385503	1393793		predicted													predicted
PULpy_PUL25	CP000139	1401610	1421650		predicted													predicted
PULpy_PUL26	CP000139	1427128	1443156		predicted													predicted
PULpy_PUL27	CP000139	1484628	1516140		predicted													predicted
PULpy_PUL28	CP000139	1519018	1527204		predicted													predicted
PULpy_PUL29	CP000139	1553334	1579033		predicted													predicted
PULpy_PUL3	CP000139	161024	209049		predicted													predicted
PULpy_PUL30	CP000139	1680497	1685142		predicted													predicted
PULpy_PUL31	CP000139	1695354	1713356		predicted													predicted
PULpy_PUL32	CP000139	1817318	1828121		predicted													predicted
PULpy_PUL33	CP000139	2202607	2207493		predicted													predicted
PULpy_PUL34	CP000139	2266143	2280191		predicted													predicted
PULpy_PUL35	CP000139	2287062	2307471		predicted													predicted
PULpy_PUL36	CP000139	2329464	2353878		predicted													predicted
PULpy_PUL37	CP000139	2384680	2389192		predicted													predicted
PULpy_PUL38	CP000139	2391332	2395837		predicted													predicted
PULpy_PUL39	CP000139	2397692	2427769		predicted													predicted
PULpy_PUL40	CP000139	2560223	2571658		predicted													predicted
PULpy_PUL41	CP000139	2613122	2617873		predicted													predicted
PULpy_PUL42	CP000139	2620058	2629960		predicted													predicted
PULpy_PUL43	CP000139	2771111	2808016		predicted													predicted
PULpy_PUL44	CP000139	2827181	2854894		predicted													predicted
PULpy_PUL45	CP000139	2866265	2871290		predicted													predicted
PULpy_PUL46	CP000139	2874576	2893329		predicted													predicted
PULpy_PUL47	CP000139	3115549	3120233		predicted													predicted
PULpy_PUL48	CP000139	3122533	3134343		predicted													predicted
PULpy_PUL49	CP000139	3143077	3147898		predicted													predicted
PULpy_PUL5	CP000139	325420	336931		predicted													predicted
PULpy_PUL50	CP000139	3252778	3257514		predicted													predicted
PULpy_PUL51	CP000139	3408112	3440807		predicted													predicted
PULpy_PUL52	CP000139	3679647	3707233		predicted													predicted
PULpy_PUL53	CP000139	3709509	3714493		predicted													predicted
PULpy_PUL55	CP000139	4355325	4359769		predicted													predicted
PULpy_PUL56	CP000139	4570536	4580651		predicted													predicted
PULpy_PUL57	CP000139	4582462	4587223		predicted													predicted
PULpy_PUL58	CP000139	5055175	5060517		predicted													predicted
PULpy_PUL6	CP000139	435317	450872		predicted													predicted
PULpy_PUL7	CP000139	460919	467305		predicted													predicted
PULpy_PUL8	CP000139	527392	535325		predicted													predicted
PULpy_PUL9	CP000139	561279	573552		predicted													predicted
cblaster_PUL0112_PUL0106	CP000139	1620651	1638769		predicted													predicted
cblaster_PUL0770	CP000139	2991118	2999788		predicted													predicted
cblaster_PUL0142	CP000303	2302257	2306877		predicted													predicted
cblaster_PUL0576	CP000303	1970704	1979207		predicted													predicted
cblaster_PUL0673	CP000303	1603797	1608689		predicted													predicted
cblaster_PUL0741	CP000303	2155635	2161312		predicted													predicted
PULpy_PUL1	CP000685	189511	194585		predicted													predicted
PULpy_PUL2	CP000685	413623	418344		predicted													predicted
PULpy_PUL3	CP000685	725346	730065		predicted													predicted
PULpy_PUL33	CP000685	5413366	5418702		predicted													predicted
PULpy_PUL34	CP000685	5429157	5433770		predicted													predicted
PULpy_PUL36	CP000685	5614543	5619156		predicted													predicted
PULpy_PUL8	CP000685	2222995	2227657		predicted													predicted
cblaster_PUL0142	CP001095	2741997	2746694		predicted													predicted
cblaster_PUL0212	CP001095	46991	52818		predicted													predicted
PULpy_PUL10	CP002534	1828395	1836619		predicted													predicted
PULpy_PUL12	CP002534	2405402	2420714		predicted													predicted
PULpy_PUL13	CP002534	2604827	2618857		predicted													predicted
PULpy_PUL14	CP002534	2632176	2636770		predicted													predicted
PULpy_PUL15	CP002534	2735161	2754735		predicted													predicted
PULpy_PUL16	CP002534	2768930	2796503		predicted													predicted
PULpy_PUL17	CP002534	2806528	2811579		predicted													predicted
PULpy_PUL18	CP002534	2843537	2848371		predicted													predicted
PULpy_PUL19	CP002534	2855530	2860145		predicted													predicted
PULpy_PUL2	CP002534	444291	487620		predicted													predicted
PULpy_PUL20	CP002534	3416583	3421463		predicted													predicted
PULpy_PUL21	CP002534	3700096	3710666		predicted													predicted
PULpy_PUL3	CP002534	743363	748091		predicted													predicted
PULpy_PUL4	CP002534	748620	763450		predicted													predicted
PULpy_PUL5	CP002534	852382	863409		predicted													predicted
PULpy_PUL6	CP002534	1352195	1379501		predicted													predicted
PULpy_PUL8	CP002534	1558732	1566208		predicted													predicted
PULpy_PUL9	CP002534	1635558	1640224		predicted													predicted
cblaster_21161_PULpy_PUL7	CP002534	1432969	1446936		predicted	merged												predicted
cblaster_PUL0006	CP002835	241626	251376		predicted													predicted
cblaster_PUL0142	CP006712	2179866	2184486		predicted													predicted
cblaster_PUL0576	CP006712	1850776	1859279		predicted													predicted
cblaster_PUL0673	CP006712	1498873	1503765		predicted													predicted
cblaster_PUL0741	CP006712	2027394	2033071		predicted													predicted
PULpy_PUL1	CP016359	169999	174625		predicted													predicted
PULpy_PUL12	CP016359	2013036	2017705		predicted													predicted
PULpy_PUL13	CP016359	2398366	2414618		predicted													predicted
PULpy_PUL16	CP016359	3448376	3452808		predicted													predicted
PULpy_PUL4	CP016359	713481	739832		predicted													predicted
PULpy_PUL5	CP016359	751199	763184		predicted													predicted
PULpy_PUL6	CP016359	933533	938206		predicted													predicted
PULpy_PUL7	CP016359	1003750	1008353		predicted													predicted
PULpy_PUL9	CP016359	1144515	1156499		predicted													predicted
PULpy_PUL1	CP019300	489756	494628		predicted													predicted
PULpy_PUL2	CP019300	646861	656132		predicted													predicted
PULpy_PUL1	CP091797	15425	20056		predicted													predicted
PULpy_PUL10	CP091797	634044	639303		predicted													predicted
PULpy_PUL11	CP091797	644315	661714		predicted													predicted
PULpy_PUL12	CP091797	707916	719390		predicted													predicted
PULpy_PUL13	CP091797	743018	750716		predicted													predicted
PULpy_PUL14	CP091797	793705	807404		predicted													predicted
PULpy_PUL15	CP091797	837182	852716		predicted													predicted
PULpy_PUL16	CP091797	866116	871187		predicted													predicted
PULpy_PUL17	CP091797	956985	975928		predicted													predicted
PULpy_PUL3	CP091797	172208	179352		predicted													predicted
PULpy_PUL4	CP091797	182788	204702		predicted													predicted
PULpy_PUL5	CP091797	363970	379230		predicted													predicted
PULpy_PUL6	CP091797	428375	433293		predicted													predicted
PULpy_PUL7	CP091797	481173	486176		predicted													predicted
PULpy_PUL8	CP091797	499898	505022		predicted													predicted
PULpy_PUL9	CP091797	536850	541959		predicted													predicted
PULpy_PUL10	CP091800	647714	652973		predicted													predicted
PULpy_PUL11	CP091800	744456	749565		predicted													predicted
PULpy_PUL12	CP091800	795718	800842		predicted													predicted
PULpy_PUL14	CP091800	857458	862343		predicted													predicted
PULpy_PUL15	CP091800	929851	934192		predicted													predicted
PULpy_PUL16	CP091800	937546	945236		predicted													predicted
PULpy_PUL17	CP091800	1094714	1118510		predicted													predicted
PULpy_PUL18	CP091800	1121948	1129091		predicted													predicted
PULpy_PUL2	CP091800	140785	145416		predicted													predicted
PULpy_PUL3	CP091800	303587	313485		predicted													predicted
PULpy_PUL5	CP091800	429444	441421		predicted													predicted
PULpy_PUL6	CP091800	466097	479780		predicted													predicted
PULpy_PUL7	CP091800	522738	530435		predicted													predicted
PULpy_PUL8	CP091800	563063	574511		predicted													predicted
PULpy_PUL9	CP091800	626822	644219		predicted													predicted
cblaster_PUL0554_PULpy_PUL4	CP091800	402519	412566		predicted	merged												predicted
PULpy_PUL1	CU207366	7743	18255		predicted													predicted
PULpy_PUL10	CU207366	2870683	2875200		predicted													predicted
PULpy_PUL13	CU207366	2953045	2963767		predicted													predicted
PULpy_PUL15	CU207366	3764539	3769306		predicted													predicted
PULpy_PUL2	CU207366	42573	49728		predicted													predicted
PULpy_PUL3	CU207366	414012	429175		predicted													predicted
PULpy_PUL5	CU207366	1082916	1093822		predicted													predicted
PULpy_PUL7	CU207366	1314869	1319782		predicted													predicted
PULpy_PUL8	CU207366	1433381	1437779		predicted													predicted
PULpy_PUL9	CU207366	1775895	1819964		predicted													predicted
PULpy_PUL11_PULpy_PUL12	CU207366	2947635	2952425		predicted	merged												predicted
PULpy_PUL4_cblaster_24478	CU207366	759215	780420		predicted	merged												predicted
PULpy_PUL1	FP476056	160802	165447		predicted													predicted
PULpy_PUL13	FP476056	1104394	1109094		predicted													predicted
PULpy_PUL14	FP476056	1184835	1189838		predicted													predicted
PULpy_PUL20	FP476056	1852014	1856707		predicted													predicted
PULpy_PUL21	FP476056	2076365	2083884		predicted													predicted
PULpy_PUL22	FP476056	2375004	2379708		predicted													predicted
PULpy_PUL27	FP476056	2674798	2680098		predicted													predicted
PULpy_PUL30	FP476056	2833791	2838385		predicted													predicted
PULpy_PUL32	FP476056	2960933	2965546		predicted													predicted
PULpy_PUL33	FP476056	2967682	2972380		predicted													predicted
PULpy_PUL36	FP476056	3489393	3494303		predicted													predicted
PULpy_PUL1	GL891979	103029	115446		predicted													predicted
PULpy_PUL10	GL891979	551085	589794		predicted													predicted
PULpy_PUL11	GL891979	682484	693936		predicted													predicted
PULpy_PUL12	GL891979	777613	795617		predicted													predicted
PULpy_PUL13	GL891979	960025	967851		predicted													predicted
PULpy_PUL2	GL891979	130690	135654		predicted													predicted
PULpy_PUL3	GL891979	141917	160816		predicted													predicted
PULpy_PUL4	GL891979	167184	172533		predicted													predicted
PULpy_PUL5	GL891979	331161	345207		predicted													predicted
PULpy_PUL6	GL891979	358022	369529		predicted													predicted
PULpy_PUL8	GL891979	420742	440824		predicted													predicted
PULpy_PUL9	GL891979	445224	452945		predicted													predicted
PULpy_PUL1	HF548280	1857	6659		predicted													predicted
PULpy_PUL1	JABKKG010000003	57149	62003		predicted													predicted
PULpy_PUL2	JABKKG010000003	289913	309506		predicted													predicted
PULpy_PUL2	JABKKG010000004	60430	71931		predicted													predicted
PULpy_PUL3	JABKKG010000004	175393	185473		predicted													predicted
PULpy_PUL3	JABKKG010000005	281303	286732		predicted													predicted
PULpy_PUL4	JABKKG010000005	287405	299922		predicted													predicted
PULpy_PUL1	JABKKG010000006	131252	136152		predicted													predicted
PULpy_PUL2	JABKKG010000006	136825	148413		predicted													predicted
PULpy_PUL1	JABUUE010000008	46046	50876		predicted													predicted
PULpy_PUL1	JAPFGC010000002	450069	461594		predicted													predicted
PULpy_PUL2	JAPFGC010000002	2035129	2050070		predicted													predicted
PULpy_PUL3	JAPFGC010000002	2070356	2078720		predicted													predicted
PULpy_PUL5	JAPFGC010000002	2955322	2963473		predicted													predicted
PULpy_PUL1	JPDI01000001	770302	784340		predicted													predicted
PULpy_PUL2	JPDI01000001	1443597	1456875		predicted													predicted
PULpy_PUL1	JPOL01000002	55841	68655		predicted													predicted
PULpy_PUL10	JPOL01000002	1232971	1255686		predicted													predicted
PULpy_PUL11	JPOL01000002	1440893	1446014		predicted													predicted
PULpy_PUL12	JPOL01000002	1449811	1458396		predicted													predicted
PULpy_PUL13	JPOL01000002	1498719	1508763		predicted													predicted
PULpy_PUL14	JPOL01000002	1632050	1642503		predicted													predicted
PULpy_PUL15	JPOL01000002	1796425	1804068		predicted													predicted
PULpy_PUL17	JPOL01000002	2575497	2599496		predicted													predicted
PULpy_PUL18	JPOL01000002	2611823	2616593		predicted													predicted
PULpy_PUL19	JPOL01000002	2951658	2956610		predicted													predicted
PULpy_PUL2	JPOL01000002	289434	301559		predicted													predicted
PULpy_PUL20	JPOL01000002	2966266	2979937		predicted													predicted
PULpy_PUL22	JPOL01000002	3279905	3284942		predicted													predicted
PULpy_PUL3	JPOL01000002	431850	443758		predicted													predicted
PULpy_PUL7	JPOL01000002	1061269	1070795		predicted													predicted
PULpy_PUL8	JPOL01000002	1150808	1177988		predicted													predicted
PULpy_PUL9	JPOL01000002	1198755	1206435		predicted													predicted
PULpy_PUL1	JPOL01000003	67766	72373		predicted													predicted
PULpy_PUL2	JUET01000139	22473	34630		predicted													predicted
PULpy_PUL1	LT629745	812127	827084		predicted													predicted
PULpy_PUL10	LT629745	3516972	3532279		predicted													predicted
PULpy_PUL3	LT629745	1425281	1433867		predicted													predicted
PULpy_PUL4	LT629745	1566655	1574166		predicted													predicted
PULpy_PUL5	LT629745	2003144	2007658		predicted													predicted
PULpy_PUL6	LT629745	2101443	2119722		predicted													predicted
PULpy_PUL7	LT629745	2199032	2203617		predicted													predicted
PULpy_PUL8	LT629745	2709343	2713975		predicted													predicted
PULpy_PUL9	LT629745	3469100	3473479		predicted													predicted
cblaster_24469_cblaster_31419_PUL0236	LT629745	2642028	2654075		predicted	merged												predicted
cblaster_PUL0211	NC_003919	3592672	3606539		predicted													predicted
PULpy_PUL1	NC_008255	630646	635079		predicted													predicted
PULpy_PUL2	NC_008255	643120	647575		predicted													predicted
cblaster_PUL0140	NC_008618	529774	545626		predicted													predicted
cblaster_PUL0142	NC_008618	1977021	1981616		predicted													predicted
cblaster_PUL0347	NC_008618	409239	423106		predicted													predicted
cblaster_PUL0728	NC_010655	965904	989029		predicted													predicted
PULpy_PUL1	NC_014033	186024	193604		predicted													predicted
PULpy_PUL10	NC_014033	2342565	2355794		predicted													predicted
PULpy_PUL11	NC_014033	2497903	2516912		predicted													predicted
PULpy_PUL12	NC_014033	2609206	2630586		predicted													predicted
PULpy_PUL13	NC_014033	2667800	2693601		predicted													predicted
PULpy_PUL14	NC_014033	2738705	2748628		predicted													predicted
PULpy_PUL15	NC_014033	2936122	2954312		predicted													predicted
PULpy_PUL17	NC_014033	3159036	3170540		predicted													predicted
PULpy_PUL18	NC_014033	3241983	3299880		predicted													predicted
PULpy_PUL19	NC_014033	3300434	3328406		predicted													predicted
PULpy_PUL2	NC_014033	306614	328552		predicted													predicted
PULpy_PUL21	NC_014033	3483727	3488447		predicted													predicted
PULpy_PUL3	NC_014033	1361410	1391764		predicted													predicted
PULpy_PUL4	NC_014033	1743042	1753194		predicted													predicted
PULpy_PUL5	NC_014033	1861415	1879225		predicted													predicted
PULpy_PUL6	NC_014033	1900165	1916347		predicted													predicted
PULpy_PUL7	NC_014033	2023289	2033947		predicted													predicted
PULpy_PUL8	NC_014033	2255170	2260109		predicted													predicted
PULpy_PUL9	NC_014033	2266754	2278312		predicted													predicted
cblaster_PUL0770	NC_014033	507673	514016		predicted													predicted
PULpy_PUL1	NC_014934	506279	519939		predicted													predicted
PULpy_PUL10	NC_014934	1117308	1128287		predicted													predicted
PULpy_PUL11	NC_014934	1498508	1503559		predicted													predicted
PULpy_PUL12	NC_014934	1794292	1801688		predicted													predicted
PULpy_PUL13	NC_014934	2281222	2303240		predicted													predicted
PULpy_PUL14	NC_014934	2808701	2860969		predicted													predicted
PULpy_PUL15	NC_014934	2909186	2936910		predicted													predicted
PULpy_PUL16	NC_014934	3122164	3126781		predicted													predicted
PULpy_PUL17	NC_014934	3755946	3768307		predicted													predicted
PULpy_PUL18	NC_014934	4094538	4102593		predicted													predicted
PULpy_PUL19	NC_014934	4807160	4815133		predicted													predicted
PULpy_PUL2	NC_014934	539425	544057		predicted													predicted
PULpy_PUL3	NC_014934	551838	562773		predicted													predicted
PULpy_PUL4	NC_014934	718462	723289		predicted													predicted
PULpy_PUL5	NC_014934	842384	852202		predicted													predicted
PULpy_PUL6	NC_014934	869715	874818		predicted													predicted
PULpy_PUL7	NC_014934	888870	893748		predicted													predicted
PULpy_PUL8	NC_014934	979413	983885		predicted													predicted
PULpy_PUL9	NC_014934	1069287	1074116		predicted													predicted
cblaster_PUL0319_PUL0314	NC_014934	3497567	3507860		predicted													predicted
cblaster_PUL0298	NC_015067	444990	454595		predicted													predicted
PULpy_PUL1	NC_016610	34748	59328		predicted													predicted
PULpy_PUL10	NC_016610	1109379	1114111		predicted													predicted
PULpy_PUL11	NC_016610	1280039	1300666		predicted													predicted
PULpy_PUL12	NC_016610	1376065	1391559		predicted													predicted
PULpy_PUL13	NC_016610	1514912	1519657		predicted													predicted
PULpy_PUL14	NC_016610	1559531	1564489		predicted													predicted
PULpy_PUL15	NC_016610	1626801	1631704		predicted													predicted
PULpy_PUL16	NC_016610	1822185	1832480		predicted													predicted
PULpy_PUL17	NC_016610	1909071	1914514		predicted													predicted
PULpy_PUL18	NC_016610	2153707	2158938		predicted													predicted
PULpy_PUL19	NC_016610	2255756	2260024		predicted													predicted
PULpy_PUL2	NC_016610	210330	216243		predicted													predicted
PULpy_PUL20	NC_016610	2427184	2439345		predicted													predicted
PULpy_PUL22	NC_016610	2591967	2597178		predicted													predicted
PULpy_PUL23	NC_016610	2629182	2639597		predicted													predicted
PULpy_PUL24	NC_016610	2664768	2676515		predicted													predicted
PULpy_PUL25	NC_016610	2768335	2772926		predicted													predicted
PULpy_PUL26	NC_016610	2829027	2835607		predicted													predicted
PULpy_PUL27	NC_016610	2842358	2847481		predicted													predicted
PULpy_PUL28	NC_016610	2946614	2951638		predicted													predicted
PULpy_PUL29	NC_016610	2997528	3012497		predicted													predicted
PULpy_PUL3	NC_016610	316461	324325		predicted													predicted
PULpy_PUL30	NC_016610	3025115	3030128		predicted													predicted
PULpy_PUL31	NC_016610	3155582	3162659		predicted													predicted
PULpy_PUL32	NC_016610	3352780	3357657		predicted													predicted
PULpy_PUL4	NC_016610	417045	422113		predicted													predicted
PULpy_PUL5	NC_016610	523202	547154		predicted													predicted
PULpy_PUL6	NC_016610	641737	648538		predicted													predicted
PULpy_PUL7	NC_016610	782901	789646		predicted													predicted
PULpy_PUL8	NC_016610	1047260	1056827		predicted													predicted
PULpy_PUL9	NC_016610	1060600	1065884		predicted													predicted
PULpy_PUL2	NZ_ABQC02000019	407771	454872		predicted													predicted
PULpy_PUL3	NZ_ABQC02000019	534647	550743		predicted													predicted
PULpy_PUL4	NZ_ABQC02000019	709257	726966		predicted													predicted
cblaster_PUL0140	NZ_AP012330	577401	591985		predicted													predicted
cblaster_PUL0212	NZ_AP012330	2068298	2074125		predicted													predicted
cblaster_PUL0232	NZ_AP012330	2241412	2249074		predicted													predicted
cblaster_PUL0232	NZ_AP012330	2265800	2273462		predicted													predicted
cblaster_PUL0285	NZ_AP012330	634128	638238		predicted													predicted
cblaster_PUL0347	NZ_AP012330	424450	436966		predicted													predicted
cblaster_PUL0298	NZ_AP022379	451179	459402		predicted													predicted
PULpy_PUL1	NZ_CAJQES010000007	8933	13439		predicted													predicted
cblaster_PUL0772	NZ_CAWLDM010000001	5140922	5149891		predicted													predicted
PULpy_PUL1	NZ_CP009976	52807	57439		predicted													predicted
PULpy_PUL11	NZ_CP009976	1007666	1018082		predicted													predicted
PULpy_PUL12	NZ_CP009976	1127362	1132119		predicted													predicted
PULpy_PUL13	NZ_CP009976	1303107	1310500		predicted													predicted
PULpy_PUL14	NZ_CP009976	1511609	1523991		predicted													predicted
PULpy_PUL15	NZ_CP009976	1722155	1744182		predicted													predicted
PULpy_PUL16	NZ_CP009976	2246777	2321691		predicted													predicted
PULpy_PUL17	NZ_CP009976	2351821	2384776		predicted													predicted
PULpy_PUL18	NZ_CP009976	2541755	2546315		predicted													predicted
PULpy_PUL19	NZ_CP009976	3149836	3154508		predicted													predicted
PULpy_PUL2	NZ_CP009976	65225	76176		predicted													predicted
PULpy_PUL20	NZ_CP009976	4045679	4053296		predicted													predicted
PULpy_PUL22	NZ_CP009976	4573288	4598156		predicted													predicted
PULpy_PUL23	NZ_CP009976	4615812	4626289		predicted													predicted
PULpy_PUL3	NZ_CP009976	262256	267029		predicted													predicted
PULpy_PUL4	NZ_CP009976	283717	297563		predicted													predicted
PULpy_PUL5	NZ_CP009976	418180	423283		predicted													predicted
PULpy_PUL6	NZ_CP009976	437118	441904		predicted													predicted
PULpy_PUL7	NZ_CP009976	442506	447305		predicted													predicted
PULpy_PUL8	NZ_CP009976	518663	534127		predicted													predicted
PULpy_PUL9	NZ_CP009976	614792	626643		predicted													predicted
cblaster_PUL0319_PUL0314	NZ_CP009976	2780419	2790641		predicted													predicted
PULpy_PUL1	NZ_CP014224	354727	378318		predicted													predicted
PULpy_PUL10	NZ_CP014224	1995887	2036407		predicted													predicted
PULpy_PUL11	NZ_CP014224	2195902	2205451		predicted													predicted
PULpy_PUL12	NZ_CP014224	2312218	2322710		predicted													predicted
PULpy_PUL13	NZ_CP014224	2512912	2531860		predicted													predicted
PULpy_PUL14	NZ_CP014224	2558654	2580077		predicted													predicted
PULpy_PUL15	NZ_CP014224	2589172	2612803		predicted													predicted
PULpy_PUL2	NZ_CP014224	673544	681523		predicted													predicted
PULpy_PUL3	NZ_CP014224	788242	852883		predicted													predicted
PULpy_PUL4	NZ_CP014224	862242	895281		predicted													predicted
PULpy_PUL5	NZ_CP014224	918975	946981		predicted													predicted
PULpy_PUL6	NZ_CP014224	1166144	1175557		predicted													predicted
PULpy_PUL7	NZ_CP014224	1393087	1499797		predicted													predicted
cblaster_PUL0636	NZ_CP022413	410087	413934		predicted													predicted
cblaster_PUL0634_cblaster_PUL0394_PUL0632	NZ_CP022413	447902	454000		predicted	merged												predicted
cblaster_PUL0635	NZ_CP022479	485212	487382		predicted													predicted
PULpy_PUL1	NZ_CP046176	63827	81810		predicted													predicted
PULpy_PUL10	NZ_CP046176	917133	928579		predicted													predicted
PULpy_PUL11	NZ_CP046176	972809	977560		predicted													predicted
PULpy_PUL12	NZ_CP046176	979290	990585		predicted													predicted
PULpy_PUL13	NZ_CP046176	1082324	1091457		predicted													predicted
PULpy_PUL14	NZ_CP046176	1119197	1135012		predicted													predicted
PULpy_PUL15	NZ_CP046176	1146738	1151642		predicted													predicted
PULpy_PUL16	NZ_CP046176	1154834	1173587		predicted													predicted
PULpy_PUL17	NZ_CP046176	1357884	1363411		predicted													predicted
PULpy_PUL18	NZ_CP046176	1539422	1544106		predicted													predicted
PULpy_PUL19	NZ_CP046176	1558303	1563225		predicted													predicted
PULpy_PUL2	NZ_CP046176	226507	237413		predicted													predicted
PULpy_PUL20	NZ_CP046176	1674168	1679083		predicted													predicted
PULpy_PUL22	NZ_CP046176	1843622	1877926		predicted													predicted
PULpy_PUL23	NZ_CP046176	2127520	2162450		predicted													predicted
PULpy_PUL24	NZ_CP046176	2307825	2334760		predicted													predicted
PULpy_PUL25	NZ_CP046176	2385591	2390124		predicted													predicted
PULpy_PUL26	NZ_CP046176	2634873	2640109		predicted													predicted
PULpy_PUL27	NZ_CP046176	3076581	3084757		predicted													predicted
PULpy_PUL28	NZ_CP046176	3668273	3673615		predicted													predicted
PULpy_PUL3	NZ_CP046176	535461	555507		predicted													predicted
PULpy_PUL31	NZ_CP046176	3995971	4014521		predicted													predicted
PULpy_PUL32	NZ_CP046176	4033898	4052765		predicted													predicted
PULpy_PUL33	NZ_CP046176	4055821	4078724		predicted													predicted
PULpy_PUL35	NZ_CP046176	4152930	4159452		predicted													predicted
PULpy_PUL36	NZ_CP046176	4261772	4277228		predicted													predicted
PULpy_PUL37	NZ_CP046176	4287210	4291960		predicted													predicted
PULpy_PUL38	NZ_CP046176	4365515	4373505		predicted													predicted
PULpy_PUL39	NZ_CP046176	4400245	4410437		predicted													predicted
PULpy_PUL4	NZ_CP046176	575163	602725		predicted													predicted
PULpy_PUL40	NZ_CP046176	4493709	4519657		predicted													predicted
PULpy_PUL41	NZ_CP046176	4524618	4554563		predicted													predicted
PULpy_PUL42	NZ_CP046176	4574634	4588788		predicted													predicted
PULpy_PUL44	NZ_CP046176	4671441	4694215		predicted													predicted
PULpy_PUL45	NZ_CP046176	4699438	4720263		predicted													predicted
PULpy_PUL46	NZ_CP046176	4838861	4879582		predicted													predicted
PULpy_PUL47	NZ_CP046176	4951089	4982879		predicted													predicted
PULpy_PUL48	NZ_CP046176	4991755	5028036		predicted													predicted
PULpy_PUL49	NZ_CP046176	5223497	5242770		predicted													predicted
PULpy_PUL5	NZ_CP046176	609561	653147		predicted													predicted
PULpy_PUL50	NZ_CP046176	5285611	5294870		predicted													predicted
PULpy_PUL51	NZ_CP046176	5302687	5307431		predicted													predicted
PULpy_PUL52	NZ_CP046176	5442361	5454831		predicted													predicted
PULpy_PUL53	NZ_CP046176	5465646	5486501		predicted													predicted
PULpy_PUL54	NZ_CP046176	5489394	5494355		predicted													predicted
PULpy_PUL55	NZ_CP046176	5532284	5557978		predicted													predicted
PULpy_PUL6	NZ_CP046176	661733	708046		predicted													predicted
PULpy_PUL7	NZ_CP046176	738879	748208		predicted													predicted
PULpy_PUL8	NZ_CP046176	752101	756528		predicted													predicted
PULpy_PUL9	NZ_CP046176	758380	772377		predicted													predicted
cblaster_PUL0770	NZ_CP046176	1290392	1299062		predicted													predicted
PULpy_PUL1	NZ_CP074436	68288	72918		predicted													predicted
PULpy_PUL10	NZ_CP074436	2866642	2871473		predicted													predicted
PULpy_PUL11	NZ_CP074436	3226340	3231174		predicted													predicted
PULpy_PUL12	NZ_CP074436	3508277	3513212		predicted													predicted
PULpy_PUL13	NZ_CP074436	3527707	3545087		predicted													predicted
PULpy_PUL14	NZ_CP074436	3548460	3553090		predicted													predicted
PULpy_PUL15	NZ_CP074436	3703799	3708419		predicted													predicted
PULpy_PUL16	NZ_CP074436	3741310	3745695		predicted													predicted
PULpy_PUL17	NZ_CP074436	3952209	3956881		predicted													predicted
PULpy_PUL18	NZ_CP074436	3957534	3962344		predicted													predicted
PULpy_PUL19	NZ_CP074436	4016888	4021479		predicted													predicted
PULpy_PUL2	NZ_CP074436	300456	305076		predicted													predicted
PULpy_PUL20	NZ_CP074436	4236655	4273645		predicted													predicted
PULpy_PUL21	NZ_CP074436	4280757	4312653		predicted													predicted
PULpy_PUL22	NZ_CP074436	4322164	4331049		predicted													predicted
PULpy_PUL3	NZ_CP074436	415039	442366		predicted													predicted
PULpy_PUL4	NZ_CP074436	617220	636185		predicted													predicted
PULpy_PUL5	NZ_CP074436	1488200	1492986		predicted													predicted
PULpy_PUL6	NZ_CP074436	1548920	1553884		predicted													predicted
PULpy_PUL7	NZ_CP074436	1567710	1572260		predicted													predicted
PULpy_PUL9	NZ_CP074436	2570578	2575291		predicted													predicted
cblaster_PUL0140	NZ_CP079235	579475	594063		predicted													predicted
cblaster_PUL0142	NZ_CP079235	2192141	2200101		predicted													predicted
cblaster_PUL0232	NZ_CP079235	2268497	2276266		predicted													predicted
cblaster_PUL0285	NZ_CP079235	635830	639940		predicted													predicted
cblaster_PUL0347	NZ_CP079235	420561	435433		predicted													predicted
cblaster_PUL0636	NZ_CP084061	4857021	4860913		predicted													predicted
PULpy_PUL1	NZ_CP098511	60675	70456		predicted													predicted
PULpy_PUL2	NZ_CP098511	87185	92018		predicted													predicted
PULpy_PUL3	NZ_CP098511	526692	531759		predicted													predicted
PULpy_PUL4	NZ_CP098511	669746	674393		predicted													predicted
PULpy_PUL5	NZ_CP098511	1638534	1671673		predicted													predicted
PULpy_PUL6	NZ_CP098511	1742639	1767273		predicted													predicted
PULpy_PUL7	NZ_CP098511	2052666	2062195		predicted													predicted
PULpy_PUL9	NZ_CP098511	3878220	3882651		predicted													predicted
cblaster_21143	NZ_CP098511	2790780	2797074		predicted													predicted
PULpy_PUL10	NZ_CP102288	2625419	2629663		predicted													predicted
PULpy_PUL11	NZ_CP102288	2976469	2985924		predicted													predicted
PULpy_PUL14	NZ_CP102288	3110416	3114897		predicted													predicted
PULpy_PUL2	NZ_CP102288	55158	59940		predicted													predicted
PULpy_PUL7	NZ_CP102288	2242713	2247662		predicted													predicted
PULpy_PUL1	NZ_DS990119	12812	17204		predicted													predicted
PULpy_PUL3	NZ_DS990119	400722	408912		predicted													predicted
PULpy_PUL2	NZ_DS990123	73100	84505		predicted													predicted
PULpy_PUL3	NZ_DS990123	115988	128184		predicted													predicted
PULpy_PUL3	NZ_DS990126	112513	122426		predicted													predicted
PULpy_PUL1	NZ_GL892007	169148	197501		predicted													predicted
PULpy_PUL2	NZ_GL892007	221226	227168		predicted													predicted
PULpy_PUL1	NZ_JH815203	40636	65987		predicted													predicted
PULpy_PUL10	NZ_JH815203	1192881	1213638		predicted													predicted
PULpy_PUL2	NZ_JH815203	127423	145527		predicted													predicted
PULpy_PUL4	NZ_JH815203	518849	531294		predicted													predicted
PULpy_PUL5	NZ_JH815203	568002	581889		predicted													predicted
PULpy_PUL6	NZ_JH815203	620261	624738		predicted													predicted
PULpy_PUL7	NZ_JH815203	992895	997497		predicted													predicted
PULpy_PUL8	NZ_JH815203	1010037	1014797		predicted													predicted
PULpy_PUL9	NZ_JH815203	1128647	1133676		predicted													predicted
PULpy_PUL2	NZ_JH815204	154500	159152		predicted													predicted
PULpy_PUL3	NZ_JH815204	188498	197787		predicted													predicted
PULpy_PUL4	NZ_JH815204	491216	503184		predicted													predicted
PULpy_PUL6	NZ_JH815204	885320	906929		predicted													predicted
PULpy_PUL7	NZ_JH815204	913709	938737		predicted													predicted
PULpy_PUL1	NZ_JHZY01000004	96081	101113		predicted													predicted
PULpy_PUL10	NZ_JHZY01000004	1015095	1019956		predicted													predicted
PULpy_PUL11	NZ_JHZY01000004	1071151	1085446		predicted													predicted
PULpy_PUL12	NZ_JHZY01000004	1092706	1103128		predicted													predicted
PULpy_PUL14	NZ_JHZY01000004	1733681	1749644		predicted													predicted
PULpy_PUL15	NZ_JHZY01000004	1850228	1854883		predicted													predicted
PULpy_PUL16	NZ_JHZY01000004	1977908	1982597		predicted													predicted
PULpy_PUL2	NZ_JHZY01000004	260201	265028		predicted													predicted
PULpy_PUL3	NZ_JHZY01000004	271519	296466		predicted													predicted
PULpy_PUL4	NZ_JHZY01000004	310003	323138		predicted													predicted
PULpy_PUL5	NZ_JHZY01000004	340344	351495		predicted													predicted
PULpy_PUL6	NZ_JHZY01000004	386938	391759		predicted													predicted
PULpy_PUL7	NZ_JHZY01000004	487852	497757		predicted													predicted
PULpy_PUL8	NZ_JHZY01000004	634072	638847		predicted													predicted
PULpy_PUL9	NZ_JHZY01000004	714432	719222		predicted													predicted
PULpy_PUL1	NZ_JQNJ01000001	61074	65537		predicted													predicted
PULpy_PUL10	NZ_JQNJ01000001	2090795	2111045		predicted													predicted
PULpy_PUL11	NZ_JQNJ01000001	2124269	2129211		predicted													predicted
PULpy_PUL12	NZ_JQNJ01000001	2138620	2143672		predicted													predicted
PULpy_PUL13	NZ_JQNJ01000001	2916096	2922110		predicted													predicted
PULpy_PUL14	NZ_JQNJ01000001	3010206	3028750		predicted													predicted
PULpy_PUL15	NZ_JQNJ01000001	3043908	3064167		predicted													predicted
PULpy_PUL16	NZ_JQNJ01000001	3098938	3116202		predicted													predicted
PULpy_PUL17	NZ_JQNJ01000001	3128336	3136051		predicted													predicted
PULpy_PUL18	NZ_JQNJ01000001	3153935	3158833		predicted													predicted
PULpy_PUL19	NZ_JQNJ01000001	3310374	3316077		predicted													predicted
PULpy_PUL2	NZ_JQNJ01000001	359115	372484		predicted													predicted
PULpy_PUL20	NZ_JQNJ01000001	4361823	4366689		predicted													predicted
PULpy_PUL3	NZ_JQNJ01000001	379301	386092		predicted													predicted
PULpy_PUL5	NZ_JQNJ01000001	520104	526591		predicted													predicted
PULpy_PUL6	NZ_JQNJ01000001	565224	569911		predicted													predicted
PULpy_PUL7	NZ_JQNJ01000001	599355	614327		predicted													predicted
PULpy_PUL9	NZ_JQNJ01000001	1752619	1793183		predicted													predicted
cblaster_PUL0612_PULpy_PUL8	NZ_JQNJ01000001	972442	987719		predicted	merged												predicted
PULpy_PUL1	NZ_JQNQ01000001	164195	168602		predicted													predicted
PULpy_PUL13	NZ_JQNQ01000001	2561798	2570444		predicted													predicted
PULpy_PUL14	NZ_JQNQ01000001	2627878	2637400		predicted													predicted
PULpy_PUL15	NZ_JQNQ01000001	2706167	2710666		predicted													predicted
PULpy_PUL2	NZ_JQNQ01000001	525946	530631		predicted													predicted
PULpy_PUL3	NZ_JQNQ01000001	995018	999404		predicted													predicted
PULpy_PUL4	NZ_JQNQ01000001	1014275	1030388		predicted													predicted
PULpy_PUL5	NZ_JQNQ01000001	1309163	1313767		predicted													predicted
PULpy_PUL6	NZ_JQNQ01000001	1395811	1400859		predicted													predicted
PULpy_PUL7	NZ_JQNQ01000001	1435269	1470528		predicted													predicted
PULpy_PUL8	NZ_JQNQ01000001	1504581	1508979		predicted													predicted
cblaster_31419_PUL0236_cblaster_24469	NZ_JQNQ01000001	3564959	3582423		predicted	merged												predicted
PULpy_PUL2	NZ_KB890760	133707	140301		predicted													predicted
PULpy_PUL1	NZ_KB905472	1	9100		predicted													predicted
PULpy_PUL10	NZ_KB905472	2687308	2693885		predicted													predicted
PULpy_PUL11	NZ_KB905472	2857763	2862839		predicted													predicted
PULpy_PUL12	NZ_KB905472	2896393	2903960		predicted													predicted
PULpy_PUL13	NZ_KB905472	2904539	2911107		predicted													predicted
PULpy_PUL14	NZ_KB905472	2964790	2974154		predicted													predicted
PULpy_PUL15	NZ_KB905472	2990199	2997103		predicted													predicted
PULpy_PUL16	NZ_KB905472	3002073	3012691		predicted													predicted
PULpy_PUL17	NZ_KB905472	3073572	3087012		predicted													predicted
PULpy_PUL18	NZ_KB905472	3108550	3115600		predicted													predicted
PULpy_PUL2	NZ_KB905472	424705	444394		predicted													predicted
PULpy_PUL5	NZ_KB905472	664700	682351		predicted													predicted
PULpy_PUL6	NZ_KB905472	2241267	2248286		predicted													predicted
PULpy_PUL7	NZ_KB905472	2329884	2335344		predicted													predicted
PULpy_PUL8	NZ_KB905472	2484467	2489725		predicted													predicted
PULpy_PUL9	NZ_KB905472	2667940	2675375		predicted													predicted
PULpy_PUL12	NZ_VISB01000001	3647822	3652717		predicted													predicted
PULpy_PUL15	NZ_VISB01000001	3990154	3994790		predicted													predicted
PULpy_PUL16	NZ_VISB01000001	4324182	4343896		predicted													predicted
PULpy_PUL2	NZ_VISB01000001	354169	366479		predicted													predicted
PULpy_PUL3	NZ_VISB01000001	850561	861214		predicted													predicted
PULpy_PUL4	NZ_VISB01000001	1129212	1138616		predicted													predicted
PULpy_PUL5	NZ_VISB01000001	1310916	1326126		predicted													predicted
PULpy_PUL6	NZ_VISB01000001	1940266	1944708		predicted													predicted
PULpy_PUL7	NZ_VISB01000001	2263644	2274620		predicted													predicted
PULpy_PUL8	NZ_VISB01000001	2862699	2867333		predicted													predicted
PULpy_PUL9	NZ_VISB01000001	3070942	3087191		predicted													predicted
PULpy_PUL2	RHLF01000001	1374710	1382629		predicted													predicted
