mean_fit_time	std_fit_time	param_C	param_l1_ratio	mean_test_score	std_test_score	rank_test_score
24.446036736170452	1.1094214536468152	0.05	0	0.14132806485973082	0.0074850014026972365	7
27.828081687291462	4.701111288083313	0.05	1	0.1273578648920806	0.007920238507173698	8
38.70614735285441	2.6125534580423575	1.0	0	0.20781255202187396	0.025511149094092876	6
631.0794020493826	51.31356691850485	1.0	1	0.24990041338341365	0.03548279188910251	3
56.02690609296163	0.8683567161887241	10.0	0	0.256461206717622	0.03453006680323639	1
2188.657355705897	281.11708732754175	10.0	1	0.2525953088946815	0.03380141639171835	2
98.82050585746765	4.449556021035651	500.0	0	0.24653724054841938	0.033146397983638755	4
2168.42551501592	466.8819787646175	500.0	1	0.2453527491698876	0.03398896179118446	5
