mean_fit_time	std_fit_time	param_C	param_l1_ratio	mean_test_score	std_test_score	rank_test_score
18.68946425120036	4.777775394303709	0.05	0	0.08164880147593569	0.021862986641796756	7
24.329180320103962	5.241280823570324	0.05	1	0.059174229962367965	0.016739645577662932	8
38.133817195892334	1.1800769359361323	1.0	0	0.12298572415155845	0.016446945003245332	6
639.658141374588	50.22764965198708	1.0	1	0.15359237590141375	0.022606181217102995	5
65.70098193486531	2.918735961795985	10.0	0	0.167357645347436	0.0248732363723139	4
2319.0854597091675	78.33569934783063	10.0	1	0.17365649452262344	0.024190640315134165	1
102.57160902023315	3.8243456725119906	500.0	0	0.1725527661696784	0.02381826870329389	2
1917.47362891833	390.0041421402809	500.0	1	0.16954094201257688	0.022427760568412735	3
