mean_fit_time	std_fit_time	param_C	param_l1_ratio	mean_test_score	std_test_score	rank_test_score
26.39400362968445	0.11929913408021448	0.05	0	0.12752361175233248	0.03782456758753636	7
46.36101229985555	1.543280185227204	0.05	1	0.11790687206495339	0.034499369253136215	8
51.981950998306274	2.0095237931978343	1.0	0	0.1836908692308965	0.050807019147303345	6
704.8163136641184	229.54346547882412	1.0	1	0.21107044344930936	0.06444259876627281	5
80.44283676147461	0.9463944200599104	10.0	0	0.2215409646292171	0.0683583867117041	1
1186.1073056856792	108.40806393136285	10.0	1	0.22091360916272096	0.06653843201143594	2
120.66910592714946	6.302683192976772	500.0	0	0.21910553903667426	0.0665688825680822	3
1276.6412999629974	161.1956596835777	500.0	1	0.21766206337295738	0.06550566938006498	4
