mean_fit_time	std_fit_time	param_C	param_l1_ratio	mean_test_score	std_test_score	rank_test_score
49.63954337437948	2.910422451960208	0.05	0	0.09705200145421712	0.03632342518528846	7
135.9343470732371	40.74894803090977	0.05	1	0.057101305527620355	0.01491236930931885	8
91.43458445866902	9.75772978147957	1.0	0	0.13898917621221266	0.05627386100660397	6
842.6538732051849	112.13483937257064	1.0	1	0.1622522121018007	0.07626391699294971	1
163.1900177001953	12.659742085189079	10.0	0	0.15586972736703428	0.0782688873835473	2
1823.3523089090984	330.10999586196175	10.0	1	0.1480684578224775	0.07688297789668115	3
400.0403991540273	1.9925791598419997	500.0	0	0.1473246917066752	0.07694591561307375	4
3269.0478406747184	473.19299079193405	500.0	1	0.14174176785461404	0.07518707170615888	5
