mean_fit_time	std_fit_time	param_C	param_l1_ratio	mean_test_score	std_test_score	rank_test_score
41.44523016611735	1.2468175933912247	0.05	0	0.033286848619618045	0.010712069528834339	7
66.69201970100403	6.777148477351296	0.05	1	0.02513661326364385	0.004858427485597304	8
92.14877001444499	6.975366710510937	1.0	0	0.05135744554610735	0.021679518839605408	6
1223.60120288531	295.3620239503257	1.0	1	0.05962692889396204	0.028542903915999254	5
145.1379735469818	12.64383756276166	10.0	0	0.06319431141934029	0.030728140071868325	4
1516.9235990842183	424.35625799960366	10.0	1	0.0672844157496774	0.03464842110746792	1
382.5843939781189	18.131759079820185	500.0	0	0.06683448352229276	0.03343617454073075	2
2668.4093436400094	413.85593194414565	500.0	1	0.06413021455976993	0.030279880012246567	3
